family,name,params,note,avg_gross,dev_sharpe,dev_med_m,dev_mean_m,dev_maxdd,dev_calmar,dev_worst_m,dev_gt5,dev_vol,dev_cagr,hold_sharpe,hold_med_m,hold_mean_m,hold_maxdd,hold_calmar,hold_worst_m,hold_gt5,hold_vol,hold_cagr,all_sharpe,all_med_m,all_mean_m,all_maxdd,all_calmar,all_worst_m,all_gt5,all_vol,all_cagr
conj,disp21_q70_dd5_c50,"{""src"": ""disp21"", ""q"": 0.7, ""x"": 0.05, ""cut"": 0.5, ""lock"": 1}",,0.8989762931034483,0.8538089222498866,0.021497212688748935,0.021389602206542863,-0.5113665039109139,0.47382446890915947,-0.193243751489672,0.325,0.31124379018153076,0.2422979621335224,0.7265560746297288,0.035799083352406,0.026912381307167388,-0.3836501739486967,0.6778564105016515,-0.2624343315360317,0.45614035087719296,0.4708138859700102,0.26005972980119774,0.7843683560378368,0.02274930538144071,0.02316812428979483,-0.5113665039109139,0.48494622001509796,-0.2624343315360317,0.3672316384180791,0.37010875766986606,0.2479852531139335
conj,disp21_q70_dd5_c25,"{""src"": ""disp21"", ""q"": 0.7, ""x"": 0.05, ""cut"": 0.25, ""lock"": 1}",,0.8484644396551724,0.8605548012250852,0.017308160356250712,0.02069567157769904,-0.5176294792708367,0.4490538906068648,-0.2035584770654868,0.325,0.29317473216068524,0.2324435315593747,0.6222147499721017,0.018558107472976815,0.022096442367309243,-0.3836501739486966,0.504887361318856,-0.2797291875413882,0.38596491228070173,0.4408968894015443,0.19370012399447756,0.746298269861978,0.018558107472976815,0.021146767255709104,-0.5176294792708367,0.4247105635830077,-0.2797291875413882,0.3446327683615819,0.3475608859990472,0.21984270786829585
conj,disp21_q70_dd10_c50,"{""src"": ""disp21"", ""q"": 0.7, ""x"": 0.1, ""cut"": 0.5, ""lock"": 1}",,0.9361530172413793,0.7517087324118915,0.020028463171646527,0.019713081587422347,-0.550099247234396,0.38431204137785424,-0.193243751489672,0.3333333333333333,0.3268872097332071,0.21140976466507166,0.7602946404033958,0.03656427759359149,0.028666968180345354,-0.38531985374435285,0.7422204730038203,-0.2624343315360317,0.47368421052631576,0.4870882359630961,0.28599228410389643,0.7410131708219289,0.022173261516809095,0.02259653659192298,-0.550099247234396,0.4270537659570665,-0.2624343315360317,0.3785310734463277,0.3857092937692477,0.2349219551815962
conj,disp21_q70_dd10_c25,"{""src"": ""disp21"", ""q"": 0.7, ""x"": 0.1, ""cut"": 0.25, ""lock"": 1}",,0.904229525862069,0.7094999498048351,0.017308160356250712,0.01816345225030759,-0.5727943511716314,0.32950595217941675,-0.21144105667275714,0.3333333333333333,0.31376912120197753,0.1887391480857996,0.6858783933389461,0.024891142466812566,0.024984473624543795,-0.38365017394869694,0.609315924359394,-0.2797291875413882,0.42105263157894735,0.462453268350161,0.23376416037019254,0.6873189782494696,0.02065472823206238,0.020360052353875183,-0.5733703963786259,0.35412281644753324,-0.2797291875413882,0.3615819209039548,0.36816372464088243,0.2030435396332375
conj,disp21_q80_dd5_c50,"{""src"": ""disp21"", ""q"": 0.8, ""x"": 0.05, ""cut"": 0.5, ""lock"": 1}",,0.9248383620689655,0.7803875087044289,0.01869596601197765,0.020144877744771448,-0.5352954866638051,0.4177759371857979,-0.18956387931750396,0.3,0.32817446846460635,0.22363357361229896,0.8173746638216742,0.04899326182949526,0.031432399739929624,-0.39911078042325643,0.8067522628302066,-0.24874808036218532,0.49122807017543857,0.48622020015859446,0.32198352522639184,0.7810675546282081,0.02065472823206238,0.023779842455076618,-0.5352954866638051,0.475347884820989,-0.24874808036218532,0.3615819209039548,0.38610320479385274,0.2544515773398617
conj,disp21_q80_dd5_c25,"{""src"": ""disp21"", ""q"": 0.8, ""x"": 0.05, ""cut"": 0.25, ""lock"": 1}",,0.8872575431034483,0.7545150493199149,0.015503690973888262,0.01889793387415804,-0.5530669574343682,0.3736110310729143,-0.17540306565178287,0.3,0.31541555121319537,0.2066319162194139,0.7752111047529786,0.024891142466812566,0.029008718978000936,-0.40206331931210804,0.709982031001357,-0.2595572897891454,0.47368421052631576,0.461315820261296,0.2854577320363576,0.7499404010475796,0.018558107472976815,0.02215394941607355,-0.5530669574343682,0.41848752814805423,-0.2595572897891454,0.3559322033898305,0.3686649133497682,0.23145162391707386
conj,disp21_q80_dd10_c50,"{""src"": ""disp21"", ""q"": 0.8, ""x"": 0.1, ""cut"": 0.5, ""lock"": 1}",,0.9508351293103449,0.7534695963339911,0.020143447572973372,0.020085907204304608,-0.5352954866638049,0.40599154607264876,-0.18956387931750396,0.325,0.3370301537734019,0.2173254422363491,0.7948196033446568,0.04899326182949526,0.03080131689966699,-0.4101750721192685,0.7622415591502002,-0.24874808036218532,0.49122807017543857,0.4994017695361836,0.31265248649673705,0.7564043228593665,0.020902574159400222,0.023536632360438254,-0.5352954866638049,0.46183080636001184,-0.24874808036218532,0.3785310734463277,0.3965461353871403,0.24721594624681997
conj,disp21_q80_dd10_c25,"{""src"": ""disp21"", ""q"": 0.8, ""x"": 0.1, ""cut"": 0.25, ""lock"": 1}",,0.9262526939655172,0.7189033108254442,0.019517182512557518,0.018785833143796105,-0.553066957434368,0.35896590769382525,-0.21144105667275714,0.325,0.32689394084563095,0.1985321823908901,0.7466429534060463,0.024891142466812566,0.02831895044513178,-0.4183577221059158,0.6562924128571181,-0.2595572897891454,0.47368421052631576,0.47857911680295734,0.2745649988782992,0.7177139972808444,0.02065472823206238,0.02185582007134488,-0.553066957434368,0.4022787329015418,-0.2595572897891454,0.3728813559322034,0.38227199225927405,0.2224870748464085
conj,own20_q70_novolonly_c50,"{""src"": ""own20"", ""q"": 0.7, ""x"": 0.0, ""cut"": 0.5, ""lock"": 1}",,0.8186961206896551,0.747422840869574,0.02104417884812204,0.01575044785260239,-0.3551452024701902,0.4916182212156428,-0.17228262721582677,0.2916666666666667,0.2613279379410449,0.17459585271166422,0.9700006023413166,0.04460862633080165,0.032411769062911745,-0.3195383963226258,1.180888181314611,-0.22725513993497026,0.49122807017543857,0.42279727006086804,0.377339115693613,0.8206143469441681,0.024165394003325513,0.021115958072871505,-0.42790557919995453,0.5523185585880209,-0.22725513993497026,0.3559322033898305,0.32223503556512384,0.23634019271549112
conj,own20_q80_novolonly_c50,"{""src"": ""own20"", ""q"": 0.8, ""x"": 0.0, ""cut"": 0.5, ""lock"": 1}",,0.8701508620689655,0.8666827993751838,0.0206969026598941,0.020213912453967357,-0.3471080552721636,0.6574227818062585,-0.20327855580430643,0.3,0.284020687893962,0.22819674328438633,0.8859193039837273,0.04546583326046316,0.032653286954871776,-0.4012299822311809,0.8896070792719651,-0.23341202250848403,0.49122807017543857,0.4692362453404388,0.3569370326090233,0.8487198248895242,0.024165394003325513,0.024219812716970476,-0.48378864524752985,0.5544295358167983,-0.23341202250848403,0.3615819209039548,0.3543074755123078,0.26822671401802567
conj,disp21_q70_novolonly_c50,"{""src"": ""disp21"", ""q"": 0.7, ""x"": 0.0, ""cut"": 0.5, ""lock"": 1}",,0.822332974137931,0.8241268258722502,0.015561984579699484,0.01955021122225177,-0.4939426143160317,0.443050169454517,-0.193243751489672,0.3,0.292367018473094,0.21884135897352497,0.8136021826712934,0.03656427759359149,0.028380532540802573,-0.38365017394869694,0.778844929041491,-0.2547603904967354,0.47368421052631576,0.4406229992826477,0.29880399250582856,0.8033538008930738,0.022173261516809095,0.02239387401975118,-0.4939426143160317,0.4940184254451609,-0.2547603904967354,0.3559322033898305,0.3470039474009528,0.24401675258467237
conj,disp21_q80_novolonly_c50,"{""src"": ""disp21"", ""q"": 0.8, ""x"": 0.0, ""cut"": 0.5, ""lock"": 1}",,0.8755387931034483,0.7219567605578323,0.016609679651590548,0.01802945027893422,-0.5354675953637078,0.3654428747839993,-0.1861059086700959,0.275,0.3183219912552975,0.19568281740338866,0.8681534768557703,0.05571248660512351,0.032095962732998765,-0.38365017394869694,0.8947241659559597,-0.24874808036218532,0.5087719298245614,0.46381818065070124,0.34326108190510674,0.7685687801673067,0.019632166913884364,0.022559344120073647,-0.5354675953637078,0.45064332543774205,-0.24874808036218532,0.3502824858757062,0.37137697328562175,0.24130489783885256
conj,ddonly_dd5_q70_c50,"{""src"": ""none"", ""q"": 0.7, ""x"": 0.05, ""cut"": 0.5, ""lock"": 1}",,0.7471713362068966,0.7096274989127467,0.011363618492503114,0.014551879141280751,-0.3154109320508873,0.5125799718123273,-0.14037856456073616,0.25833333333333336,0.25848127656546616,0.16167332665994372,0.7472964716856145,0.028603577515766476,0.02240398367167896,-0.3445012746158842,0.6824239617392538,-0.17064958719959,0.3684210526315789,0.3784084286013063,0.23509592464759432,0.7125975673166205,0.014050230955003462,0.017080522973103904,-0.45618982787431883,0.40511116910158645,-0.17064958719959,0.2937853107344633,0.3022651804786328,0.1848075945024168
conj,ddonly_dd10_q70_c50,"{""src"": ""none"", ""q"": 0.7, ""x"": 0.1, ""cut"": 0.5, ""lock"": 1}",,0.8578933189655172,0.7069668096602777,0.015142735075293623,0.01665919249990705,-0.38665747205126466,0.4617502386182167,-0.17231526962200494,0.2916666666666667,0.2940046586429888,0.1785391799831879,0.7356936667987328,0.029171714323419362,0.02377252940681456,-0.38026474702067736,0.6542712483479215,-0.17985805721056713,0.42105263157894735,0.4250953132475094,0.24879629073592513,0.7071136089361856,0.015484282091844381,0.018949928113995908,-0.4538954044598985,0.44217631498044907,-0.17985805721056713,0.3333333333333333,0.341669246017558,0.20070179733063842
conj,ddonly_dd5_q80_c50,"{""src"": ""none"", ""q"": 0.8, ""x"": 0.05, ""cut"": 0.5, ""lock"": 1}",,0.7471713362068966,0.7096274989127467,0.011363618492503114,0.014551879141280751,-0.3154109320508873,0.5125799718123273,-0.14037856456073616,0.25833333333333336,0.25848127656546616,0.16167332665994372,0.7472964716856145,0.028603577515766476,0.02240398367167896,-0.3445012746158842,0.6824239617392538,-0.17064958719959,0.3684210526315789,0.3784084286013063,0.23509592464759432,0.7125975673166205,0.014050230955003462,0.017080522973103904,-0.45618982787431883,0.40511116910158645,-0.17064958719959,0.2937853107344633,0.3022651804786328,0.1848075945024168
conj,ddonly_dd10_q80_c50,"{""src"": ""none"", ""q"": 0.8, ""x"": 0.1, ""cut"": 0.5, ""lock"": 1}",,0.8578933189655172,0.7069668096602777,0.015142735075293623,0.01665919249990705,-0.38665747205126466,0.4617502386182167,-0.17231526962200494,0.2916666666666667,0.2940046586429888,0.1785391799831879,0.7356936667987328,0.029171714323419362,0.02377252940681456,-0.38026474702067736,0.6542712483479215,-0.17985805721056713,0.42105263157894735,0.4250953132475094,0.24879629073592513,0.7071136089361856,0.015484282091844381,0.018949928113995908,-0.4538954044598985,0.44217631498044907,-0.17985805721056713,0.3333333333333333,0.341669246017558,0.20070179733063842
