top_n,sig,k,h,gate,dev_sh,dev_mean,dev_med,hold_sh,hold_mean,hold_med,dev_dd,hold_dd
300,C1_mom+rev,10,5,False,0.5649489186086063,0.014836887131920417,0.017473014188430724,0.771481558299268,0.03060322244357075,0.024188965732937273,-0.5122291501301344,-0.4226880747244881
300,C1_mom+rev,10,5,True,0.3171842066798618,0.006852346798477324,0.0030140206193901564,0.5628768446563315,0.019368696899072526,0.0,-0.5122291501301344,-0.40619921205008913
300,C1_mom+rev,10,21,False,0.6631456288077654,0.016983888787718688,0.011655641962258545,0.8462654196973532,0.03203363786363097,0.030328538941576832,-0.5041402945768036,-0.38768564239290815
300,C1_mom+rev,10,21,True,0.4818118810650136,0.010793282179501021,0.004010380842243699,0.5749588733097599,0.018855756494519357,0.0,-0.5041402945768035,-0.41535517438217806
300,C1_mom+rev,25,5,False,0.6299699180589289,0.013746602240018002,0.01780451282921358,0.6850714690566543,0.022163795974758236,0.024821537024079632,-0.4220131102859659,-0.38559018928909483
300,C1_mom+rev,25,5,True,0.3996442588797203,0.007276754283202971,0.012004244091484484,0.4770912161077838,0.013166466519068248,0.0,-0.42201311028596566,-0.36503885964583715
300,C1_mom+rev,25,21,False,0.7134716010973364,0.015109021244459698,0.015325610787013666,0.7358382798754937,0.022384639133516567,0.023191944835114553,-0.42239493784504945,-0.362006575493936
300,C1_mom+rev,25,21,True,0.5198930625643843,0.00950433428465206,0.0076797511179671485,0.45346065237028593,0.011506572366873498,0.0020069142131287077,-0.42239493784504967,-0.3770026446128918
300,C2_mom+rev+52wh,10,5,False,0.44170942317579526,0.009614818396999245,0.012121263219668554,0.8194580291083412,0.028726061858027736,0.020350896595677126,-0.4763743666202155,-0.40619217709235544
300,C2_mom+rev+52wh,10,5,True,0.23176727135225353,0.004181468716292043,0.005355193737581199,0.6547566268437629,0.01990815135156783,0.0,-0.4771333561011931,-0.35538797880147754
300,C2_mom+rev+52wh,10,21,False,0.6868301030753329,0.015451928902344288,0.015338499172840359,0.935860224487702,0.03097392830956124,0.024797798201785515,-0.44033658356634586,-0.3596146834615527
300,C2_mom+rev+52wh,10,21,True,0.5078196215306181,0.010227156840520965,0.010223153603373558,0.692915854188575,0.020312828775457027,0.0,-0.44033658356634586,-0.32887110780523665
300,C2_mom+rev+52wh,25,5,False,0.604179532342028,0.011382935570310367,0.013594194571858176,0.7243834248049905,0.01977861556048765,0.02664111162940097,-0.3568874359564338,-0.3380125747563484
300,C2_mom+rev+52wh,25,5,True,0.402618956903693,0.006598153404930301,0.010168270221110554,0.5708387942400637,0.013470126583760919,0.0,-0.3568874359564339,-0.2849023573111297
300,C2_mom+rev+52wh,25,21,False,0.7413201494783214,0.0138682319704367,0.016499885803846426,0.7938648412874452,0.020475681349753104,0.01996929159286709,-0.3632318637558506,-0.30836741159663206
300,C2_mom+rev+52wh,25,21,True,0.568089586188909,0.00938275824338401,0.012854359511275892,0.5533469012041957,0.012346035462099532,0.00552311437179509,-0.36323186375585015,-0.2896170864738228
300,C3_mom+rev+52wh+lowvol,10,5,False,0.4205312558059672,0.006199674478677908,0.004673794040620294,0.698208039018445,0.012274329668027604,0.00967475783707683,-0.3264487519818736,-0.24200635682183458
300,C3_mom+rev+52wh+lowvol,10,5,True,0.21614108329512685,0.002624300144505794,0.0013709163807590352,0.6649345381767808,0.009283839810721272,0.0014558139622562472,-0.30574372399761207,-0.16689683267496602
300,C3_mom+rev+52wh+lowvol,10,21,False,0.7340598908299286,0.010832657143289163,0.012337084293757905,0.885919434974606,0.014114027344377028,0.012996912119149329,-0.3209235963185679,-0.2061614237026319
300,C3_mom+rev+52wh+lowvol,10,21,True,0.5577569086345167,0.007061665946803771,0.009517146624013928,0.6853561814211311,0.008780402289836488,0.003589501100293324,-0.2568538618825704,-0.18522108997846254
300,C3_mom+rev+52wh+lowvol,25,5,False,0.5356897278553828,0.007139497956460418,0.009885814226123668,0.4644213705750002,0.006561721818784348,4.485365963469157e-05,-0.31094684645744775,-0.21318065574603196
300,C3_mom+rev+52wh+lowvol,25,5,True,0.3420006390605818,0.003865310749478325,0.007394697545406781,0.4378152980571243,0.0047593939458263354,0.0,-0.2372530038929307,-0.1723088870410484
300,C3_mom+rev+52wh+lowvol,25,21,False,0.8105767574817105,0.010807485515308645,0.01394460837175815,0.7134683139246865,0.009729003283047873,0.016421009249184326,-0.3122730465851068,-0.18572967287448172
300,C3_mom+rev+52wh+lowvol,25,21,True,0.6494940631162076,0.007320398175191066,0.011157330029752277,0.5749204871706273,0.006071519977534953,0.0031699446917217156,-0.17274428294453614,-0.1742207652979756
300,C4_mom6+rev1atr+clv,10,5,False,0.5436143673721723,0.013132912409598067,0.007605792462649252,0.5694444199731115,0.018735656107473762,0.021068680541382223,-0.49145015312485285,-0.3860031423531769
300,C4_mom6+rev1atr+clv,10,5,True,0.3653679052000565,0.007981737612790592,0.00260197872950918,0.38548025610194897,0.010796457702611758,0.0,-0.43605272370974146,-0.3284032011407071
300,C4_mom6+rev1atr+clv,10,21,False,0.5850931235339872,0.013777103390547453,0.014057678679272323,0.7101652911358032,0.023748631298755023,0.03145511860348882,-0.4808924619975571,-0.36146481627742233
300,C4_mom6+rev1atr+clv,10,21,True,0.4001202016070306,0.008436769579656868,0.009235496063249693,0.4373652093232962,0.01235399649130241,0.003804627741954114,-0.48089246199755686,-0.32772029574850303
300,C4_mom6+rev1atr+clv,25,5,False,0.6206637880312451,0.012151641357876157,0.011229283377043875,0.49493132879923174,0.012836314297024663,0.016366272515793368,-0.417489112919019,-0.3229094999348
300,C4_mom6+rev1atr+clv,25,5,True,0.42806793444285923,0.0074325198681127105,0.00635222475273578,0.3100979269178415,0.00675167625250946,0.0,-0.353433410984331,-0.2737288637846066
300,C4_mom6+rev1atr+clv,25,21,False,0.7320342252531763,0.01431000241318892,0.017964344362247475,0.6693187461393477,0.017695592362811922,0.0278321652910567,-0.3832853077675048,-0.31583584432510325
300,C4_mom6+rev1atr+clv,25,21,True,0.5408536368736299,0.009347911295131739,0.01268316288651361,0.40067247616075785,0.008842456459411523,0.0007764108224188604,-0.33332523255169566,-0.3064970914762458
300,C5_mom+idiovol,10,5,False,0.6565501249272749,0.021315744351959567,0.02075111301765098,0.6800644013500892,0.033415169744171316,0.04187058838924074,-0.49334696495960306,-0.550418929483951
300,C5_mom+idiovol,10,5,True,0.468764865171339,0.013509770337721353,0.015525413694304047,0.5102168102471418,0.022463683738764624,0.0,-0.4933469649596036,-0.4913363151023379
300,C5_mom+idiovol,10,21,False,0.6065057334290509,0.019257063379589413,0.015776214541348033,0.7403703628049738,0.03677965894694943,0.02970253204929274,-0.5321002791574627,-0.5163784117515813
300,C5_mom+idiovol,10,21,True,0.44184144427122335,0.012415693530531942,0.008877597125419578,0.5199068784871691,0.022953887434043328,0.0,-0.5321002791574629,-0.48841448999342174
300,C5_mom+idiovol,25,5,False,0.6898961620790726,0.017642822806694984,0.01278913111395008,0.707617264351114,0.027904534388901947,0.026433306872740703,-0.4942292444785207,-0.441786052260295
300,C5_mom+idiovol,25,5,True,0.5112829812087842,0.011484568218486561,0.007188579180750998,0.49909276104314304,0.0169965678772669,0.0,-0.4942292444785207,-0.4247374674422789
300,C5_mom+idiovol,25,21,False,0.6603605931763865,0.016628331031926243,0.011512112594971202,0.7303382951040819,0.028988974545807403,0.02442015010230003,-0.507994377389388,-0.4467944476955197
300,C5_mom+idiovol,25,21,True,0.46741504033573644,0.010316959632634185,0.005623252661071665,0.4909044268176785,0.01677549532313391,0.0,-0.507994377389388,-0.42783289565564886
300,SN_mom12,10,5,False,0.7039902057294944,0.02172029770481755,0.01553415472050046,0.7485162546145507,0.033450812829504295,0.0011320456848467053,-0.48783081990763344,-0.493638897058292
300,SN_mom12,10,5,True,0.4846631584624381,0.013564122762048375,0.013998712877519748,0.597412680897877,0.023446588402258547,0.0,-0.48783081990763344,-0.40009220238657217
300,SN_mom12,10,21,False,0.6718042872188109,0.020199298536572062,0.020700287969677933,0.8292472051280966,0.03784041233609865,0.007395994483168966,-0.5155033406374712,-0.5073011137137726
300,SN_mom12,10,21,True,0.4538368768154061,0.012248429918805825,0.008463739097704925,0.6410679421079378,0.025328724999072485,0.0,-0.5155033406374712,-0.41920351996292404
300,SN_mom12,25,5,False,0.7294210963240625,0.01714789916218677,0.012003200653120438,0.7276423423272582,0.025022996669289196,0.021500549970588034,-0.4498386009697679,-0.429571144289976
300,SN_mom12,25,5,True,0.5692159441616487,0.012103859285627043,0.009618979494323887,0.5861552300457379,0.01750528424974382,0.0,-0.4498386009697677,-0.3467439714535704
300,SN_mom12,25,21,False,0.7679779887206809,0.017890844353902743,0.012447900218610863,0.7404725229628158,0.025409762744954965,0.01947737164629859,-0.4595039926666785,-0.3993290544940844
300,SN_mom12,25,21,True,0.5810490513470303,0.012195951724464459,0.010869089426585488,0.5318030579673416,0.015621930627570207,0.0,-0.4595039926666784,-0.34679634822242844
300,SN_mom6,10,5,False,0.7293197612229291,0.020765074616010574,0.017757444538859746,0.8319908503829759,0.03390467861757853,0.040974985744136605,-0.5255606823839614,-0.46448200092241787
300,SN_mom6,10,5,True,0.5720159646851947,0.01502532153625651,0.011534661301339622,0.5713158348086231,0.020193364425803464,0.0,-0.5255606823839618,-0.4107134726673086
300,SN_mom6,10,21,False,0.6807797817274849,0.018934199069382537,0.016529387050591704,0.8315813313242524,0.0337481299941993,0.03141376776330307,-0.5438518895179137,-0.4602743496872309
300,SN_mom6,10,21,True,0.5125677215498252,0.013013318574434855,0.013004094932468901,0.5269693079848934,0.017969809395503866,0.0,-0.5438518895179136,-0.4239803875189636
300,SN_mom6,25,5,False,0.7556583953965833,0.01677692530191328,0.014395534446652869,0.5628671646585743,0.016933561272606912,0.01203748165315388,-0.43126741531501434,-0.40973536399834753
300,SN_mom6,25,5,True,0.6131763272765646,0.012339219517013287,0.008377002404571954,0.31397619319696746,0.007862778253183603,0.0,-0.3984798674664015,-0.3371337008457872
300,SN_mom6,25,21,False,0.7557625829142014,0.01666306231652355,0.01741115820147532,0.6437973862249576,0.01970568176607313,0.016709062411989883,-0.4171818043510135,-0.409801934325971
300,SN_mom6,25,21,True,0.6000381021640966,0.011874388314509998,0.012401935697984645,0.33967039906331326,0.008462888367628875,0.0,-0.40904674226764626,-0.33884929063960445
300,SN_rev5,10,5,False,0.33273346026960093,0.007469660294951887,0.010394759861949598,0.4875612001931238,0.014952495291529326,0.011366111098357834,-0.5413222471044368,-0.484541796521346
300,SN_rev5,10,5,True,0.08339051248297266,0.0006405254158662129,0.0007199879776279561,0.33085839846711407,0.008349973417226911,0.0,-0.45395299045209725,-0.45683835544939544
300,SN_rev5,10,21,False,0.545022806576685,0.012210811487786207,0.013789496679740387,0.42987423377736267,0.012136324626035597,0.021671275286355485,-0.48561892487029745,-0.4906336700128674
300,SN_rev5,10,21,True,0.32736593133670794,0.006004132823919374,0.0037936048969573477,0.25980309435351323,0.00635746951626822,0.0,-0.4207900408731645,-0.4813841789243696
300,SN_rev5,25,5,False,0.40155482666027853,0.008126547018379345,0.010662783147568189,0.41194412689598364,0.01080416498836001,0.019400774708617785,-0.517230707025575,-0.4122708491390271
300,SN_rev5,25,5,True,0.13065782705315082,0.0016782095861261255,0.004651491821291098,0.21078962049370004,0.0045351703486035625,0.0,-0.4310754475052462,-0.4175628614393604
300,SN_rev5,25,21,False,0.602252609862551,0.011776455908604362,0.016778997346002078,0.42415779100187323,0.010277339288435524,0.014104199894266367,-0.454905524189709,-0.42271115230214074
300,SN_rev5,25,21,True,0.390900175660509,0.0061958468516907835,0.0022935722050750895,0.21209850603043587,0.0042204106126384365,0.0,-0.36626130374910926,-0.42935876189336986
300,SN_C1,10,5,False,0.456632164559077,0.011641481829408955,0.01304971828506829,0.7707845062508698,0.030277393454527207,0.024873902971003448,-0.5290089995482918,-0.445659387633042
300,SN_C1,10,5,True,0.24306417348704135,0.004992136818095888,0.0035147176278401693,0.6203785803880782,0.02139609555424896,0.0,-0.5290089995482923,-0.3951524914887943
300,SN_C1,10,21,False,0.5910826036041504,0.014961952782807425,0.012885176897395545,0.7897487696904146,0.029518553090365874,0.02959114013938713,-0.5058694388681382,-0.3917160514495872
300,SN_C1,10,21,True,0.39835196859654787,0.008799420455588765,0.0037115528147745325,0.5760263896879533,0.01871769106868888,0.010652694928836803,-0.505869438868138,-0.40540223239411943
300,SN_C1,25,5,False,0.5564324257266834,0.011891369687195057,0.011067106290464923,0.6551197316695229,0.02012548723694495,0.021594164490234213,-0.44162791459560446,-0.37288695456955234
300,SN_C1,25,5,True,0.3298277501760492,0.0058437627733701186,0.006473984660931964,0.4446894529136769,0.01162586869857537,0.0,-0.4416279145956047,-0.37921071066964984
300,SN_C1,25,21,False,0.6820765550591422,0.014306177517194837,0.011093960427798089,0.6885728617451343,0.020310746776024517,0.02512581074612652,-0.42354009404340975,-0.3493141526509064
300,SN_C1,25,21,True,0.4848955962664105,0.008789480792751814,0.008006880776241898,0.4434731561963162,0.010985594345634515,0.006946261689952937,-0.4235400940434101,-0.38276759027727225
1000,C1_mom+rev,10,5,False,0.7131159652434361,0.023244398118381897,0.022325726319824324,0.5922127611906742,0.022139919783140324,0.046468661763204855,-0.6849432796919815,-0.42685052947415014
1000,C1_mom+rev,10,5,True,0.4861393627237499,0.013683994347919164,0.012761394907741419,0.25450388193722073,0.0073612834990036975,0.0006202506549635167,-0.6316645281603339,-0.4028277505028187
1000,C1_mom+rev,10,21,False,0.8375809520898841,0.025289524699785796,0.014273696419211723,0.7373943764219277,0.02710861588243014,0.04026021520148215,-0.5323837233998834,-0.3822063903293028
1000,C1_mom+rev,10,21,True,0.6677337782672984,0.01759447451163882,0.007311106877162299,0.34792147725303757,0.010518460336218734,0.0,-0.4787693759014596,-0.3906049388043431
1000,C1_mom+rev,25,5,False,0.6347697201036163,0.017451716082937295,0.014512340828256698,0.6418892372799357,0.021878080790226878,0.03305478921382554,-0.5770027603356847,-0.3985873111701247
1000,C1_mom+rev,25,5,True,0.4014120735009422,0.00920594868360989,0.010052213435481794,0.34136850907884186,0.009518975899190853,0.004368765014806986,-0.5242458271099146,-0.36294108421219806
1000,C1_mom+rev,25,21,False,0.774548247194036,0.02040040977004036,0.016859383542204398,0.737849778168484,0.024034510224428256,0.03323080777821019,-0.4687280886720948,-0.3624980557776829
1000,C1_mom+rev,25,21,True,0.6057560479781908,0.013688479525132828,0.010163915590925887,0.3738670109339655,0.009968893571277065,0.0,-0.4144269152129285,-0.36509145320741077
1000,C2_mom+rev+52wh,10,5,False,0.4234831285225799,0.011284167021312881,0.013732712454924134,0.45137496403516947,0.015464562402747564,0.022663632906373188,-0.6407965244074795,-0.4798841850326415
1000,C2_mom+rev+52wh,10,5,True,0.24062435904987525,0.005529206478189831,0.004981458748233747,0.2238061874976242,0.00629388713898105,0.0,-0.6243601394297997,-0.3863140146381907
1000,C2_mom+rev+52wh,10,21,False,0.743393959134684,0.019932657400486473,0.01595350004328322,0.7656588870090176,0.025074876069269614,0.028181362081308947,-0.47114834288620766,-0.38083264995235633
1000,C2_mom+rev+52wh,10,21,True,0.5782879660607202,0.013696250698126992,0.01343832111007881,0.504504033163126,0.014345083425527129,0.0,-0.42932118048342305,-0.3194374455759117
1000,C2_mom+rev+52wh,25,5,False,0.521070332185953,0.012017885360985593,0.01357323909494268,0.6551313205421261,0.019743476040863107,0.01872842526727747,-0.5062549827574134,-0.3701906537532801
1000,C2_mom+rev+52wh,25,5,True,0.3562801813299859,0.007204172183020247,0.007349289279773519,0.49074358712620453,0.012528888324789163,0.0,-0.5157659760855959,-0.28576470144900246
1000,C2_mom+rev+52wh,25,21,False,0.7548035472680764,0.017542283353609547,0.01729865680186049,0.8294596295134904,0.02387475670392794,0.021778401129778135,-0.41597522355976047,-0.32900729417928787
1000,C2_mom+rev+52wh,25,21,True,0.6070600396595518,0.012451067729272357,0.011588338755733507,0.5697357284243061,0.014034188037680941,0.005594689022667243,-0.3579857926462855,-0.29285921167789164
1000,C3_mom+rev+52wh+lowvol,10,5,False,0.21953648692392647,0.003169021632923518,0.0038391769087254835,0.6571968295233219,0.011912589789409966,0.008744020049915147,-0.5053321255245549,-0.2508092616979518
1000,C3_mom+rev+52wh+lowvol,10,5,True,-0.01015499219650938,-0.000724168480430835,8.17671648500884e-06,0.5727727972995046,0.008386657731962184,0.0013648459363073684,-0.5117611005082288,-0.1676240218331836
1000,C3_mom+rev+52wh+lowvol,10,21,False,0.5926697006226861,0.009890790909641215,0.012998814414961868,0.943043819056834,0.016340126495800685,0.008866464676462016,-0.34708265401504346,-0.19539127682558177
1000,C3_mom+rev+52wh+lowvol,10,21,True,0.37886190139573456,0.005450097403680543,0.006522604955161104,0.7129502268871377,0.010152581898117597,0.0010826314304985818,-0.34225891041368406,-0.1828276767917827
1000,C3_mom+rev+52wh+lowvol,25,5,False,0.3826218535510373,0.0056233423181166154,0.007621387902745358,0.536245450753792,0.00826203485490569,0.008681396830112709,-0.3427469052754256,-0.23545884148631946
1000,C3_mom+rev+52wh+lowvol,25,5,True,0.19826887497743886,0.0024010842515381965,0.002871115047738626,0.5657598058325515,0.006967019589916697,0.004291995034887197,-0.3759314505308149,-0.18767682370943972
1000,C3_mom+rev+52wh+lowvol,25,21,False,0.6673510453152097,0.010027091467039107,0.013225215846880967,0.8475484136870282,0.012847503840250529,0.009948919789704469,-0.3478526150088459,-0.18416245880566495
1000,C3_mom+rev+52wh+lowvol,25,21,True,0.47678494585037257,0.006135313492925992,0.009852568453701416,0.686857273508184,0.008344129662992368,0.00019968273956250115,-0.26490593469438206,-0.1930014283951883
1000,C4_mom6+rev1atr+clv,10,5,False,0.6085002194273317,0.01748511619867447,0.011361579600434935,0.4233866265478282,0.012974002741456908,0.021016980409303,-0.5218735087971347,-0.4940358742655949
1000,C4_mom6+rev1atr+clv,10,5,True,0.43233801419363704,0.011258706546935926,0.009537671816088,0.1407746469414098,0.003022450504209349,0.0,-0.5326010121349769,-0.44830666816590614
1000,C4_mom6+rev1atr+clv,10,21,False,0.7430699168750787,0.02017427818785579,0.018707898899148256,0.6026626493107701,0.018817161767987728,0.02392964528894126,-0.47658605579544866,-0.38211947227032583
1000,C4_mom6+rev1atr+clv,10,21,True,0.5853762930542722,0.014230834722911175,0.014937879287930778,0.2569751737217503,0.006384700391701575,0.0,-0.4595398338334623,-0.36877420820483364
1000,C4_mom6+rev1atr+clv,25,5,False,0.6520103321098817,0.01596155497821954,0.016143617226593965,0.4405902239992936,0.012345919165875695,0.0028783022324183616,-0.5076770950677533,-0.3880317387290504
1000,C4_mom6+rev1atr+clv,25,5,True,0.4858611681578242,0.01071741908232835,0.008749430022241267,0.20768929942093445,0.004569148691488697,0.0,-0.417450165199291,-0.3290200544408546
1000,C4_mom6+rev1atr+clv,25,21,False,0.765207757459096,0.018325635201833092,0.014720119045910751,0.589335465021645,0.01677142444860247,0.0202648415083182,-0.45455424727307214,-0.34147708404587984
1000,C4_mom6+rev1atr+clv,25,21,True,0.6098785619349356,0.01304494604289821,0.00985739195378521,0.2803719718140587,0.006414636849426934,0.003558997337372194,-0.38235741028016135,-0.3310858512206012
1000,C5_mom+idiovol,10,5,False,0.7985385670379825,0.03135370909231605,0.02629963381063427,0.6067652461080469,0.02836635135050009,0.027242537098551844,-0.6872653163303789,-0.5080469167254864
1000,C5_mom+idiovol,10,5,True,0.7234751243405784,0.025483318898715586,0.015233119522964023,0.3221765595700202,0.01212187574915398,0.001366102726044538,-0.569433613230316,-0.5080469167254862
1000,C5_mom+idiovol,10,21,False,0.7898172747539594,0.03034458562313076,0.0227034606401455,0.6166909270914777,0.027268224164504952,0.037215834070889686,-0.6716035805982126,-0.501418093220197
1000,C5_mom+idiovol,10,21,True,0.6914390451190803,0.023617319304806,0.014413160712385964,0.3627216183017069,0.0130270281150356,0.012481150225395421,-0.5381014681647667,-0.501418093220197
1000,C5_mom+idiovol,25,5,False,0.7987554648119164,0.02655712023771041,0.018923689478623107,0.6169818747461139,0.025265192737504365,0.014146215044279709,-0.5999691505192157,-0.4471463365769319
1000,C5_mom+idiovol,25,5,True,0.6642232717537989,0.019725027094816265,0.01390422828602611,0.3810290216358165,0.013618921920170978,0.0006468434448327898,-0.5000393105000864,-0.41134121702827575
1000,C5_mom+idiovol,25,21,False,0.822820480402726,0.026800173688413573,0.020579594225324516,0.6274996470270796,0.025706676162402367,0.022829447019275806,-0.5745413015375511,-0.4525782981858065
1000,C5_mom+idiovol,25,21,True,0.6883597298306429,0.019898654157017862,0.014364721854336904,0.3610239974274107,0.01277340250644073,0.0,-0.4757146601086566,-0.40971523913366614
1000,SN_mom12,10,5,False,0.8447345611175552,0.03156540235295222,0.017159355329460446,0.6101471446599288,0.025432152688895645,0.007907447745767238,-0.6577719239888576,-0.4614746973135947
1000,SN_mom12,10,5,True,0.735071206853567,0.02499025824431293,0.007823291349875139,0.4052703844350689,0.014443930574120453,0.0,-0.5835190800439176,-0.4556652798221933
1000,SN_mom12,10,21,False,0.8150970525782689,0.029900068431151894,0.016756025222113946,0.6855336048548009,0.02862191837042454,0.01352815473962976,-0.6501717381760004,-0.4919560874885266
1000,SN_mom12,10,21,True,0.6907475887313315,0.023086462408645123,0.010454851144201527,0.5036052349124875,0.018292036833730003,0.0,-0.5858700390881374,-0.45133159871610196
1000,SN_mom12,25,5,False,0.7727914057252796,0.023581730332511056,0.015093757903536065,0.6649072240921761,0.025003500586693716,0.009797207528046137,-0.49587167919897135,-0.39369270145524493
1000,SN_mom12,25,5,True,0.6381747398584582,0.017616681472691444,0.005723867548937722,0.48821585586180855,0.016105679242948187,0.0,-0.4355111893156288,-0.3494662939588694
1000,SN_mom12,25,21,False,0.7648385524751742,0.022986663706661473,0.018094163235249705,0.6840814529312326,0.02584561803274845,0.0073091669522991065,-0.5159567146411262,-0.4067190899335723
1000,SN_mom12,25,21,True,0.6234008608052488,0.016854166133233654,0.01219900563721843,0.4783646450877242,0.01569630434444145,0.0016256708973751977,-0.4476532294723088,-0.36086165191882935
1000,SN_mom6,10,5,False,0.6501233447861681,0.023192233273802394,0.020522776008775168,0.3583007170671076,0.010273554048797703,-0.008229937709267499,-0.5927114367465186,-0.5475100662965684
1000,SN_mom6,10,5,True,0.49302577663078356,0.01577281449106502,0.012983003180675134,0.0010970109277591313,-0.004461866842493812,-0.0006872895689511438,-0.5238395323710254,-0.6409983297330235
1000,SN_mom6,10,21,False,0.717424713889727,0.024825316899158185,0.01819189014798761,0.4204556793510181,0.012922155760956984,0.004283608654079174,-0.5532202847996738,-0.4787201721725901
1000,SN_mom6,10,21,True,0.5777233635451795,0.017971150633416342,0.011833622072631722,0.07227617744456467,-0.0012490370807858523,0.0,-0.5009860911292235,-0.5532957573700071
1000,SN_mom6,25,5,False,0.6753992407102695,0.019219690328272955,0.010605654127721298,0.48153343228439127,0.015560825837946999,0.014342132188238432,-0.555198666642349,-0.4351485243276485
1000,SN_mom6,25,5,True,0.5499461845354467,0.014287418390093506,0.009414927259662198,0.24451956325704707,0.006544541986074623,0.0,-0.4801063763173964,-0.38598897171172786
1000,SN_mom6,25,21,False,0.7485608367183962,0.02103633346939581,0.012877292444055,0.5802363256379316,0.01908732288478159,0.009832251606416653,-0.5399765808465178,-0.4288832795481211
1000,SN_mom6,25,21,True,0.6231629547657419,0.015777893770983886,0.007148834214420585,0.30559128704198896,0.008334805803663145,0.0,-0.4321225081284441,-0.38402025745400514
1000,SN_rev5,10,5,False,0.638623403414971,0.019826431170618188,0.021655114238609663,0.5052300832691128,0.01612954508957221,0.010821582230666982,-0.6391091952900686,-0.4351550993038198
1000,SN_rev5,10,5,True,0.3562144024514069,0.008524696987268458,0.009312642717316244,0.3203460062218195,0.00823294248854155,0.0,-0.5084120340354745,-0.4944909580001896
1000,SN_rev5,10,21,False,0.7851140064930016,0.021711304936527284,0.01677036636210838,0.4817444687141819,0.01363093227512288,0.029246873072226398,-0.5793486247567412,-0.3879544757838176
1000,SN_rev5,10,21,True,0.5514395107751499,0.01249413734703186,0.006666682771765853,0.13808848099248647,0.0027791611060531463,0.0,-0.39389251370994993,-0.501422694898364
1000,SN_rev5,25,5,False,0.5521884959541359,0.014703187947833906,0.02048666490151907,0.43582562648266643,0.012040045226285725,0.022634990016458856,-0.5905299821997511,-0.3964107891207319
1000,SN_rev5,25,5,True,0.24083738022151108,0.0046665565109175544,0.007712489132023714,0.16989809119016547,0.003595828792481885,0.0,-0.5062325879035992,-0.4314021072641565
1000,SN_rev5,25,21,False,0.7143483158937001,0.017509224948233672,0.01742697833376472,0.46429615813842684,0.011934437889206473,0.018340895126738088,-0.5561900717073025,-0.3587908324221797
1000,SN_rev5,25,21,True,0.4876227564464502,0.009544176970609925,0.0015431202042117675,0.11665787321595177,0.0019931091530539027,0.0,-0.3858515364354943,-0.45413019652053865
1000,SN_C1,10,5,False,0.6785687791406199,0.021321463473273593,0.015259242477112078,0.6294209900005542,0.02357102840953324,0.03522513978317865,-0.6663528758577242,-0.42721547982393016
1000,SN_C1,10,5,True,0.45941189158176426,0.012736056019146288,0.005202384975969032,0.37692750628647026,0.011818154531459252,0.015687187386589585,-0.6555994053579071,-0.42488558868814963
1000,SN_C1,10,21,False,0.8275576638642739,0.0246217955549783,0.01745814331642448,0.6470567122972096,0.023253995380219522,0.03563684808933565,-0.4875352289507999,-0.4018430032813044
1000,SN_C1,10,21,True,0.6483117196125808,0.016938407345479727,0.007685645243772021,0.34044458694695306,0.010322243859470193,0.0,-0.4597946844015779,-0.4060027932686402
1000,SN_C1,25,5,False,0.6028299418261219,0.016233836481989547,0.019103460783732373,0.5909873308853493,0.01943337468412113,0.029042501505877505,-0.5958257862923071,-0.3891152278417591
1000,SN_C1,25,5,True,0.3771715038581097,0.008542479260174662,0.008886383361066175,0.3357659017537031,0.009202269149313764,0.0,-0.5337898776110461,-0.3884397448459995
1000,SN_C1,25,21,False,0.7466719985355537,0.01949488611490011,0.014068587504490804,0.6659462660063917,0.021076539164520357,0.02499740203620049,-0.46914343503450207,-0.36176758869515946
1000,SN_C1,25,21,True,0.5543994945424962,0.01244345138817158,0.00776492551371899,0.36629117326664445,0.009648941355757097,0.0,-0.4232573150520522,-0.38668499179703053
