scenario,strategy,dev_sh,dev_med,dev_mean,hold_sh,hold_med,hold_mean,all_sh,all_med,all_mean,all_dd,all_cagr
base,MOM_res12_1_k25,0.7486922529794369,0.016180662290717795,0.017711668194288727,0.8665959523043183,0.038362403578244164,0.03148797530009935,0.7794765069859432,0.01815003153691075,0.02214810607582096,-0.5026377829972217,0.2440756891204776
base,MOM_6_1_k10,0.7755645249577521,0.02147168894880258,0.022386877696231548,0.8251642488973011,0.05612504893478576,0.03494872481824675,0.7790688779354111,0.023124614248850817,0.026432218294846616,-0.5315121085507049,0.28238364519708403
base,HIVOL_idio_k10_top1000,0.8407183375410813,0.029200669528105405,0.03601345859389267,0.7038911638006224,0.024706433879479572,0.02972244372541198,0.7803771698291428,0.029054057377368547,0.033987538551500586,-0.630992823338268,0.3296496139157099
base,CLV_high_k10_h21,0.8136868876627086,0.01771810268134555,0.011429121115156012,0.6671753693439824,0.014697279689959153,0.010531253031483688,0.7580085990202984,0.01674466605373004,0.011139977156007296,-0.33297079569766375,0.1284556784813733
base,LOWBETA_k25,0.9959593142929423,0.010334073984603842,0.01163858155996491,0.2525608646966118,0.00434362847855474,0.002447417887235997,0.7590389735804927,0.009140584704880661,0.008678715292475938,-0.31056372395027365,0.10155582805427832
base,HIGH52_k25_h21,0.9419289065582035,0.01141954630070452,0.011767855837453153,0.4221805891261247,0.005055306908924306,0.005482951851556774,0.7592030740518588,0.009729703293301473,0.009743903706401776,-0.28386591143843354,0.11458840674623993
base,DONCHIAN_K10,0.6950365813337868,0.00644232101316955,0.010062950247688166,0.8060902492107552,0.010639538389052516,0.014881105052892774,0.7323475848878981,0.007595964882076922,0.011614559422245582,-0.3193534304980583,0.1298187783175031
base,LEADERDIP_K10_gated,0.8341253147767209,0.006142081985527459,0.0077007605359288,0.6284243126927753,0.002218626566632853,0.0054236529159656715,0.7679571762518913,0.004455098955256531,0.00696745469221186,-0.2135288490569064,0.08308875685573414
base,LEADERS_TRAIL4_K10,0.5331140548725479,0.01904919766495783,0.009001123404816767,0.4361822515750907,0.022780762108791652,0.011403249829058316,0.48315795731446,0.019535350325983858,0.009774689541436926,-0.4093763839533213,0.09440243242362967
base,COMP_C2_k25_h21_top1000,0.7548035472680764,0.01729865680186049,0.017542283353609547,0.8294596295134904,0.021778401129778135,0.02387475670392794,0.7776232093502148,0.018283916225241725,0.019581554432525645,-0.41597522355976047,0.22058560701875818
base,BLEND9_EW,1.0301444911508344,0.014225613353772038,0.015637094707086966,0.8893789171939067,0.02929081397111255,0.017714907526776204,0.9649621417211851,0.01879069606606043,0.01630622086935977,-0.2905936238609227,0.19437213464936587
cost_x2 (0.4% RT),MOM_res12_1_k25,0.6896065891036834,0.014508031784081998,0.016200357141708015,0.828614763136045,0.03665665903503812,0.029948236628952962,0.7306347347152791,0.0170320766957881,0.020627640366414013,-0.5164674977201851,0.22195991007261195
cost_x2 (0.4% RT),MOM_6_1_k10,0.7037437664144756,0.019008153089722035,0.02010035905109846,0.7753518483801357,0.05336631853981033,0.03248673472933495,0.7178855807488822,0.02107610524836545,0.024089191896632247,-0.5335950504335902,0.2476171251609185
cost_x2 (0.4% RT),HIVOL_idio_k10_top1000,0.7954820604552538,0.027183399915125195,0.03401529181649442,0.6680153352913827,0.021671019736508867,0.02763315573099021,0.7391574098171029,0.027116883449272766,0.03196002765336594,-0.6367746476249196,0.298729428113774
cost_x2 (0.4% RT),CLV_high_k10_h21,0.6630323369933687,0.01556585363639873,0.009277303208726783,0.5361059551880977,0.012592245001570301,0.008305704230425372,0.6149424677892275,0.014406775548812645,0.008964415402155142,-0.3346375409838934,0.09958059458291468
cost_x2 (0.4% RT),LOWBETA_k25,0.8598446131706109,0.008987174856887603,0.010026189606405275,0.1275669063387933,0.0023488781064506803,0.0009983601750298847,0.6264935438202146,0.008364231791353927,0.007118922501386082,-0.34172127776232775,0.08122587824520822
cost_x2 (0.4% RT),HIGH52_k25_h21,0.8120393336680892,0.009771954186573284,0.010095487681151394,0.3108531174988921,0.0035178131317274985,0.003876250265596919,0.6360054853735856,0.008396562198089264,0.008092682411735545,-0.3014740919139173,0.0928513181373376
cost_x2 (0.4% RT),DONCHIAN_K10,0.5899377434119071,0.005320780900782696,0.008532592249496854,0.7170183168656225,0.009740459708659222,0.013292635650992547,0.633690542528912,0.005821866892915306,0.010065487582181907,-0.33449061988197315,0.10894474703350343
cost_x2 (0.4% RT),LEADERDIP_K10_gated,0.6133446191406409,0.004572923367808679,0.00562625862096444,0.4620377739731743,0.0016814164436493861,0.003873331671950668,0.564659198815328,0.0031989297922982995,0.0050617567221294965,-0.23485565976326217,0.058661644934633106
cost_x2 (0.4% RT),LEADERS_TRAIL4_K10,0.4782893614090218,0.017790035065866294,0.00803757841712086,0.3991661016749801,0.022197408032561095,0.010430609787126814,0.43670501874463513,0.01832511217258026,0.008808215637970235,-0.4238849035214789,0.08169477619900434
cost_x2 (0.4% RT),COMP_C2_k25_h21_top1000,0.6829627362767825,0.015671601253406053,0.015742320684587193,0.7710233928885464,0.020062556090767902,0.022002204280540873,0.7112909916348147,0.01638570057015598,0.017758215401928207,-0.4212050890183604,0.19457447766894398
cost_x2 (0.4% RT),BLEND9_EW,0.9164972617852842,0.012462510857445652,0.013883958255665442,0.8067288275020176,0.027621034593740434,0.015996360688121644,0.8644858736022343,0.017302066338831468,0.014564223445778457,-0.30312494514128563,0.16991367220676445
cost_x4 (0.8% RT),MOM_res12_1_k25,0.5713962353363174,0.011170712833766472,0.013184322946186556,0.752638286434558,0.03288007637147272,0.02687557721599994,0.6329265650090303,0.01479964143417356,0.0175933709313807,-0.5591337200963228,0.17889573303663098
cost_x4 (0.8% RT),MOM_6_1_k10,0.5600558815479271,0.014097978247647469,0.01554248656177093,0.6756960040076531,0.047869290073632165,0.027580046514724996,0.5954796789784896,0.016763922854673652,0.0194189889195019,-0.5377337448494609,0.18087372037892724
cost_x4 (0.8% RT),HIVOL_idio_k10_top1000,0.7049742183657552,0.02277650773153017,0.030030458775094398,0.5962264320328068,0.01562582575274174,0.023467203091564616,0.6566808337623432,0.02248572140944427,0.0279168679617543,-0.6480700540249318,0.23901920668579169
cost_x4 (0.8% RT),CLV_high_k10_h21,0.3616217226368197,0.011274366613344022,0.004986793240481163,0.2738973202926983,0.00839457692315726,0.003868651101703048,0.3287220126944375,0.009746374796628876,0.004626713568671262,-0.3801644223343025,0.044019703179335234
cost_x4 (0.8% RT),LOWBETA_k25,0.5875465398024028,0.006056211197169259,0.00680979057528971,-0.12245733838972823,-0.0016293055482777818,-0.0018932699929453424,0.36134124542041496,0.005660336016295231,0.00400711005331571,-0.40388412384480554,0.04167904873921979
cost_x4 (0.8% RT),HIGH52_k25_h21,0.5521909845904737,0.006416571057273557,0.006758751968507904,0.08810991398891216,0.00044953844140072086,0.0006703202969602966,0.3895313312214071,0.0050181824826391885,0.004798070582755285,-0.33615501897498157,0.05063567712077921
cost_x4 (0.8% RT),DONCHIAN_K10,0.3813657364344399,0.0027529835664212854,0.005478298938715277,0.5402963451813187,0.007944078250011533,0.010124440394142623,0.43791431703891925,0.003181115563684722,0.0069745139836834055,-0.39107858476184754,0.06832746201383566
cost_x4 (0.8% RT),LEADERDIP_K10_gated,0.17097353079033148,0.0013158215018823638,0.0014928058448513092,0.12932644119228587,0.0,0.0007839426620532441,0.1575677367469692,0.0004271646631313075,0.0012645278707298982,-0.3655225587289662,0.011440906700769915
cost_x4 (0.8% RT),LEADERS_TRAIL4_K10,0.3691421073781103,0.0144869132281229,0.006113299219006163,0.3254070560862435,0.021032469924422426,0.008489159960203444,0.3441711809713505,0.01590643216047538,0.006878406915323932,-0.45186000786604785,0.05671561752909149
cost_x4 (0.8% RT),COMP_C2_k25_h21_top1000,0.5392370073513877,0.0123771823859683,0.01215155911269028,0.6541205981614211,0.016639092482624296,0.0182669556841708,0.5785883437733446,0.013238902298741806,0.014120924110285702,-0.45351108818485975,0.14419689621743936
cost_x4 (0.8% RT),BLEND9_EW,0.6892907526078681,0.009319674781737453,0.010386526095486697,0.6415005394403912,0.024013577721400114,0.012568048475329314,0.6636127895047377,0.014147534279924434,0.011089050251707202,-0.33165011218342544,0.12248465363911731
lag +1 day,MOM_res12_1_k25,0.7403518885451327,0.015464573569209938,0.017466820428452434,0.8723679224047314,0.042043070031643426,0.03187057321892488,0.7771116735492034,0.01771545959860754,0.022105317089791018,-0.5097575668613832,0.24297601833082072
lag +1 day,MOM_6_1_k10,0.7680966046200374,0.02024208324343879,0.022132495934268057,0.8483654241357966,0.05516675738793997,0.03637217460406246,0.784231614053717,0.02260597009650711,0.026718155166913712,-0.5430624595606603,0.28509626709091473
lag +1 day,HIVOL_idio_k10_top1000,0.8118454124778679,0.02913969698488139,0.034681047066694455,0.6992946363524375,0.013586132680500906,0.029367407579198535,0.7608410982832222,0.025904673213686724,0.032969875028348306,-0.6373962420730548,0.31369043565732446
lag +1 day,CLV_high_k10_h21,0.8176576211359348,0.016776252082261967,0.011510551704652174,0.664094780410045,0.0166168132217015,0.010518753998054159,0.7591505696875276,0.0166168132217015,0.011191159222866372,-0.3365573091402011,0.12893144436944648
lag +1 day,LOWBETA_k25,0.9434416384376707,0.009284942879563274,0.011106903899253758,0.25866890729293224,0.006501894504185479,0.00255699582666303,0.7263271926814772,0.009103497979125796,0.008353543672487253,-0.3395046814018081,0.09697541523632691
lag +1 day,HIGH52_k25_h21,0.9383013127772017,0.011672878081390059,0.011795659050253407,0.39865677364518165,0.005133457072924452,0.005169006319942938,0.7487618782308291,0.009999908609917174,0.009661652238797492,-0.2872451106751758,0.11348174730539662
lag +1 day,DONCHIAN_K10,0.7215254829836983,0.015622489010367002,0.010752217411311849,0.6918472890104362,0.0003316530859043265,0.0139696836738139,0.7045472004280623,0.010412247791420137,0.011788350614490477,-0.28850974419246667,0.1281957370003013
lag +1 day,LEADERDIP_K10_gated,0.6395074392903607,0.0034337691426985506,0.005838828835365892,0.5880747800459176,0.0013231217599556366,0.005218634054804909,0.6231168987871323,0.0025838094434389447,0.005639105092473372,-0.1930936642893113,0.0659298866151179
lag +1 day,LEADERS_TRAIL4_K10,0.45573933287407453,0.013742057266420082,0.007974208173769235,0.6815977562216675,0.026396824899813875,0.019244479297967035,0.5388825429878193,0.01845907642725253,0.01160361751884988,-0.46120671864681906,0.11140231250928023
lag +1 day,COMP_C2_k25_h21_top1000,0.7611176140842513,0.01758814748244597,0.017679723390431654,0.8149397474318475,0.023258291012802967,0.023417237730826112,0.7759607237829996,0.019188090013689818,0.019527397500050208,-0.4149001541240577,0.21981044716451015
lag +1 day,BLEND9_EW,0.989384504668116,0.014952237745566754,0.015097054558651757,0.9119769756882112,0.03590032511125796,0.018573296500183318,0.9485618864584149,0.02014194242141598,0.016216522302534803,-0.31237616852757477,0.1916626850599077
reselect quarterly,MOM_res12_1_k25,0.6964897237077344,0.015233612614969139,0.015913195488700356,0.8997058005989694,0.03080437512812817,0.03192635366395858,0.7639832902845165,0.016086687786474263,0.021069975240054703,-0.5166128107951021,0.23084612153660844
reselect quarterly,MOM_6_1_k10,0.72035273454699,0.022185623533765852,0.019864997536663393,0.8796715350186185,0.055391287753547624,0.03698613366654644,0.7691548739612454,0.026282134067446394,0.025378583747981666,-0.5576498092848285,0.26879198386452074
reselect quarterly,HIVOL_idio_k10_top1000,0.8665488435870607,0.02726071371334382,0.036501364252149775,0.6242003122703029,0.02756226741711454,0.0253599703781999,0.7612235238326907,0.02756226741711454,0.03291345775036931,-0.6498515793318151,0.30915112429098324
reselect quarterly,CLV_high_k10_h21,0.8404893687177497,0.01733275433316972,0.011816917223025795,0.6448885414083866,0.011875637744663159,0.010136155579555325,0.7673749973736231,0.014836159357443535,0.011275654998857338,-0.3361135864946887,0.12997224024759246
reselect quarterly,LOWBETA_k25,0.8941746905991962,0.00991302835721497,0.01037382889050578,0.275234489664248,0.003354344038559498,0.0027076270497992474,0.696709867168788,0.00971807108909073,0.007905052026549439,-0.3108106889632314,0.09158859695621357
reselect quarterly,HIGH52_k25_h21,0.9624214082422115,0.012376577639389263,0.011955871815864565,0.42389530026585626,0.007234396782644259,0.00542034920119861,0.7742026810298621,0.01065345871623391,0.009851211990802647,-0.2802036903301408,0.11616554471611851
reselect quarterly,DONCHIAN_K10,0.7981032211065675,0.006201345150769422,0.011592987876278956,0.6350333095132557,0.009688413618280878,0.011315273907974372,0.7350338075233711,0.007437053651619507,0.011503554564452057,-0.28387541442564657,0.12963443716218515
reselect quarterly,LEADERDIP_K10_gated,0.8038360591348045,0.004586846455375659,0.007311431336348679,0.8816072897012202,0.003701851125879063,0.007794354572776507,0.8291024928534151,0.0038334918468567736,0.007466948988757641,-0.22591846125358483,0.08962386473612649
reselect quarterly,LEADERS_TRAIL4_K10,0.6754083609721945,0.01944754146672345,0.011671034896190063,0.6402368253970575,0.023306719709827783,0.017267269881725503,0.6481142135282711,0.01966446831642954,0.01347321226441334,-0.36963496624310144,0.14060317834610703
reselect quarterly,COMP_C2_k25_h21_top1000,0.7247075303249324,0.016574408268441365,0.016503361400624802,0.8079114734523818,0.022363964661227476,0.02283662508761064,0.7508064557217925,0.019088009488225977,0.018542886994738883,-0.4402321173933169,0.20689482935554881
reselect quarterly,BLEND9_EW,1.0404839702137212,0.01462514852330743,0.01540734799981649,0.9137473788823403,0.030511631917158555,0.017902813417923765,0.9801091902410689,0.018244096052934422,0.016210972456495103,-0.28684843946359395,0.19312570148085095
reselect yearly,MOM_res12_1_k25,0.6999325157744519,0.014585390704456414,0.014089291940641643,0.7793088187356414,0.026766416053521702,0.024616393317892945,0.7146897583498831,0.01604773205578547,0.017479375435010703,-0.5067441851945701,0.19293189909718644
reselect yearly,MOM_6_1_k10,0.7268208199254935,0.01955384405163696,0.017305301825910627,0.8858757630843321,0.040225762966454415,0.03293956957763082,0.7721108542280126,0.021095186949389166,0.022340066017142553,-0.5277554423009072,0.2478555566701477
reselect yearly,HIVOL_idio_k10_top1000,0.6455776567034881,0.01845464316839729,0.030541446712662887,0.6103335007672197,0.026350502535033238,0.024714585376590402,0.6289833802150284,0.022227589245610524,0.02866499984172429,-0.7418624635479245,0.2179274164525733
reselect yearly,CLV_high_k10_h21,0.762712946677723,0.015416033065246637,0.010603143787136357,0.5704833349933982,0.007389493849261575,0.009021492036842363,0.689716207971431,0.01400022171485138,0.010093798308228121,-0.33611358649468825,0.11425368212693932
reselect yearly,LOWBETA_k25,0.9399563737846252,0.009358908863813853,0.010605710645488963,0.3079217581397444,0.003691171748952282,0.0031014297411056688,0.7372203825331295,0.009009396519250812,0.008189077811874005,-0.28064862275819946,0.09515389047432388
reselect yearly,HIGH52_k25_h21,0.9375649646979892,0.012449219519783838,0.011442250446512047,0.39035469487424285,0.005453589458840558,0.004823552086822843,0.7484210269349737,0.00974097668550189,0.009310805212035863,-0.2802036903301405,0.10929606269564274
reselect yearly,DONCHIAN_K10,0.43758143389002613,0.007297624015420001,0.005262589967566347,0.6025273355280787,0.009979119804334413,0.010061606769694458,0.4967350710976375,0.007549435215874478,0.006808036056387265,-0.3799223813368273,0.07156485942312574
reselect yearly,LEADERDIP_K10_gated,0.7932854557089005,0.005182427455456939,0.006796840449339392,0.8174147762169266,0.0020861688964166625,0.007267016152485759,0.8011385115005402,0.0037420899406270802,0.006948252963911951,-0.20435094012628185,0.08341342504203553
reselect yearly,LEADERS_TRAIL4_K10,0.4993044555103586,0.010258830946106245,0.007209297834918824,0.8036895375149768,0.020999518272639683,0.019598887886220936,0.6139231531178918,0.011861020899215813,0.011199165817541537,-0.39091416923030453,0.11746140170599406
reselect yearly,COMP_C2_k25_h21_top1000,0.6655262236437107,0.01623713018579398,0.0136902828877275,0.84497256789161,0.023767470222951337,0.02263541690574056,0.7281499703249946,0.017948179937660846,0.016570919266409672,-0.4195494721294415,0.18718753090034723
reselect yearly,BLEND9_EW,0.9269445860394631,0.016109986309187918,0.012685642639886838,0.9025100089081468,0.022271553159120883,0.0163477383199403,0.9067725389853197,0.017260274167453682,0.013864961587700666,-0.3392477831958486,0.16326434778033083
