top_n,sig,k,h,dev_sh,dev_mean,dev_med,hold_sh,hold_mean,hold_med,est_spread_bps
1000,mom_6_1,10,5,0.6967943660870737,0.025186493160292586,0.022144280254767557,0.4704285876518154,0.016078492027947023,-0.0034157825858420754,131.7690270014232
1000,mom_6_1,10,21,0.7665808101201748,0.02693387798091777,0.020046695269501646,0.5361801021693169,0.0187987924076717,0.026801065562929827,129.67652128781032
1000,mom_6_1,25,5,0.7367114691927732,0.021488062960046194,0.016439179478347166,0.553324670386045,0.018991465389079958,0.008790235994202478,112.92608565299847
1000,mom_6_1,25,21,0.793283001361322,0.0226643032431969,0.012990482904254086,0.6378372681676516,0.02220673004487702,0.016580190446617182,111.92161795986046
1000,mom_12_1,10,5,0.679913794227153,0.024975139545872573,0.010005822243581708,0.5921970042991281,0.023481942185517565,0.008325923195061202,132.25781889379977
1000,mom_12_1,10,21,0.6805866679507458,0.023864785563520837,0.011368013274442146,0.695211539209208,0.028664340797241235,0.01106081935961356,130.90017309436377
1000,mom_12_1,25,5,0.6907523172378469,0.020549545334796766,0.01961807742466748,0.7358090553643725,0.02738040358426178,0.020861801849132666,115.51910703781365
1000,mom_12_1,25,21,0.6987784113349041,0.020548656068113794,0.016537504797420888,0.777172148001391,0.02937586685199516,0.020864105167830882,114.79413908348987
1000,rev5,10,5,0.5905665205496446,0.019179082400205806,0.019894237548693683,0.49584760308118403,0.015676337032465185,0.026199795926175273,104.38337962207932
1000,rev5,10,21,0.7809486418456884,0.022745340102740593,0.018419846769862414,0.5031179404865169,0.014058987615718771,0.027457221866796555,106.91497154476455
1000,rev5,25,5,0.549706027270949,0.015296981623560836,0.02132367588857431,0.47244788973830726,0.013217375307156892,0.03789498099970423,95.58498416751478
1000,rev5,25,21,0.7133606202769898,0.018090537326783132,0.017807228296749744,0.48279893910071936,0.01228396575677341,0.022668940142716698,97.24771079393405
1000,rev1_atr,10,5,0.2864729333135646,0.004755897178880156,0.004899034160003035,0.0448807969368564,-0.0003560353592121154,-0.005028783893302524,59.15386758383909
1000,rev1_atr,10,21,0.8151021503782352,0.012305031958742848,0.017070297889507424,0.4612299608549604,0.006591245098287249,0.0054577080529572,60.882991907315905
1000,rev1_atr,25,5,0.31656945677990617,0.0052075956363787975,0.0056797799688491635,0.2498466247110801,0.003444003237378676,0.004751555746843605,59.85962338887956
1000,rev1_atr,25,21,0.7903964489256183,0.012033920078553306,0.017252658353772654,0.5208956632609802,0.007656815686411084,0.008041105674839288,61.07080297846073
1000,highvol,10,5,0.8534043083812942,0.03821237344869017,0.028914810960429138,0.5368516297719947,0.02135333405816173,0.0003436343235223571,163.49087654321244
1000,highvol,10,21,0.905462740908091,0.03896062607828413,0.02309871554798204,0.6522648916407844,0.028090871596734436,0.017400500507513073,160.00327700190502
1000,highvol,25,5,0.677779637916776,0.024872839086236158,0.024256377494462522,0.4221098244861871,0.0157852477169083,0.006362400143602898,147.1028014080272
1000,highvol,25,21,0.7446787262458626,0.02676040352104074,0.016366949423833987,0.4676407694031799,0.017829278385266573,0.002013587505033998,145.04792452436254
1000,high52,10,5,0.384898200678853,0.00489338928292506,0.009084216678659773,-0.24882720519682536,-0.004758929064399106,-0.008409285036057312,53.53386265472961
1000,high52,10,21,0.809010484748817,0.010349960866289384,0.014942030396840611,0.33711910261858025,0.004466514778779098,0.005373829188819013,54.050816070147924
1000,high52,25,5,0.5013752285507173,0.006134331732508049,0.006627553882089798,-0.12461429648462605,-0.0022782505749671736,9.702411150214196e-05,53.320889502025615
1000,high52,25,21,0.8805529244206158,0.011119307902675523,0.013716172408094862,0.42391940040710685,0.005572841991440463,0.005754891898997139,53.71266305299362
2000,mom_6_1,10,5,0.7606444804804555,0.028856636319363405,0.013714975150185493,0.3065360180685601,0.008342442120015659,0.00933097980469344,165.64747890292676
2000,mom_6_1,10,21,0.6855458429611906,0.02387681044715008,0.010856689465894798,0.29028290906737925,0.007490953068313679,0.020688137943353224,162.4673335477613
2000,mom_6_1,25,5,0.8425207846435993,0.025596356666522005,0.01963861972707115,0.4350533100648538,0.014009552758639951,0.017872166600812145,146.78608595953062
2000,mom_6_1,25,21,0.7968703420318973,0.023423520435855175,0.01287425166427203,0.35505783391414475,0.010503483210531466,0.014766810406013242,144.41007238344426
2000,mom_12_1,10,5,0.5528551886388765,0.018309778166290817,0.004564410481375236,0.5256661821952171,0.02077720407834583,-0.0033094222802678708,155.36283280163153
2000,mom_12_1,10,21,0.5737796996494512,0.019196275723324975,0.013668999901634282,0.616355095218804,0.024490583165745584,0.018436016143192457,153.681584708964
2000,mom_12_1,25,5,0.7936542107867156,0.023835734677625803,0.013572320165952001,0.5665609300557398,0.019790022679955565,0.00897336433251028,140.92567691205244
2000,mom_12_1,25,21,0.7714175703627942,0.022722352912069494,0.01673283209573828,0.6141012858735442,0.02160341505366412,0.020454416016226995,139.50205942642197
2000,rev5,10,5,1.1891851726959788,0.04777101336784065,0.0397976144326142,0.3525494693994496,0.011042477076030488,0.01122387967601468,142.444544724838
2000,rev5,10,21,1.3282088642672065,0.0411731034911824,0.02406224000470658,0.3302141560137256,0.00854564539400487,0.014515748155774721,146.89021798609423
2000,rev5,25,5,1.0098309927644,0.030984001679672725,0.02851136540710908,0.33639455363961307,0.009439778502918144,0.018165748065927856,128.77213274478638
2000,rev5,25,21,1.0893468204218753,0.02872052390886865,0.02836946256502626,0.3404912543234615,0.008530603319556287,0.01622317513092475,131.90104759101098
2000,rev1_atr,10,5,0.4707458997658451,0.008173147048283962,0.011515223100783678,0.1463937538561461,0.002076632308083072,0.006490620475643416,65.0441800967602
2000,rev1_atr,10,21,1.0188821558107324,0.015047434153458867,0.01933236773043079,0.4192522749222611,0.006228486682164504,0.0023213859063266895,68.03793241525938
2000,rev1_atr,25,5,0.5406633651595024,0.008936751048041458,0.01300882837128381,0.07701217067568011,0.0005882822916634813,-0.006476453913651148,66.93145625716272
2000,rev1_atr,25,21,0.9883279915550411,0.014752254504032301,0.02014507829827139,0.4227164903229622,0.006345743387409085,0.007482607317028878,69.1338837986761
2000,highvol,10,5,1.1872771951607068,0.06246039970294503,0.0461961157941968,0.5298572086073469,0.019501543103540197,0.0117482824927293,223.37982458270287
2000,highvol,10,21,1.277365064615199,0.06529080443115527,0.05561734463056789,0.46884657556761133,0.016137328129169203,-0.002623908087732385,215.5641055653897
2000,highvol,25,5,1.239684589881366,0.04915837962870664,0.029377558917777713,0.4188125282619899,0.013738035994964594,0.02512769921960678,201.6161731416033
2000,highvol,25,21,1.314770531414164,0.04969227002820084,0.03492107928832988,0.48271064205489633,0.017363511307083027,0.014832352393325587,197.171042918847
2000,high52,10,5,0.5715431014105423,0.007825033315529023,0.016287470060223463,-0.1890344052797365,-0.003344522941111067,-0.008975647584202884,63.459162122058274
2000,high52,10,21,0.8729376587790166,0.011576714944174575,0.016490234880605414,0.3025686038033053,0.004494325822978905,0.010633155314170306,64.14461034339237
2000,high52,25,5,0.5790187503950968,0.0072699832804689665,0.010286816699120571,-0.25578275363953396,-0.004122976397966687,-0.00734979371120037,61.845086402233804
2000,high52,25,21,0.9294445176049189,0.011920465690309518,0.01385409485381417,0.28133802960410736,0.003688952765261019,0.004600022363598466,62.51462267722614
3000,mom_6_1,10,5,0.8208826018413315,0.04140272049607274,0.010414226782901381,0.545004228348123,0.01943013027274947,0.029084121777797733,174.9482904228055
3000,mom_6_1,10,21,0.7457645812011838,0.057904095806859575,0.011318795799245662,0.48846301367994455,0.01601201465970865,0.03769273371894788,171.11864903557768
3000,mom_6_1,25,5,0.983894759650989,0.0323875666476933,0.023362797553671766,0.45601142855934845,0.014348284912755964,0.017290699191407688,157.06446058514365
3000,mom_6_1,25,21,0.971227163892177,0.0363750846527926,0.013430988406828215,0.4230560315813862,0.012333345884717703,0.025388158956682894,154.039958117178
3000,mom_12_1,10,5,0.7490448384527062,0.03450215183801959,0.018272560184040554,0.5344701226289161,0.021168141101641537,0.01615554702720967,160.6778196756092
3000,mom_12_1,10,21,0.7691468743669132,0.057723585075745,0.01678777851590929,0.6438016274474287,0.025244303362788052,0.028407748215122375,158.5089856278083
3000,mom_12_1,25,5,0.9898368619081178,0.03231961681743337,0.019414575114448884,0.5866552718836672,0.02010071315509957,0.026520372829677008,146.95685302622462
3000,mom_12_1,25,21,0.9977732449228883,0.03740343455299608,0.023043969214150528,0.6047774313445675,0.020543848746064956,0.022232140056710925,145.1828993227347
3000,rev5,10,5,1.3702036143367045,0.07471751669717784,0.05346357931283108,0.09192347605904748,0.00037677785154881943,-0.015344324338931181,168.58658403399258
3000,rev5,10,21,1.7046782310194777,0.05722576213626754,0.044136954915595106,0.3761990423534002,0.0139568007599996,0.018430452156271926,173.96169085230963
3000,rev5,25,5,1.3429186014971495,0.04585697768123052,0.0362976689583252,0.11820115477456039,0.002080210148573163,-0.000751365759984135,149.50609528418522
3000,rev5,25,21,1.4280669250057145,0.03789548822278976,0.03100784455874439,0.31858334289241663,0.008839588857739177,0.0050824985892050645,153.1809243266871
3000,rev1_atr,10,5,0.5746293828427622,0.011298832084069989,0.009822933313522353,0.14346867336198382,0.002142226646569051,0.0024684897558682195,64.92183017091551
3000,rev1_atr,10,21,1.1763755074719673,0.016732177844004655,0.018587850370946013,0.3505369904858909,0.004934095081655033,0.004582623123472684,68.76486592610345
3000,rev1_atr,25,5,0.6685158843078458,0.01096355395179474,0.013517955028613748,0.0746769270435617,0.000754159728170292,-0.010478686187381014,68.41566981225156
3000,rev1_atr,25,21,1.1072714948780593,0.015877107194286994,0.020028567150804477,0.40298568401632207,0.005804554949554118,0.003188945713672231,71.20557213785092
3000,highvol,10,5,1.376817974331267,0.11108599386258927,0.04816566972980396,-0.397294654162668,-0.02734216688589604,-0.04385777045989547,257.9887280711914
3000,highvol,10,21,1.4353126274254833,0.1323378896430505,0.05884004672268006,-0.2907096220380667,-0.019271092645746512,-0.030982199595001148,247.5302853015925
3000,highvol,25,5,1.4484875075366657,0.06482063036904535,0.04183025885715719,0.03181711153927694,-0.0017418476052078265,0.003380463656025512,234.19192837965304
3000,highvol,25,21,1.5655089089884278,0.07215189393739338,0.04162941084865668,0.10465831517438885,0.0011148570269836915,0.00011238591272078047,228.06278617840007
3000,high52,10,5,0.5879787439620782,0.007904886672172661,0.015362641628599127,-0.059762542136213626,-0.0012155288419124402,-0.0077535724007443685,64.4184226570154
3000,high52,10,21,0.8950021663500197,0.011681899352246054,0.01701255728895079,0.40428213840398136,0.006091057944163997,0.005246935669647623,65.40866602919438
3000,high52,25,5,0.581828873934822,0.007176073760738679,0.011490012592791476,-0.12470929875438905,-0.0020216163807047784,-0.010343697596321477,62.700966817875106
3000,high52,25,21,0.9583011153939046,0.01205863675497048,0.014559711957055299,0.38921763210041155,0.005063359722713423,0.0047045765801700945,63.625667453793575
