entry,sig,exit,dev_sh,dev_mean,hold_sh,hold_mean,gross_per_trade
0935,ret_since_open,close,-2.27209851077629,-0.047007427,-1.0266787626936327,-0.031047573,
0935,rev_since_open,close,-2.3332231422659584,-0.046787545,-1.621860707301346,-0.049026247,
0935,ret_so_atr,close,-2.953180359379371,-0.041317593,-2.2119820494223363,-0.038805965,
0935,rev_so_atr,close,-2.9276179714052084,-0.041250043,-2.9403911227398694,-0.050634515,
0935,gap,close,-2.4701074306152004,-0.051063035,-1.9843373747071027,-0.055075835,
0935,rev_gap,close,-2.082430294594184,-0.042310063,-1.401738751182077,-0.0377173,
0935,gap_x_rvol,close,-2.7403980332392095,-0.049383245,-1.9751271183945287,-0.04878479,
0935,rvol_up,close,-2.290671124151617,-0.03566935,-2.049697645438936,-0.04039012,
0935,rvol,close,-2.488095295849869,-0.043890152,-2.2089516253001773,-0.04628924,
0935,rvol_down_rev,close,-2.543738150069464,-0.04221542,-2.310511638026107,-0.046164036,
0935,clv_hi,close,-3.060117594893913,-0.039210543,-2.387426361702362,-0.035384063,
0935,clv_lo,close,-3.4019203877053013,-0.041228265,-2.864105618341184,-0.04160422,
0935,gap_up_hold,close,-2.3298946669070557,-0.043174975,-1.64760807628117,-0.044360053,
0935,orb_break,close,-3.093520859331834,-0.036841538,-2.6199832046574483,-0.035791676,
0935,vol_atr,close,-1.6098495972834856,-0.05051905,-0.4863404041526955,-0.027076026,
1000,ret_since_open,close,-1.943634102180673,-0.036324657,-1.301692058128422,-0.034281045,
1000,rev_since_open,close,-2.548288398950414,-0.048187498,-2.076865252216703,-0.052628096,
1000,ret_so_atr,close,-3.013125559546497,-0.040431477,-2.900956815181305,-0.045129173,
1000,rev_so_atr,close,-3.0538852489141677,-0.041635916,-3.402710696579873,-0.0534382,
1000,gap,close,-2.2316915153720993,-0.040902212,-2.313280202847413,-0.054919936,
1000,rev_gap,close,-2.345493391275765,-0.042094406,-1.6173785844173658,-0.037681658,
1000,gap_x_rvol,close,-2.4942136254041305,-0.041358665,-2.5052488541702567,-0.053930964,
1000,rvol_up,close,-2.5570584383172896,-0.03530817,-2.2747637038591377,-0.03919483,
1000,rvol,close,-2.887133861157225,-0.04338483,-2.3719196547392825,-0.043250628,
1000,rvol_down_rev,close,-2.944796603877258,-0.041868635,-2.8151575626154886,-0.048570924,
1000,clv_hi,close,-3.152913008870781,-0.037145667,-3.395133098708571,-0.044989016,
1000,clv_lo,close,-3.18506895253779,-0.03848118,-2.9650181975472987,-0.044341817,
1000,gap_up_hold,close,-1.885962607162418,-0.030261345,-1.8763262085458812,-0.043980468,
1000,orb_break,close,-2.8493556303513916,-0.022138502,-3.352126670732497,-0.030484466,
1000,vol_atr,close,-1.6238183835198292,-0.04321596,-0.7214751833255874,-0.02972302,
1030,ret_since_open,close,-2.020331792515887,-0.033317674,-1.665516697734641,-0.039287735,
1030,rev_since_open,close,-2.552233319962454,-0.044482157,-1.8194322487777657,-0.04318017,
1030,ret_so_atr,close,-3.0624076218962255,-0.036344215,-2.8512598465861414,-0.040743716,
1030,rev_so_atr,close,-3.0959774165489615,-0.040651593,-3.125206780929471,-0.04589156,
1030,gap,close,-2.5617042528328784,-0.041574873,-2.4257283111099017,-0.051515136,
1030,rev_gap,close,-2.5070187107998714,-0.04095815,-1.2463454810310663,-0.027228715,
1030,gap_x_rvol,close,-2.8782062804223565,-0.042862806,-2.57540372848745,-0.04983962,
1030,rvol_up,close,-3.0920041097048507,-0.037494134,-2.6572412650905846,-0.04130744,
1030,rvol,close,-3.236730930358055,-0.044133022,-2.055504913583422,-0.03497589,
1030,rvol_down_rev,close,-3.183027538114698,-0.042438336,-2.648725988566544,-0.042231195,
1030,clv_hi,close,-3.801708102430726,-0.03986303,-3.607938133514389,-0.045501195,
1030,clv_lo,close,-3.09319868013783,-0.036750205,-2.813356954667797,-0.037813354,
1030,gap_up_hold,close,-2.0169832105259338,-0.028206566,-1.9180744345154173,-0.041062508,
1030,orb_break,close,-2.8178632055090373,-0.016411569,-2.562887942030231,-0.018810337,
1030,vol_atr,close,-1.6457123757960412,-0.039785,-0.7619903405773978,-0.028481087,
1130,ret_since_open,close,-2.4520677612370028,-0.035708565,-1.8234995836906112,-0.0344348,
1130,rev_since_open,close,-2.4218366135329945,-0.04032326,-2.12604252353637,-0.04341267,
1130,ret_so_atr,close,-3.572169383070568,-0.038842678,-3.3051670425433612,-0.03789618,
1130,rev_so_atr,close,-3.238042355799726,-0.03802738,-3.606866568353716,-0.045415286,
1130,gap,close,-2.7575016798048724,-0.03950618,-2.4570530229944376,-0.04297992,
1130,rev_gap,close,-3.086985731143333,-0.042069886,-1.694284555795399,-0.030524656,
1130,gap_x_rvol,close,-2.8512903613556175,-0.039154787,-2.7066702241212792,-0.043182954,
1130,rvol_up,close,-3.5933851905088883,-0.038291927,-2.6806065896624665,-0.035036925,
1130,rvol,close,-3.160380375094207,-0.040272642,-2.3842085910885356,-0.03458544,
1130,rvol_down_rev,close,-3.3468620450777644,-0.04101616,-3.0520271596565327,-0.04063811,
1130,clv_hi,close,-4.316916395133655,-0.04079587,-3.4767650745777927,-0.036987502,
1130,clv_lo,close,-3.3160456761358965,-0.03554037,-2.87000135566229,-0.036321793,
1130,gap_up_hold,close,-2.4533505642980025,-0.02995897,-2.137401350788103,-0.03427387,
1130,orb_break,close,-2.726384657591655,-0.011269044,-1.9614527168916194,-0.007543622,
1130,vol_atr,close,-1.7306845361798946,-0.03737028,-1.137715740279302,-0.03428373,
1330,ret_since_open,close,-3.9672268354299938,-0.04043724,-2.462886311484988,-0.033670127,
1330,rev_since_open,close,-3.071484937895268,-0.039456468,-2.761852045118324,-0.038659237,
1330,ret_so_atr,close,-5.636712345585334,-0.04457705,-4.736025636103874,-0.040791184,
1330,rev_so_atr,close,-3.739395050771693,-0.037833914,-4.203822036094353,-0.037675884,
1330,gap,close,-4.070138959956896,-0.040681377,-3.201440717733228,-0.040668033,
1330,rev_gap,close,-4.155611538905298,-0.043161154,-2.866373646323641,-0.033911377,
1330,gap_x_rvol,close,-4.432458559091861,-0.041745614,-3.449640283096733,-0.040674526,
1330,rvol_up,close,-5.178984653179985,-0.041416407,-3.7952832058901,-0.035730124,
1330,rvol,close,-4.20245336589134,-0.039706726,-3.313901363071548,-0.033546437,
1330,rvol_down_rev,close,-4.242862490232935,-0.040987052,-3.998249947848777,-0.036547646,
1330,clv_hi,close,-6.1406162172146646,-0.045066502,-5.160619492927375,-0.040617645,
1330,clv_lo,close,-4.932921121679808,-0.039740644,-4.316252166663197,-0.03670316,
1330,gap_up_hold,close,-3.980882076496255,-0.03652296,-2.9755233208995024,-0.035467666,
1330,orb_break,close,-2.8881129358150672,-0.008065842,-2.831241921261209,-0.007164427,
1330,vol_atr,close,-2.667407177749542,-0.039220944,-1.4472318963218544,-0.031010099,
1430,ret_since_open,close,-4.939764945792079,-0.040931758,-3.770251396427061,-0.04082575,
1430,rev_since_open,close,-3.194296003801006,-0.03164278,-3.8860031424453902,-0.041601386,
1430,ret_so_atr,close,-6.881146750472234,-0.046062097,-6.13684184774365,-0.04357566,
1430,rev_so_atr,close,-4.39307369019082,-0.033370767,-5.605882966470434,-0.03991372,
1430,gap,close,-5.036304214470485,-0.038709953,-4.736176554111051,-0.047280602,
1430,rev_gap,close,-4.53547784013483,-0.039608233,-3.7387135542533936,-0.033966947,
1430,gap_x_rvol,close,-5.363396049811178,-0.039132833,-4.962204419141251,-0.04661248,
1430,rvol_up,close,-6.361756988156675,-0.040680878,-5.052946827813598,-0.03898637,
1430,rvol,close,-4.717079039391014,-0.036948975,-4.4964501596206805,-0.036986366,
1430,rvol_down_rev,close,-4.6356987512328205,-0.03735006,-5.218144327813264,-0.038939744,
1430,clv_hi,close,-7.481227971421068,-0.04504396,-6.219340064588232,-0.04144946,
1430,clv_lo,close,-5.051347286176408,-0.037392907,-5.39877236612662,-0.03617743,
1430,gap_up_hold,close,-5.424224522452907,-0.038560815,-4.342754125678903,-0.04153175,
1430,orb_break,close,-3.7841609272389567,-0.0076983827,-2.5008757801911488,-0.007306106,
1430,vol_atr,close,-3.1326280201757823,-0.035871513,-2.426850497671101,-0.039575435,
1530,ret_since_open,close,-8.508748728858501,-0.043140966,-7.711591299202882,-0.044273946,
1530,rev_since_open,close,-6.602998239885224,-0.036211763,-6.986757657983268,-0.042095553,
1530,ret_so_atr,close,-10.14904863612444,-0.046208594,-11.747193690376431,-0.047720708,
1530,rev_so_atr,close,-7.308488355840188,-0.03668127,-10.07796483545273,-0.042240564,
1530,gap,close,-7.995298228806557,-0.03871086,-8.904660121666057,-0.04521352,
1530,rev_gap,close,-7.862714630564643,-0.03986925,-6.9104333596140854,-0.037801974,
1530,gap_x_rvol,close,-8.30638613202573,-0.039287467,-8.953009709432258,-0.044382486,
1530,rvol_up,close,-9.865513913901996,-0.042863157,-10.951641006427216,-0.044401262,
1530,rvol,close,-8.269033215603757,-0.040210262,-9.43891365184829,-0.042263154,
1530,rvol_down_rev,close,-8.070414710021126,-0.038773086,-9.151379365887069,-0.041134592,
1530,clv_hi,close,-10.473065339657463,-0.04472145,-13.095026800261646,-0.04745597,
1530,clv_lo,close,-8.809919568546537,-0.03940905,-9.977280289097585,-0.039435368,
1530,gap_up_hold,close,-9.05705229972138,-0.039486155,-9.145139213803503,-0.04391817,
1530,orb_break,close,-3.0070708615657944,-0.004289662,-4.548789376084435,-0.0058193766,
1530,vol_atr,close,-6.0205006226126505,-0.03666682,-4.734041466442125,-0.03914069,
