signal,k,h,dev_sh,dev_med,dev_mean,hold_sh,hold_med,hold_mean,turn
mom_12_1,10,1,0.6165771359327941,0.007176602381945396,0.022344209255538785,0.5637802120918959,0.006133963090522165,0.022423700213359953,0.17323227646055975
mom_12_1,10,5,0.6799138783192816,0.010005856071841679,0.024975143699787053,0.5921969391507553,0.008325937081006485,0.023481938674152495,0.08766324880764689
mom_12_1,10,21,0.6805867882962765,0.011368009309374316,0.0238647909912177,0.6952115408951313,0.011060781361996952,0.028664340437617952,0.050799202976531906
mom_12_1,25,1,0.6697844669384906,0.019036388714338215,0.020015625353446156,0.6650724252496895,0.01598353109182349,0.02454639507515757,0.15182945276500925
mom_12_1,25,5,0.690752350256362,0.019618060909840418,0.02054954682542985,0.7358090989823192,0.020861747822329857,0.02738040562425469,0.07880274671797753
mom_12_1,25,21,0.698778417474957,0.016537518383753835,0.020548656741493823,0.7771721766283547,0.02086412550444061,0.02937586796920267,0.04660942309208435
mom_6_1,10,1,0.6743946433923114,0.010459324396869807,0.02448708926379745,0.37758564887731205,0.014774188793578835,0.01230018104941197,0.23812878604064977
mom_6_1,10,5,0.696794450471745,0.022144273319481544,0.02518649705962705,0.4704286624531237,-0.003415828615696115,0.016078496117059304,0.11402627139916112
mom_6_1,10,21,0.7665808268649833,0.02004669647789803,0.02693387936052704,0.5361801742314541,0.02680108108487489,0.01879879600881217,0.06227018761264792
mom_6_1,25,1,0.6434886319783659,0.01414409648010495,0.018867668174977793,0.5122383481154503,0.01764864625551965,0.01739267581399905,0.20990052575517415
mom_6_1,25,5,0.7367114241759921,0.016439165331899153,0.021488061937315128,0.5533246214202985,0.008790270834816427,0.018991463193018154,0.10473415323173552
mom_6_1,25,21,0.7932829213353405,0.012990495297328764,0.022664301349986746,0.6378372284274263,0.016580150089997803,0.022206728329204114,0.05708368141933875
mom_3_0,10,1,0.6193811459845724,0.00629137370382471,0.020823842836375943,0.2295499248002083,-0.026412503434283363,0.011706526395034039,0.3076786375239711
mom_3_0,10,5,0.6893666110893042,0.00864927941434046,0.022380298970747777,0.3772976551933189,-0.017188638038576065,0.017491278907103246,0.14400565490797326
mom_3_0,10,21,0.7120314059190989,0.017860728662411507,0.02261936501737148,0.5334912724358338,0.007701119674701884,0.02119603046176441,0.07217079206193454
mom_3_0,25,1,0.4228751875792306,0.0037548552908736044,0.010565102393415094,0.14889356482884422,-0.010487831590396901,0.00397351676710451,0.27773485717437324
mom_3_0,25,5,0.5854522344374598,0.007605776786205443,0.014768969282408223,0.3498015358384352,-0.0018759619218214896,0.010388461950183175,0.13171468519018942
mom_3_0,25,21,0.655481777715372,0.01538814780351705,0.016477482426501638,0.48426952021456626,0.010867968281235818,0.014501701231666669,0.06687401275939103
high52,10,1,-1.4707826036538618,-0.016654893153788985,-0.020394858209810473,-1.1917069219839085,-0.024751677682124495,-0.021333357653338825,1.1226613694633354
high52,10,5,0.3848985945194927,0.009084196700053782,0.004893394599598517,-0.24882715437524988,-0.008409270424275084,-0.004758928124177231,0.3101488684311536
high52,10,21,0.809010620356953,0.014942038438008454,0.010349962837038167,0.3371191717183215,0.005373812660580013,0.004466516159173279,0.08824204410152589
high52,25,1,-1.1135297018157408,-0.014591657019717152,-0.014271829246727426,-1.1233927156164911,-0.01848854820645296,-0.0178368943552389,0.997879181084744
high52,25,5,0.5013753593340171,0.0066275484321842715,0.006134333494678323,-0.12461408835703527,9.702183688431454e-05,-0.00227824758920074,0.2893707642989408
high52,25,21,0.8805530354423267,0.013716189900320863,0.011119309510419917,0.4239194545882953,0.005754891529628603,0.005572842903513106,0.0846670860088495
res_mom_12_1,10,1,0.7999051329190523,0.013760913556909449,0.03146978392676348,0.5196519951845301,-0.00017259806439651193,0.021074419948283258,0.15412492093539848
res_mom_12_1,10,5,0.7337164152986437,0.01652986002887702,0.02784246116761706,0.5762540942911056,-0.0031786237314449517,0.023704653921288555,0.08131232685848659
res_mom_12_1,10,21,0.7153014295979112,0.012611674518837046,0.02663266369538419,0.6009957431198686,0.01042184120800771,0.02465839771096244,0.04963559089615878
res_mom_12_1,25,1,0.8382426359531054,0.020309751188266723,0.026375116413330336,0.6744756645699769,0.0271126828621151,0.026449004503663852,0.13493383938886505
res_mom_12_1,25,5,0.8073284260203355,0.017408659798057613,0.02521682648264223,0.7162615600667644,0.03877147092195754,0.028193517633353905,0.07313093089289364
res_mom_12_1,25,21,0.7605007368285723,0.019329566151302213,0.023302150381388786,0.7325303868470557,0.03349896600214719,0.02886772861995518,0.04532246239677843
rev1,10,1,-0.6119425512741214,-0.02901645267532088,-0.022115585682601576,-0.7648563923261746,-0.03941290632267069,-0.038566529923122574,1.7881061156547637
rev1,10,5,0.46445119146770836,0.00974375863309096,0.012426261491655705,0.4850976441938817,0.023276905072108223,0.013634273403248518,0.3821531326610771
rev1,10,21,0.6894804227623338,0.01656258930775445,0.017225434759789954,0.5152692735880819,0.020061966659945973,0.013427587905743275,0.10729263234863384
rev1,25,1,-0.7173058602277083,-0.02207126442176577,-0.020525474482073047,-0.7729275523777812,-0.04466950716479867,-0.03203272308843278,1.7340307853717711
rev1,25,5,0.45421032660675087,0.01001189151647286,0.011223726435277455,0.47748854034921595,0.026103636666423347,0.01242632399941335,0.36856938192676847
rev1,25,21,0.6699906851776632,0.013489482398764019,0.015679774486151366,0.486429356024665,0.018599861695747233,0.011799454435945003,0.10289382964489292
rev5,10,1,0.3441626814464516,0.004818262935439854,0.011903360045525661,0.5573975928836642,0.020295766606059917,0.02055224524445997,0.86863622317263
rev5,10,5,0.5905665044334331,0.019894294618926223,0.01917908188256161,0.49584769560243686,0.02619979082673418,0.015676340564252152,0.37266475988881564
rev5,10,21,0.7809486350545287,0.0184198420697832,0.022745339757047563,0.5031179703748432,0.027457248953687285,0.014058988400036844,0.10505119384701267
rev5,25,1,0.23434632817754358,0.009393728398391477,0.0062857562367952145,0.3763067148669085,0.002967192379426553,0.010197875630391578,0.8353008981345603
rev5,25,5,0.5497060056117294,0.021323664822743726,0.015296981172638105,0.47244799159097983,0.03789496883161236,0.013217378909616561,0.3607170024062656
rev5,25,21,0.7133606018979501,0.01780722735446083,0.018090536769592734,0.4827989830122755,0.02266894507759032,0.012283966990767291,0.100366073888034
rev21,10,1,0.7307489022934038,0.01800306632610904,0.02682089451910752,0.45549675733173023,0.01675779346191053,0.014297212397214085,0.47186274040061676
rev21,10,5,0.7211436120312867,0.02234687470942809,0.025701297671654823,0.3349994083149552,0.009772938428550537,0.009678739785447435,0.2164098484642386
rev21,10,21,0.6491486644213528,0.017268758984813948,0.023482041438547145,0.43066321559622656,0.021821396878821897,0.012852681804435783,0.09810088702748379
rev21,25,1,0.5979040919899963,0.011969291948079164,0.018008333769057215,0.32230541562892545,0.02509581877461553,0.008114863903329776,0.43277975491303444
rev21,25,5,0.5678622897295901,0.016852534577314615,0.017104573899754123,0.45538700221645606,0.026243285968576613,0.013376083369065407,0.20244206533206663
rev21,25,21,0.5938263328872437,0.014279892348692758,0.017549217186524895,0.3807641739000465,0.020654008109549205,0.009814008320743563,0.0938313807246361
rev1_atr,10,1,-1.3726563753447507,-0.03920619941802178,-0.030243860256563462,-1.9754294990540937,-0.043038901589991685,-0.04790704447291883,1.8539739925045047
rev1_atr,10,5,0.2864728420346347,0.004898995312758947,0.004755895761284997,0.044880859412164,-0.0050287787575914455,-0.0003560341180787848,0.38702090132543554
rev1_atr,10,21,0.815102200442777,0.01707030722252534,0.012305032682629172,0.4612299547721559,0.0054577132748783175,0.006591244869079724,0.10194170558960143
rev1_atr,25,1,-1.5001013121358842,-0.027393899061403215,-0.02715672275099339,-1.6364868152924719,-0.040670155693300014,-0.03667827571284628,1.8188293664645385
rev1_atr,25,5,0.3165693626504383,0.005679768185084311,0.005207594121749674,0.24984657284595382,0.004751555383529338,0.0034440023493079322,0.3804495115531772
rev1_atr,25,21,0.7903964570147622,0.017252658803297516,0.012033920197587391,0.5208957010146684,0.008041097143679066,0.007656816275912468,0.10031153917888418
rev_res1,10,1,-0.6941052186271084,-0.031972363724852904,-0.023304128166252994,-0.8078607041075991,-0.046307823171145235,-0.039354112274795905,1.7849899828360418
rev_res1,10,5,0.38895717617745934,0.004062652573612491,0.010352925598213084,0.4230053365118823,0.013024156261521203,0.011650172647299801,0.38162571658376193
rev_res1,10,21,0.6937503210848414,0.0144373092755824,0.017542024738215277,0.4768612282796174,0.018261120562454547,0.012398830572664414,0.10726833791411872
rev_res1,25,1,-0.6666549329538903,-0.026463280683990897,-0.017922756532879065,-0.8672600154080436,-0.04500584012173636,-0.034091686562232944,1.7307091520819067
rev_res1,25,5,0.4173789842021717,0.012310616281964282,0.010280116791107581,0.3428290426272887,0.011973497661290633,0.008266713426944256,0.3676120076017856
rev_res1,25,21,0.6837526815886987,0.017012916938096256,0.016113165968199384,0.47278956213237544,0.017112912643142852,0.011465478118958074,0.10271231878807528
rev_res5,10,1,0.2235880353763382,0.004398800179208018,0.006276075151175744,0.3818050967897041,0.011396996158826722,0.012526619578594987,0.8791335766185889
rev_res5,10,5,0.6178275217114968,0.022139824818467324,0.019660107923215226,0.385705560536576,0.015577614979174648,0.01115773936883119,0.3727495143939704
rev_res5,10,21,0.7473322617377708,0.01661663827626514,0.021479653958206373,0.44477563670751574,0.027200375821058165,0.012120637723811617,0.10507062474431142
rev_res5,25,1,0.13070849362387302,0.0056165011694893074,0.003106313917415967,0.20729097051980036,0.0033628336189717167,0.0037229953997814573,0.835193339077757
rev_res5,25,5,0.5606909967915011,0.015386774290730099,0.015045025278323384,0.41673345678838697,0.013085194852364479,0.0113369016700883,0.36061749427471296
rev_res5,25,21,0.69981802619484,0.012833814801758936,0.01754986133822963,0.43636173969411524,0.01838532871759968,0.010865797745382847,0.10017631523002841
rev_gap,10,1,-0.5801643512450415,-0.017841227082999844,-0.016707945713218448,-0.5404603025581396,-0.02263129196158531,-0.024205996853168103,1.80358476056516
rev_gap,10,5,0.4237764146471742,0.012784776647418283,0.009193767620574304,0.5489478442844395,0.01866500723396647,0.014090373361279917,0.3804467969040699
rev_gap,10,21,0.6905844304473072,0.012096489083318396,0.014271747754145891,0.5602541081641402,0.012458870639910913,0.013217402330002593,0.10386441383399493
rev_gap,25,1,-0.7981649557419617,-0.019543218195069656,-0.01931947425428039,-0.4083505998305538,-0.018281702307612058,-0.016641506910236598,1.7301092120212564
rev_gap,25,5,0.4061539450642157,0.009660015395770438,0.00833365292775842,0.537082442926701,0.020285391563446442,0.012528968905205978,0.364411508855227
rev_gap,25,21,0.6455796400715108,0.013325200720415986,0.012781174464967841,0.6367135319886115,0.01652460669381095,0.014459321254797932,0.0989480470239095
gap_up,10,1,-1.4441207205056696,-0.047863405322782215,-0.04070759072902567,-0.2089234248341437,-0.027263010447906577,-0.0099621954670436,1.792251184328539
gap_up,10,5,0.18916384426052954,-0.0005089057674407815,0.004602403201558843,0.14546831493403833,-0.001693230122663203,0.0024624978206323283,0.37912024466075533
gap_up,10,21,0.6487546761026726,0.009809501404383303,0.014008419499778765,0.4884082956429701,0.009684816659411899,0.011492756510209255,0.10433928072394952
gap_up,25,1,-1.402230695698974,-0.046314287699621315,-0.03297769516230513,-0.5224019408237424,-0.043165179767475026,-0.01659246890337043,1.7142553847278172
gap_up,25,5,0.18691008482735888,0.003405683194274811,0.0037110917087458525,0.2537454714126296,0.010859631912128576,0.005184391363601641,0.3629948331345233
gap_up,25,21,0.6099601184713659,0.011152595212828631,0.012103329119921069,0.5487940557642628,0.013016462986911392,0.01229857190445232,0.09913852706765403
rev_lowclv,10,1,-1.4228514659428224,-0.025713862067330118,-0.03138624631288381,-1.35889692142068,-0.03211616699365438,-0.030294378908209105,1.8562927724663052
rev_lowclv,10,5,0.3297539571642658,0.006310292530135486,0.005856110538659602,0.07877222005831928,-0.0023659781724056916,0.0005688851260119206,0.38310021557089724
rev_lowclv,10,21,0.7833065477166415,0.015588323345840926,0.012626856800966339,0.45721974167454554,0.008909788338688163,0.0071352010604647164,0.10174544236357277
rev_lowclv,25,1,-1.5013129903859128,-0.028505698173647787,-0.028270177801180282,-1.4242257873095352,-0.032975476351032484,-0.02979988915605587,1.8271664923518895
rev_lowclv,25,5,0.3577028292588566,0.008779448416578073,0.006137698715440788,0.06256752640663714,0.007742175903673321,0.00015144212441371002,0.37712725888848714
rev_lowclv,25,21,0.80504815050609,0.013938906410928209,0.012903804880923794,0.4380446179251084,0.003757165020201292,0.006786164233547354,0.1002278119844604
clv_high,10,1,-1.4276879642532245,-0.021929863891119283,-0.02478009560769164,-1.6742109291127882,-0.03452043827738949,-0.03377640491221525,1.851544358897454
clv_high,10,5,0.23121170443961644,0.005861576047753836,0.003460636052664448,0.15126760079815138,-0.003158022495318824,0.001533710075512378,0.38164509312256384
clv_high,10,21,0.7692654387023973,0.01261683820431525,0.011132413812322462,0.5567036002136454,0.010415993062711237,0.008256685490303074,0.1005095265538332
clv_high,25,1,-1.7429245799550177,-0.02520953123896147,-0.02719313471572072,-1.774455783276083,-0.029530091032589634,-0.032968221802385546,1.8214477390040942
clv_high,25,5,0.23527709527671734,0.006422470873720276,0.0033819834896222016,0.13079392655280403,-0.001454415685062771,0.001409047854983714,0.3751095421029882
clv_high,25,21,0.7612731279910541,0.013400159943894208,0.010927652183530165,0.5525316704069656,0.008594138969552745,0.00832741626699776,0.09844401226702261
vol_surge_dir,10,1,-1.6240616026968144,-0.036783148646498065,-0.040105228267305906,-1.0013792582156404,-0.01783871761600042,-0.026519326132763654,1.7171248582725913
vol_surge_dir,10,5,0.08900087137457552,0.0014975499766717304,0.001314052723506238,0.14025517273678909,-0.003501791495458484,0.002044079431564477,0.38439909861539834
vol_surge_dir,10,21,0.7319100782857797,0.015447054537789162,0.011693407774727707,0.31954399440407283,-0.0006041970004588837,0.0056106314590437245,0.10235330899730215
vol_surge_dir,25,1,-1.800458629883663,-0.03478371137553177,-0.03347312147218113,-1.4352813506168314,-0.027052244908878698,-0.030872072224284692,1.64465107668067
vol_surge_dir,25,5,0.13651174898323104,0.003018037403926477,0.0020350915730467183,0.02741811467730415,-0.005135476568700281,-0.0001126792141717822,0.37518403515538723
vol_surge_dir,25,21,0.7299537523724802,0.014202758332595211,0.011204244215037967,0.38384836376933695,0.0010639651124781935,0.006275595898997684,0.09975929122082486
vol_surge_rev,10,1,-0.5785924920282787,-0.015730319380335644,-0.015414249122754428,-0.7404997945355523,-0.02249671898584038,-0.0271231955000652,1.7081101519195159
vol_surge_rev,10,5,0.5245327405876958,0.013954408861252099,0.00943286263327899,0.343225490605701,0.009665201627031994,0.0067832506729298995,0.3861921027097427
vol_surge_rev,10,21,0.7773834053761342,0.017795959845145815,0.01319815386158684,0.47081708666918387,0.007748783122609959,0.008151723322746808,0.10297747005603494
vol_surge_rev,25,1,-0.8151148673194082,-0.014875465844781166,-0.016788352376068207,-0.7014865952839251,-0.02327913436343887,-0.020580218426770356,1.6350609169241814
vol_surge_rev,25,5,0.5066190162651716,0.011550563841011052,0.008546656119079723,0.41457238726406875,0.010430067676899801,0.007292202410785634,0.37849899302794665
vol_surge_rev,25,21,0.7839171045255828,0.016350848939029827,0.01295015384577206,0.5064590362422591,0.0021802771528969256,0.008400355904399312,0.1010658790620593
lowvol,10,1,0.7104445584876724,0.007269276324362028,0.0068306011091855984,0.37194065648339797,-0.0024891688639094856,0.0033257098502426866,0.15682798137494533
lowvol,10,5,0.8291036524867412,0.008643616602027504,0.007904505893694947,0.3247017695779011,0.0020052039745779293,0.0029056970053666863,0.08224213345085458
lowvol,10,21,0.8185171917948669,0.011208127033485504,0.008017180959462907,0.3294611414766726,0.00040895476260982555,0.0028793235248991376,0.04360681521829691
lowvol,25,1,0.7344179252502627,0.008207232199890169,0.00675697572022442,0.3161952655319317,0.0029707913505168104,0.002783524132602697,0.12977351087713032
lowvol,25,5,0.8551152864272306,0.011370115086423382,0.00796658172738487,0.39828828221566015,0.004125576290326505,0.003584136590485227,0.06957139551452933
lowvol,25,21,0.949369990304949,0.011405155285758695,0.009110671114637536,0.43164784977893217,0.005957965460760661,0.003861946686935899,0.03807653948810579
highvol,10,1,0.8466169134975549,0.025807396360168045,0.03908576765812509,0.422994560635505,-0.00038829813075391684,0.014137922834792618,0.13194988344110306
highvol,10,5,0.8534042380322593,0.028914808448087248,0.03821237106348814,0.5368516975242776,0.0003436440772346394,0.021353338241925333,0.0890771778242063
highvol,10,21,0.9054626897472091,0.023098723190172032,0.03896062458020612,0.6522649887426534,0.01740049045526937,0.028090877131029833,0.0594709995218876
highvol,25,1,0.6682239721732108,0.026896459192472633,0.02463197644240028,0.4147546448811822,0.009866091671414168,0.015535624003050794,0.1083276234618849
highvol,25,5,0.6777796116835417,0.024256410690954855,0.024872838230756034,0.422109906589265,0.006362351060707372,0.015785251924294107,0.0745475314731526
highvol,25,21,0.7446787175769934,0.016366965941571388,0.02676040332081375,0.46764082490193515,0.0020135744761609065,0.01782928084640305,0.051718783775628635
max_rev,10,1,0.49857422578261124,0.007906493242894386,0.0065711763739578445,-0.23274888169690428,-0.0071234277877133545,-0.0025743685704757283,0.38532988596585765
max_rev,10,5,0.6127316200727161,0.008702116625283862,0.007380343009771613,0.1170449534636218,-0.0011075343766107082,0.0012370439584304092,0.22044103997640546
max_rev,10,21,0.8600098904931474,0.010665931818587993,0.009629872985737793,0.27016757312530043,0.0028512320086149234,0.002624623866624264,0.08603142973775466
max_rev,25,1,0.4576742570919244,0.007629023481010688,0.0054703922132683935,-0.3908901919212972,8.290901945096074e-05,-0.0044290361753969824,0.31088093886058926
max_rev,25,5,0.6198582286154825,0.008789097116766453,0.0072331266462156586,-0.04455497809051969,0.007563813023806487,-0.0006989353538982002,0.1910647376455617
max_rev,25,21,0.8719948509704143,0.011104597135664362,0.009583389046977238,0.16984495899692043,0.006691700153144575,0.0014177198864925124,0.08169892055798206
max_pos,10,1,0.5443335587385405,0.013981534981563293,0.01799879246339723,0.31304531434653754,0.005450634711947844,0.011415646877535901,0.1896243723110066
max_pos,10,5,0.5180097357300868,0.014172017445097995,0.016752820877986897,0.17325043232997586,3.3148376213709696e-05,0.003776910070912084,0.1437277946186939
max_pos,10,21,0.5511661120591177,0.0151482705156889,0.016850905264180812,0.12623398352340018,-0.021632477105067216,0.0013366045503985548,0.09114805586435687
max_pos,25,1,0.5383727183843724,0.013863697559214905,0.015297772938624053,0.4399543405595668,-0.001240867479242791,0.015559509851479828,0.16920187603556255
max_pos,25,5,0.5526543053036022,0.014537063539725503,0.015758895116904387,0.3870272129853625,-0.004188503609349747,0.012736986409337044,0.13172081709923034
max_pos,25,21,0.5827943155325277,0.019837636020805793,0.016010704951039793,0.221687100530875,0.0017793384231503673,0.004940048256068985,0.0858742382500079
lowbeta,10,1,1.0262211187580557,0.015678183753744523,0.022399585589730805,-0.12933615923838657,-0.0070409528183945636,-0.003263131686318846,0.20417459613051273
lowbeta,10,5,0.9863477239062323,0.014101835705499055,0.020013162332333793,-0.06390914893910991,0.0027608769031373104,-0.0020698505716354025,0.10711994935314866
lowbeta,10,21,0.8357793205583317,0.010888525100599233,0.016338854756605906,0.02291060990273081,-0.003386363644835133,-0.00036771106385334037,0.05677817886653505
lowbeta,25,1,1.0737719040329183,0.011453272743672693,0.015279974543413137,-0.05681370241528566,0.0015282197351547122,-0.001633649146139693,0.16582896170139588
lowbeta,25,5,1.1499923274168784,0.014749046345759798,0.015751225521869566,0.001594031381155143,8.984593843375244e-05,-0.0007828333859545698,0.08677022798910662
lowbeta,25,21,1.039471254078506,0.013463535932703996,0.014426419645932978,0.11134176227540869,0.002675032738304939,0.000739201413192758,0.0477224050029953
highbeta,10,1,0.37493881126811435,-0.002256799766536588,0.015948819141290902,0.2602796245784204,-0.009401869603070656,0.008987293958932458,0.1869298474633554
highbeta,10,5,0.46879653022511103,0.008637113653628292,0.020288539923217424,0.43230349935317236,-0.00420916734952792,0.019532758757194707,0.10146541200622619
highbeta,10,21,0.643535594382331,0.014943646327525983,0.027680528332555403,0.49192575503488994,-0.006141673431187655,0.022540033337847654,0.05836861296862547
highbeta,25,1,0.5713973295540655,0.013876196097955207,0.021004468292732652,0.22018537744597824,0.015940103303408115,0.00573155329079133,0.14948499327647838
highbeta,25,5,0.6060878480266487,0.02563905784326259,0.02215698009945246,0.2723939535737162,0.021353832417320806,0.008468707672748333,0.08657199639549852
highbeta,25,21,0.6757226182656623,0.016891994334409466,0.02421909760708645,0.34897365541810305,0.008890533256226574,0.012416974390888262,0.05191789591044958
idiovol_hi,10,1,0.946853587639197,0.023469479875975696,0.04189701265861908,0.6726757458367486,0.04326455737866586,0.028471711451794862,0.12386551991377612
idiovol_hi,10,5,0.862474819027491,0.02502224155324162,0.036922474566733685,0.7027722211672343,0.03120894407439989,0.029912089239594677,0.08762519425136667
idiovol_hi,10,21,0.908852298722075,0.027384517861033575,0.03805447912297768,0.730933871036777,0.02245923184916654,0.030616705274337394,0.059902957157350986
idiovol_hi,25,1,0.7085777160176311,0.017291562723217635,0.02520137206070098,0.4700776799597728,0.004909478048382487,0.017404805222350415,0.10589983724732402
idiovol_hi,25,5,0.6784378767144887,0.010710364373220704,0.02422298383886101,0.47520853405891894,0.004997985147551898,0.017284446892942933,0.07420757100416861
idiovol_hi,25,21,0.7346604954587831,0.01103302308557741,0.025579324101435104,0.50425790030655,0.011467131679857356,0.018264990053635737,0.052380342563992106
overnight_mom,10,1,0.13242921248400685,-0.006272276561968271,0.002957674117486575,0.3918743036928459,0.005634145956849412,0.012276424835466595,0.36748727304495704
overnight_mom,10,5,0.4389817646561984,0.004114510630099155,0.013146997630860578,0.3783159080009967,0.01395672838373696,0.011307576618038556,0.18875633957050608
overnight_mom,10,21,0.6126088546559677,0.013591171577328587,0.017714246414230476,0.44572827008148674,0.011675487832200515,0.012066038604735563,0.09393534337864694
overnight_mom,25,1,0.35609325613574,0.006099648805035884,0.008811820745082195,0.3067878626902956,0.01707359241605655,0.007881729139107434,0.3333201953744292
overnight_mom,25,5,0.5366904906385225,0.008662745296412533,0.013036973390088953,0.2901820173455046,0.014072746727386898,0.0070477256091727725,0.17580089788091438
overnight_mom,25,21,0.5696621226760897,0.01449429437357419,0.013444761817255341,0.2933958636274731,-0.0060399185154373924,0.006259912251610481,0.09004152206663008
intraday_mom,10,1,-0.15802441602034775,-0.01335940091557597,-0.006307293782824702,-0.04317306100015481,-0.012929209683750331,-0.004412140841978188,0.5040675766461699
intraday_mom,10,5,0.18093590109975038,0.0034589888368031785,0.004306932174393899,0.20245691547783137,-0.0006435910189532823,0.004956641457255775,0.2191902971987851
intraday_mom,10,21,0.437234491457815,0.011941933765465373,0.011067140052581421,0.38318489065362543,0.0019271209126097144,0.012913511297208007,0.09458828879262508
intraday_mom,25,1,-0.03279498218302775,-0.004910108825179393,-0.0015448554094456169,0.018537501119881908,-0.021455551259429106,-4.140009304487435e-06,0.45358021492651646
intraday_mom,25,5,0.3219136408077847,0.004992279001292066,0.0068048280502983095,0.30510474249812897,-0.01648683264968165,0.008670799706839788,0.2043283988886755
intraday_mom,25,21,0.5130023876397107,0.012202247613175565,0.010972921901846833,0.4712146337712982,-0.008415633324253213,0.013797988891076064,0.09085149328214366
