name,K,hold,stop,trail,gate,ntr,avg_tr,expo,dev_sh,dev_med,dev_mean,hold_sh,hold_med,hold_mean,dev_dd,hold_dd
rsi2<10 up200 exit>sma5,5,5,0.0,0.0,False,7439,0.0005799483642478274,0.9735660999634166,0.10562479253484676,0.001703610436834757,0.0025852035282147375,0.13791332577096233,-0.007278459071397458,0.0032260439140593808,-0.8261535893486116,-0.5786453749872125
rsi2<10 up200 exit>sma5,5,5,0.0,0.0,True,6325,0.0005298778651436254,0.8594727413812134,0.04455061689139507,0.00037608011430501076,0.0009815414518124094,0.21723263508851146,0.0,0.005929164962499274,-0.7813199330921013,-0.4813275539140578
rsi2<10 up200 exit>sma5,10,5,0.0,0.0,False,14681,0.0008397862206750982,0.9562207229840464,0.23441752886797101,0.004531754078319961,0.0048350715053284,0.06394691845632373,-0.006808506102369938,-0.0005600393441142424,-0.6251877442774936,-0.5372916762264648
rsi2<10 up200 exit>sma5,10,5,0.0,0.0,True,12585,0.0006706697871075801,0.8486420973912078,0.15378671768720736,0.003972762446555866,0.002841348121300455,0.14720929456357026,0.0,0.0016757094200299113,-0.5765974457963918,-0.5048785230995201
rsi2<10 up200 exit>sma5,20,5,0.0,0.0,False,28162,0.0007795332569895206,0.9191676387971633,0.3024505216603633,0.005126630632609874,0.005196984396950116,0.07045923521438084,0.0013659585484924186,0.0002086240492786731,-0.5254098463139791,-0.4742409067087272
rsi2<10 up200 exit>sma5,20,5,0.0,0.0,True,24474,0.0005096724667967511,0.8231013656231312,0.23110347859234667,0.0022220505590266892,0.0035819188071768092,0.10092114267883091,0.0,0.0008484176485398582,-0.47946675529987026,-0.43979346677752595
gapup2atr rvol3,5,10,0.0,0.0,False,796,0.0071337473265880285,0.374721166205553,0.7526301874157788,0.003371875648292999,0.0066089784336032685,0.2519098779348621,-0.0009671402283936148,0.0031396070694080713,-0.17982190814928667,-0.2688909102187169
gapup2atr rvol3,5,10,0.0,0.0,True,719,0.00792091158394665,0.3445525572148736,0.6431720315876684,0.0026957991748606247,0.005494344135254151,0.45105107307686165,0.0,0.005655217021369852,-0.18263461646422752,-0.2239792310485711
gapup2atr rvol3,10,10,0.0,0.0,False,906,0.006088321951953233,0.21724104288462381,0.6064085146932432,0.001651184712498921,0.0032090805251032456,0.21547702204092326,-0.0004647399532030638,0.00157046138108341,-0.11833969127862853,-0.15858918089093466
gapup2atr rvol3,10,10,0.0,0.0,True,824,0.0063244517181687285,0.20071380092698088,0.49747077323968353,0.001404982918528197,0.002572660205612835,0.350313479325582,0.0,0.0024330861588434992,-0.12649323049423766,-0.15889778789854792
gapup2atr rvol3,20,10,0.0,0.0,False,929,0.007139443539585439,0.11185916482835759,0.5535974235754326,0.0008420272723124178,0.001726235657268339,0.35209466818400587,-0.00022778720196214852,0.001472758804543059,-0.06993118579369328,-0.07877074856740118
gapup2atr rvol3,20,10,0.0,0.0,True,847,0.007470922757469048,0.10357403669123089,0.45924455597781544,0.0007044379483203134,0.0014083635769819838,0.4919278627594736,0.0,0.0018983236855644823,-0.08711828193020676,-0.06993519690024297
donchian20 rvol1.5 trail3,5,60,3.0,3.0,False,855,0.013167929986485818,0.9287006549131479,0.6837407362984911,0.009204329039137593,0.012932637428540405,0.581750262292485,0.008028297588200006,0.012195162701950334,-0.37575796653512494,-0.36150417881632
donchian20 rvol1.5 trail3,5,60,3.0,3.0,True,782,0.015846624368120996,0.8428636555032075,0.6964166355971312,0.0072645426996423845,0.012795340510200497,0.7551639444432101,0.0,0.015214043519045886,-0.3799739657537108,-0.2897616327937822
donchian20 rvol1.5 trail3,10,60,3.0,3.0,False,1651,0.012521116962176664,0.9168387651470338,0.6950365813337868,0.00644232101316955,0.010062950247688166,0.8060902492107552,0.010639538389052516,0.014881105052892774,-0.3042649351917669,-0.31935343049805875
donchian20 rvol1.5 trail3,10,60,3.0,3.0,True,1497,0.012743021930034543,0.8386093417374967,0.6808963138749429,0.006467177008722014,0.009571365413541803,0.7957139614714743,0.0005330435402404188,0.013685217394505452,-0.3069335647154825,-0.23415356639774698
donchian20 rvol1.5 trail3,20,60,3.0,3.0,False,3101,0.009286308647070585,0.8872679570034874,0.6908839995034183,0.010857838328541591,0.008269346073404236,0.38142609124674276,-0.002327018606707143,0.0054450420811068875,-0.195605334949305,-0.24919798161228812
donchian20 rvol1.5 trail3,20,60,3.0,3.0,True,2844,0.008995847367427532,0.8223364205166785,0.6585854540675734,0.005133251718992593,0.007590253057241526,0.391410624889686,0.0,0.005339975826285983,-0.2128416681980082,-0.24290777992235268
52wh rvol1.5 trail3,5,60,3.0,3.0,False,830,0.002184541167611647,0.9060025568507691,0.3993541812312075,0.0034070702283577337,0.006184868137863914,-0.003796418153242215,0.004808409744751607,-0.0006579854271440242,-0.35582180636569627,-0.3514991777971005
52wh rvol1.5 trail3,5,60,3.0,3.0,True,727,0.0072390113183853355,0.827366472595287,0.5172830315596557,0.0019151459457913411,0.007803043242751485,0.18604188331941116,0.0,0.0028027107406304085,-0.3502620192194156,-0.3197635755824405
52wh rvol1.5 trail3,10,60,3.0,3.0,False,1551,0.005398682736810294,0.8823849501050421,0.5469018828834563,0.006857416417969553,0.0069360164607346715,0.11650145491296866,0.008804377029506094,0.0014679946853175588,-0.2645470937895985,-0.26973325302455753
52wh rvol1.5 trail3,10,60,3.0,3.0,True,1406,0.009410732591550825,0.8178074692408823,0.6057928813395286,0.007421482142929037,0.007503854085419662,0.4339748701976935,0.0017207094489317676,0.0069151140797479235,-0.22242286551599577,-0.24196798067905934
52wh rvol1.5 trail3,20,60,3.0,3.0,False,2797,0.007008245841510779,0.8303853208318328,0.6945825346096333,0.006877986347221254,0.007443431754077277,0.08314317404990344,0.00179961455337585,0.0006999643793471252,-0.19266212993253462,-0.2265039746283144
52wh rvol1.5 trail3,20,60,3.0,3.0,True,2603,0.009702625010726383,0.7821511412767408,0.7122267829334731,0.0047271151927869015,0.00750773275334071,0.3905830900010072,0.0,0.004909461324259162,-0.19278917884713875,-0.21507045901088917
leader dip,5,5,0.0,0.0,False,1778,0.005017028399789502,0.4059304292053257,0.4719622903292112,0.010090161978256518,0.006950850291171475,0.8022306423333593,0.013334180323344214,0.014367105013707549,-0.4222462310636488,-0.2429996463404107
leader dip,5,5,0.0,0.0,True,1464,0.005437408711157128,0.3489439314430582,0.6622471944026498,0.00919810730838655,0.00856230417314053,0.6816905619585908,0.00417396459740349,0.009294956521125193,-0.3439690731090215,-0.1793055579490752
leader dip,10,5,0.0,0.0,False,2368,0.0061222183302623795,0.2674855782371861,0.5840990354554667,0.0076474869736991025,0.006649615565269691,0.728588373238619,0.008736371294425505,0.009192938119583927,-0.24155840000159212,-0.1795047400311539
leader dip,10,5,0.0,0.0,True,1913,0.006718854444322139,0.22574065089004536,0.8341253147767209,0.006142081985527459,0.0077007605359288,0.6284243126927753,0.002218626566632853,0.0054236529159656715,-0.1525917435818025,-0.13657860414024414
leader dip,20,5,0.0,0.0,False,2665,0.006676594600168836,0.1496923309669546,0.6158878464263403,0.00436754304093212,0.004710973248614228,0.5687166914865821,0.005424379252035205,0.004393194112795738,-0.19281171954497367,-0.1288715576423105
leader dip,20,5,0.0,0.0,True,2094,0.007124518026545271,0.12263812268584469,0.8508361998654838,0.003332992423472847,0.004831744357531402,0.49426093754780603,0.0011260906136645321,0.0023649372340589737,-0.09347097843958574,-0.08327636183103992
leaders 20d-high trail4,5,80,4.0,4.0,False,554,0.033408654785608845,0.8642018635463238,0.6507688312968064,0.02041087377991757,0.014331738368521271,0.7429937528818944,0.03306120596012807,0.02328189278998485,-0.41197138608491946,-0.388873608064246
leaders 20d-high trail4,5,80,4.0,4.0,True,513,0.029227542060548176,0.8064460415747412,0.553409286490923,0.00921749823151674,0.011775301302946286,0.6638128511070162,0.0136026595949994,0.02016518715176034,-0.4532261055288689,-0.37870048801685796
leaders 20d-high trail4,10,80,4.0,4.0,False,1048,0.017586756422573575,0.8388173939229575,0.5331140548725479,0.01904919766495783,0.009001123404816767,0.4361822515750907,0.022780762108791652,0.011403249829058316,-0.29510979155993755,-0.3799213144487089
leaders 20d-high trail4,10,80,4.0,4.0,True,963,0.018904120422751327,0.7821272843686534,0.5493168594414746,0.01257765501095398,0.009073461062750733,0.43452580594227697,0.013879401941800928,0.011271541429783044,-0.29092636568205577,-0.3771353179509356
leaders 20d-high trail4,20,80,4.0,4.0,False,1899,0.019192333399251586,0.7570076920213266,0.5980748189545299,0.009475629859369894,0.008195157647130604,0.6964782062177768,0.018438751721371327,0.01510808395665102,-0.21711892473224426,-0.2913543880791153
leaders 20d-high trail4,20,80,4.0,4.0,True,1761,0.018280195364525107,0.7024176060481157,0.5436517804585337,0.007143128389702436,0.00733147738030336,0.5994848186891953,0.010043347688014403,0.01195659462508786,-0.21677807150036832,-0.29158592637824865
bigup rvol2 hold10,5,10,0.0,0.0,False,1236,0.0052413275844096305,0.5867862720868522,0.13922175945765292,0.0028056184778704196,0.002224714354019558,0.6266421488480172,0.011935606318036918,0.011368867611943969,-0.4535328990238833,-0.36371588090507223
bigup rvol2 hold10,5,10,0.0,0.0,True,1116,0.004377437098936934,0.5388384914587383,-0.005373858183913483,0.0,-3.49824249540979e-05,0.635078591588731,0.004506528263097831,0.01059767898440536,-0.5672321124362345,-0.29367939280407773
bigup rvol2 hold10,10,10,0.0,0.0,False,1685,0.0045008867183362385,0.40681218905626193,0.2996697762255894,0.0032933781033571696,0.002760475197001284,0.39933097820813673,-0.0002801628684732105,0.005192328221838283,-0.18792341849105487,-0.25982684645469156
bigup rvol2 hold10,10,10,0.0,0.0,True,1546,0.004085997464713387,0.37774031240137357,0.17466289003772817,0.000400979206660379,0.0015968255872901701,0.452950940110422,0.0,0.005519820668983872,-0.24677445352093852,-0.24888265524574682
bigup rvol2 hold10,20,10,0.0,0.0,False,1905,0.004503277990836676,0.23331527507086422,0.2365090477919907,0.0013296488168160758,0.0012393020603297029,0.47719313428072263,-0.0012014391900068144,0.0036724805426899274,-0.147322811307959,-0.15498276694964142
bigup rvol2 hold10,20,10,0.0,0.0,True,1759,0.003947349617230438,0.21778920266155194,0.11551135539827523,6.597106640748862e-06,0.0006004203639820812,0.5019253419074654,0.0,0.0036169290917190287,-0.17753314934621012,-0.14859718951148526
