sig,k,h,slip_bps_per_side,dev_sh,dev_mean,dev_med,hold_sh,hold_mean,hold_med
rev5,10,21,0,1.7046782310194777,0.05722576213626754,0.044136954915595106,0.3761990423534002,0.0139568007599996,0.018430452156271926
rev5,10,21,10,1.6255399867431293,0.0544906826032751,0.04148605112837522,0.3139271021783612,0.01124568873501735,0.015961136864099057
rev5,10,21,25,1.5067757006863018,0.050400767687314,0.03752167766333747,0.22049130911577214,0.007192004606199012,0.012267849260352959
rev5,10,21,50,1.3086846653761284,0.0436179875089801,0.030946219539410125,0.06469141856966576,0.0004703476901111579,0.00614076010492437
rev5,10,21,100,0.9119463335150111,0.030178072496273144,0.017913853167374705,-0.24717892491987747,-0.012844596381431058,-0.006007653654441891
rev5,25,21,0,1.4280669250057145,0.03789548822278976,0.03100784455874439,0.31858334289241663,0.008839588857739177,0.0050824985892050645
rev5,25,21,10,1.3347372536001676,0.035384841721337316,0.028248383322293513,0.24215101200599484,0.006285459441040971,0.0024336749074407305
rev5,25,21,25,1.1946784242963435,0.03162977551705016,0.02412247815852131,0.12746297398252399,0.0024658422556037077,-0.0015270731725653963
rev5,25,21,50,0.9610763004182931,0.025400300695579504,0.0179434796168918,-0.06378873458033782,-0.003869433034231463,-0.008095152924710969
rev5,25,21,100,0.49323709693488943,0.013049263961388917,0.006177922598094576,-0.4466826614384865,-0.01642545395164193,-0.02110782730668148
highvol,25,21,0,1.5655089089884278,0.07215189393739338,0.04162941084865668,0.10465831517438885,0.0011148570269836915,0.00011238591272078047
highvol,25,21,10,1.5313145615524941,0.07049849847628206,0.04006955655159006,0.0693283637642938,-0.00046924200829821235,-0.0014595542919779714
highvol,25,21,25,1.4799984067301228,0.06802304768879583,0.03776199048590889,0.016318496652639562,-0.002840873772973913,-0.0038130557680873256
highvol,25,21,50,1.394406493042259,0.06390964614844447,0.03431470563576655,-0.0720707622555693,-0.006781577860896315,-0.00772382916726555
highvol,25,21,100,1.2229837143536324,0.05572895311102271,0.027452575875905327,-0.2489948957724939,-0.014618124579981294,-0.015501579151205536
highvol,10,21,0,1.4353126274254833,0.1323378896430505,0.05884004672268006,-0.2907096220380667,-0.019271092645746512,-0.030982199595001148
highvol,10,21,10,1.4141529587981003,0.13022602969915792,0.05713599804384406,-0.32095825163491354,-0.020943562710091325,-0.03251698821612714
highvol,10,21,25,1.38239628713302,0.1270655739867531,0.05432737950526989,-0.36634038374043004,-0.023447085734203846,-0.03481483850995315
highvol,10,21,50,1.3294230335473465,0.12181764609043721,0.05025448047360448,-0.4420013344611381,-0.027605841951163994,-0.03863306278448231
highvol,10,21,100,1.223308169208021,0.11139450848818354,0.042153973542382595,-0.5934105205861131,-0.035871918097505284,-0.04622647293000559
