family,name,params,dev_sharpe,dev_med_m,dev_mean_m,hold_sharpe,hold_med_m,hold_mean_m,note
A_daily_rank,mom_12_1,"{""top_n"": 300, ""k"": 10, ""h"": 1}",0.6733444532491445,0.018445448443720536,0.02042921111075274,0.9341125831278779,0.02909217915090223,0.04189372654383627,
A_daily_rank,mom_12_1,"{""top_n"": 300, ""k"": 10, ""h"": 5}",0.6397574080156943,0.018316383753511745,0.019277332029096768,0.9521273864176294,0.03242131944292215,0.043190163312551696,
A_daily_rank,mom_12_1,"{""top_n"": 300, ""k"": 10, ""h"": 21}",0.6328316861272084,0.020979055456186946,0.018615507349505168,1.0349852795226866,0.043165129664805235,0.04759827562262283,
A_daily_rank,mom_12_1,"{""top_n"": 300, ""k"": 25, ""h"": 1}",0.6734513851339479,0.01522040358023713,0.01577251521357734,0.8685554225678831,0.022845904982587095,0.030736355072025618,
A_daily_rank,mom_12_1,"{""top_n"": 300, ""k"": 25, ""h"": 5}",0.7025443223024576,0.01552893345545947,0.016461160719132055,0.9013063271393256,0.030798910569967752,0.03231269084938595,
A_daily_rank,mom_12_1,"{""top_n"": 300, ""k"": 25, ""h"": 21}",0.719206058985493,0.015493827661308246,0.016666347013627823,0.9463144028142328,0.03188251728495528,0.03419163783455463,
A_daily_rank,mom_6_1,"{""top_n"": 300, ""k"": 10, ""h"": 1}",0.6229295909445588,0.016869337532978923,0.017516207720705123,0.7665895400833628,0.0413410824987841,0.03157094341636326,
A_daily_rank,mom_6_1,"{""top_n"": 300, ""k"": 10, ""h"": 5}",0.7755645249577505,0.02147168894880247,0.02238687769623148,0.8251642488973012,0.05612504893478576,0.034948724818246735,
A_daily_rank,mom_6_1,"{""top_n"": 300, ""k"": 10, ""h"": 21}",0.7116473473868211,0.021973791639084195,0.01996486047892744,0.8842844711214779,0.04072722587428701,0.03759477651742906,
A_daily_rank,mom_6_1,"{""top_n"": 300, ""k"": 25, ""h"": 1}",0.6466035762609222,0.015423849016781621,0.014319209285117285,0.5857823464434405,0.02859577249867451,0.018824391869749102,
A_daily_rank,mom_6_1,"{""top_n"": 300, ""k"": 25, ""h"": 5}",0.7211954534242027,0.018513601658152634,0.01616195453353731,0.6505429751566151,0.024287992347391985,0.02144522301209574,
A_daily_rank,mom_6_1,"{""top_n"": 300, ""k"": 25, ""h"": 21}",0.7531945682592288,0.017513680167613788,0.016812278888359254,0.7180816646004059,0.031639747987829425,0.02390085373555795,
A_daily_rank,mom_3_0,"{""top_n"": 300, ""k"": 10, ""h"": 1}",0.3296806896246239,0.010166702274322814,0.00775339866442836,0.2519127610919855,0.014356144501602275,0.007763513555696395,
A_daily_rank,mom_3_0,"{""top_n"": 300, ""k"": 10, ""h"": 5}",0.546689517819137,0.012167700899357592,0.013449118268199821,0.4725402563871379,0.008388380228697478,0.017349123193317648,
A_daily_rank,mom_3_0,"{""top_n"": 300, ""k"": 10, ""h"": 21}",0.6336070339192509,0.011119639762861566,0.01531193898978293,0.5082403993454598,0.03602717107859421,0.018064808523831386,
A_daily_rank,mom_3_0,"{""top_n"": 300, ""k"": 25, ""h"": 1}",0.5245787856136775,0.011878488993832148,0.009923437233612914,0.3139236855558911,0.004618928987219606,0.008898361228191974,
A_daily_rank,mom_3_0,"{""top_n"": 300, ""k"": 25, ""h"": 5}",0.7436609422208105,0.015035817727004464,0.01468976871543823,0.39094194959496276,-0.0006284532207474491,0.011178895827609546,
A_daily_rank,mom_3_0,"{""top_n"": 300, ""k"": 25, ""h"": 21}",0.792411649937718,0.016583166482394995,0.015704817639197288,0.4487890389436811,0.01614046466193675,0.012459547724155943,
A_daily_rank,high52,"{""top_n"": 300, ""k"": 10, ""h"": 1}",-0.9799651947902639,-0.013329617867689325,-0.013386000977775198,-1.004226561214267,-0.02298228907438382,-0.018654576146110394,
A_daily_rank,high52,"{""top_n"": 300, ""k"": 10, ""h"": 5}",0.6084669343867769,0.008690876921187751,0.007650814723412347,-0.12044869698866702,-0.00034833760804131586,-0.0027770899049525608,
A_daily_rank,high52,"{""top_n"": 300, ""k"": 10, ""h"": 21}",0.9452702364824417,0.01506616350545431,0.011959557892187314,0.36076280806605243,0.007098711375658651,0.004726637929221937,
A_daily_rank,high52,"{""top_n"": 300, ""k"": 25, ""h"": 1}",-0.4374961042396092,-0.00313818745651101,-0.005643730300332852,-0.3591268182859572,-0.007934831224269856,-0.006140420825341006,
A_daily_rank,high52,"{""top_n"": 300, ""k"": 25, ""h"": 5}",0.6672135538552423,0.0072508280357452826,0.008169377294215206,0.10280560297556843,-0.0013176109324624097,0.0007529626803791052,
A_daily_rank,high52,"{""top_n"": 300, ""k"": 25, ""h"": 21}",0.9419289065582018,0.01141954630070463,0.01176785583745315,0.42218058912612877,0.0050553069089251945,0.00548295185155683,
A_daily_rank,res_mom_12_1,"{""top_n"": 300, ""k"": 10, ""h"": 1}",0.7242055929558582,0.023351088959834287,0.022462110185478515,0.799367896139535,0.02347195946310232,0.036734077960916225,
A_daily_rank,res_mom_12_1,"{""top_n"": 300, ""k"": 10, ""h"": 5}",0.7519071406887216,0.023038364383598298,0.02317937729172869,0.8474401383425038,0.03897574851614993,0.04036290576097472,
A_daily_rank,res_mom_12_1,"{""top_n"": 300, ""k"": 10, ""h"": 21}",0.7277305193249044,0.02160237305647361,0.02206397419232238,0.9196641187633825,0.0452036051404936,0.04430931634207056,
A_daily_rank,res_mom_12_1,"{""top_n"": 300, ""k"": 25, ""h"": 1}",0.7348108682731495,0.01711406266062887,0.017420700852284553,0.7971790707338083,0.019491809473737076,0.02926933660992171,
A_daily_rank,res_mom_12_1,"{""top_n"": 300, ""k"": 25, ""h"": 5}",0.7617755729317872,0.014050774952498735,0.01798270162321714,0.8511650567655064,0.03945961036101853,0.03142076616782068,
A_daily_rank,res_mom_12_1,"{""top_n"": 300, ""k"": 25, ""h"": 21}",0.7795743692236747,0.0131026185812807,0.01824592502242311,0.8609962716057915,0.03429827474237879,0.03200476627965179,
A_daily_rank,rev1,"{""top_n"": 300, ""k"": 10, ""h"": 1}",-0.866893249360852,-0.03210241949834691,-0.02421902267952682,-0.5171350827413574,-0.024493249010293705,-0.02544695993894296,
A_daily_rank,rev1,"{""top_n"": 300, ""k"": 10, ""h"": 5}",0.2693432187210472,0.005472800381394083,0.005778779483347369,0.44936844208464105,0.019336238052060306,0.012237681141823852,
A_daily_rank,rev1,"{""top_n"": 300, ""k"": 10, ""h"": 21}",0.47294126563042593,0.016354851524168157,0.010133005236335172,0.4195065851777668,0.015379774021579085,0.01060878023922963,
A_daily_rank,rev1,"{""top_n"": 300, ""k"": 25, ""h"": 1}",-0.7510538757979042,-0.02481955396759883,-0.01743272525208245,-0.5200192594901831,-0.01636279542642538,-0.020457163693559245,
A_daily_rank,rev1,"{""top_n"": 300, ""k"": 25, ""h"": 5}",0.49385489656866727,0.00692723883291102,0.009918213006721374,0.5814784658331678,0.024840014428908708,0.014622481089187706,
A_daily_rank,rev1,"{""top_n"": 300, ""k"": 25, ""h"": 21}",0.6272907661288273,0.014433915303016853,0.012046365415851445,0.46534211063448716,0.016448149089852038,0.010630801029286908,
A_daily_rank,rev5,"{""top_n"": 300, ""k"": 10, ""h"": 1}",0.059065994759703803,-0.005560269999366374,0.00012721422066305592,0.4277978152953724,0.011563960096284243,0.012695303925472553,
A_daily_rank,rev5,"{""top_n"": 300, ""k"": 10, ""h"": 5}",0.27112832862952274,0.007475172385784767,0.005964539631769268,0.4908334460053513,0.016145575476663954,0.014800937174148557,
A_daily_rank,rev5,"{""top_n"": 300, ""k"": 10, ""h"": 21}",0.49428521971316564,0.012425588145561717,0.011311516480164681,0.43087435657117423,0.021161714142748256,0.011368499884964226,
A_daily_rank,rev5,"{""top_n"": 300, ""k"": 25, ""h"": 1}",0.04751239096001506,-0.001588220964353737,0.00015796310816576324,0.4087542883582153,0.02257448000248452,0.010733999230877665,
A_daily_rank,rev5,"{""top_n"": 300, ""k"": 25, ""h"": 5}",0.3806908907318955,0.010195806442677036,0.007934130916040826,0.4813030041842049,0.02126911003247689,0.01283557198538039,
A_daily_rank,rev5,"{""top_n"": 300, ""k"": 25, ""h"": 21}",0.579271649538708,0.013845978910203227,0.01166115161221108,0.4856994334226041,0.014238849924224084,0.011754844728490414,
A_daily_rank,rev21,"{""top_n"": 300, ""k"": 10, ""h"": 1}",0.20397343630226764,-0.0005693153266738693,0.004673447833914743,0.1630266950486396,-0.0005863990034852273,0.002417796378074794,
A_daily_rank,rev21,"{""top_n"": 300, ""k"": 10, ""h"": 5}",0.29441720465670196,0.006547529985678979,0.007674982170816624,0.30462830240375294,0.014945554800623428,0.007898610661438061,
A_daily_rank,rev21,"{""top_n"": 300, ""k"": 10, ""h"": 21}",0.32891904117417875,0.010706823554080036,0.008899344246260378,0.38408862136638827,0.015292257714201618,0.0103735072510867,
A_daily_rank,rev21,"{""top_n"": 300, ""k"": 25, ""h"": 1}",0.24481491122701793,0.007697633051059083,0.005490106612388452,0.1453954895461413,0.0019137550467800413,0.0011177181057536111,
A_daily_rank,rev21,"{""top_n"": 300, ""k"": 25, ""h"": 5}",0.36554241805934573,0.005188586485649793,0.008395781994485691,0.36072204086118875,0.006636880134089029,0.00923838517616623,
A_daily_rank,rev21,"{""top_n"": 300, ""k"": 25, ""h"": 21}",0.461047695527007,0.013241957820583572,0.010457325020256664,0.38670088580284656,0.013307703798704607,0.00946470376521207,
A_daily_rank,rev1_atr,"{""top_n"": 300, ""k"": 10, ""h"": 1}",-1.747481898071072,-0.03525859301366613,-0.03167149570379865,-1.562864613494558,-0.03742986449611263,-0.03587528945711198,
A_daily_rank,rev1_atr,"{""top_n"": 300, ""k"": 10, ""h"": 5}",0.2880539874272413,0.008102160574921857,0.004455922468973125,0.2779742131006358,0.0028085386721108385,0.004121245825014137,
A_daily_rank,rev1_atr,"{""top_n"": 300, ""k"": 10, ""h"": 21}",0.7404111934877383,0.014210577436120864,0.010822373442751927,0.4637795829215806,0.004111043056224117,0.00687746787841668,
A_daily_rank,rev1_atr,"{""top_n"": 300, ""k"": 25, ""h"": 1}",-1.463550534968838,-0.02681761129586613,-0.024145075473809206,-1.3237032461680118,-0.02648046621348976,-0.029354011589734257,
A_daily_rank,rev1_atr,"{""top_n"": 300, ""k"": 25, ""h"": 5}",0.43040420908431026,0.006743621621597029,0.006694571057510903,0.40137754569327644,0.009785422145860423,0.00636710758738758,
A_daily_rank,rev1_atr,"{""top_n"": 300, ""k"": 25, ""h"": 21}",0.7870474865987003,0.014734401952575249,0.011672543271346033,0.487500509168689,0.006052477779933341,0.007451490107307852,
A_daily_rank,rev_res1,"{""top_n"": 300, ""k"": 10, ""h"": 1}",-0.8037074664139785,-0.028519361502376328,-0.0220119474520387,-0.5939308483413076,-0.02575860079806369,-0.027066987148921605,
A_daily_rank,rev_res1,"{""top_n"": 300, ""k"": 10, ""h"": 5}",0.20661356388438137,0.00569761415226866,0.00426910565905349,0.36935695468664925,0.014768147599729664,0.009696442061175363,
A_daily_rank,rev_res1,"{""top_n"": 300, ""k"": 10, ""h"": 21}",0.46920869240270285,0.017080226243588736,0.010081302678996958,0.4574361228541771,0.011486278534561745,0.011953225467273192,
A_daily_rank,rev_res1,"{""top_n"": 300, ""k"": 25, ""h"": 1}",-0.7221598768344748,-0.017886937196224584,-0.016007818228674472,-0.6495396626270382,-0.019192005268274248,-0.02261660906404562,
A_daily_rank,rev_res1,"{""top_n"": 300, ""k"": 25, ""h"": 5}",0.4592374486807079,0.006830312944318351,0.009100078288291524,0.4501638608010322,0.014488742861775705,0.01086236830212913,
A_daily_rank,rev_res1,"{""top_n"": 300, ""k"": 25, ""h"": 21}",0.6212032570507748,0.013504627628887711,0.011929732708624767,0.47613102673522645,0.01471554573779632,0.011121463598804903,
A_daily_rank,rev_res5,"{""top_n"": 300, ""k"": 10, ""h"": 1}",0.06968672421292339,-0.00964133912792059,0.0006251134765768607,0.08446956294251787,-0.006690834176864113,-0.0015103475545458387,
A_daily_rank,rev_res5,"{""top_n"": 300, ""k"": 10, ""h"": 5}",0.26276954156340154,0.007305521763335099,0.005599201945528385,0.3493227784622809,0.005162577608784025,0.009484233747109471,
A_daily_rank,rev_res5,"{""top_n"": 300, ""k"": 10, ""h"": 21}",0.4673260691878739,0.011980063548237219,0.010643196720567395,0.42408038460999703,0.014384872565372797,0.011319593122009138,
A_daily_rank,rev_res5,"{""top_n"": 300, ""k"": 25, ""h"": 1}",0.028648746541062354,-0.005324968415740539,-0.0001469748242747824,0.2970643588169584,0.013312246581493214,0.006854057413528654,
A_daily_rank,rev_res5,"{""top_n"": 300, ""k"": 25, ""h"": 5}",0.3545694214664415,0.01021898989215686,0.0071970532303089595,0.39144135342272746,0.01836001230204709,0.009905903156417232,
A_daily_rank,rev_res5,"{""top_n"": 300, ""k"": 25, ""h"": 21}",0.5813415476993503,0.013154419690480035,0.011631017353509557,0.45634411227560545,0.01315312472570862,0.010998032458422258,
A_daily_rank,rev_gap,"{""top_n"": 300, ""k"": 10, ""h"": 1}",-0.9533060295450594,-0.02652986607229252,-0.024935848407417378,-0.13610422628847302,-0.01410515694474479,-0.007680400379256615,
A_daily_rank,rev_gap,"{""top_n"": 300, ""k"": 10, ""h"": 5}",0.3740093350403301,0.007973315100606504,0.007346282318956863,0.7147910770000429,0.021335880558279285,0.018894794854098233,
A_daily_rank,rev_gap,"{""top_n"": 300, ""k"": 10, ""h"": 21}",0.5364806789016366,0.009846925562495223,0.010343308751083946,0.5744962357445921,0.018862870071581606,0.013754465350838432,
A_daily_rank,rev_gap,"{""top_n"": 300, ""k"": 25, ""h"": 1}",-1.0587210051388003,-0.022577001132231045,-0.022994099171482305,-0.4235219089909834,-0.01890418290084972,-0.014539437386708926,
A_daily_rank,rev_gap,"{""top_n"": 300, ""k"": 25, ""h"": 5}",0.3672641684685984,0.006370509559160964,0.006631596324090151,0.5323877239266765,0.02014185081225217,0.012107481547504061,
A_daily_rank,rev_gap,"{""top_n"": 300, ""k"": 25, ""h"": 21}",0.6181369682585544,0.01164065222875943,0.01091083859878349,0.5566410827976517,0.009458875661304322,0.012207354850684084,
A_daily_rank,gap_up,"{""top_n"": 300, ""k"": 10, ""h"": 1}",-1.3344739886479655,-0.03523002379574541,-0.03358903833537092,-0.41263465650508946,-0.02487501036907347,-0.015964408914772157,
A_daily_rank,gap_up,"{""top_n"": 300, ""k"": 10, ""h"": 5}",0.08147738359790724,0.0016466534769075114,0.0010126100295646996,0.3079712577273595,0.0016608325141320712,0.006911851349865971,
A_daily_rank,gap_up,"{""top_n"": 300, ""k"": 10, ""h"": 21}",0.47773317822762396,0.013094016484063942,0.008940984215341626,0.6005055414886442,0.02400373549387491,0.014929395520845613,
A_daily_rank,gap_up,"{""top_n"": 300, ""k"": 25, ""h"": 1}",-1.4139352798156073,-0.031510364880593944,-0.029660076881384164,-0.8151208512246663,-0.03030434802083637,-0.024497657711601895,
A_daily_rank,gap_up,"{""top_n"": 300, ""k"": 25, ""h"": 5}",0.14289547131427083,0.001291539331849001,0.002055475869075716,0.1337817238757942,-0.0007550441076391579,0.0017974237185418183,
A_daily_rank,gap_up,"{""top_n"": 300, ""k"": 25, ""h"": 21}",0.5581430640590308,0.012618311344162025,0.00962951922247011,0.5886287971861135,0.01726443777585862,0.012921484323951979,
A_daily_rank,rev_lowclv,"{""top_n"": 300, ""k"": 10, ""h"": 1}",-1.4631610474349934,-0.027519748109788633,-0.027288567590902583,-1.5811107205111121,-0.03234284328570125,-0.037239740422779506,
A_daily_rank,rev_lowclv,"{""top_n"": 300, ""k"": 10, ""h"": 5}",0.3500610630278516,0.007359789678140105,0.0056279609829077756,-0.017336111408465076,0.0028484690494925413,-0.0014064213926606396,
A_daily_rank,rev_lowclv,"{""top_n"": 300, ""k"": 10, ""h"": 21}",0.7710544671551007,0.01599072390868561,0.011790715975696127,0.40517419873438476,0.007002085549440151,0.006468496009621724,
A_daily_rank,rev_lowclv,"{""top_n"": 300, ""k"": 25, ""h"": 1}",-1.4572815396011702,-0.02902112918152172,-0.025045710478021954,-1.3481497057527418,-0.03406538550529681,-0.02892889328011955,
A_daily_rank,rev_lowclv,"{""top_n"": 300, ""k"": 25, ""h"": 5}",0.37987215726292933,0.006764064088495614,0.005889149417281255,0.18609349644360126,0.007527061275479641,0.0024988658819076115,
A_daily_rank,rev_lowclv,"{""top_n"": 300, ""k"": 25, ""h"": 21}",0.7909196029684168,0.01844556959094945,0.011994730177288672,0.46440744858554284,0.007687347952600954,0.007499968175114739,
A_daily_rank,clv_high,"{""top_n"": 300, ""k"": 10, ""h"": 1}",-1.7278658671746778,-0.02635202871345721,-0.030426147782046463,-1.6677310955385527,-0.05062469546677151,-0.03437807343647704,
A_daily_rank,clv_high,"{""top_n"": 300, ""k"": 10, ""h"": 5}",0.20389769549413214,0.006361272734493828,0.002924504179937749,0.3187345468537843,0.010112839861658118,0.004923983422311572,
A_daily_rank,clv_high,"{""top_n"": 300, ""k"": 10, ""h"": 21}",0.8136868876627104,0.017718102681345216,0.011429121115156027,0.6671753693439745,0.01469727968995893,0.010531253031483535,
A_daily_rank,clv_high,"{""top_n"": 300, ""k"": 25, ""h"": 1}",-1.9359447050372918,-0.024150831563953146,-0.03012011291964128,-1.4777248384368311,-0.03267010034129991,-0.02785689001404718,
A_daily_rank,clv_high,"{""top_n"": 300, ""k"": 25, ""h"": 5}",0.21636143201264016,0.008795453772547979,0.0030035868129710476,0.24561020495588756,0.0044301102593047315,0.0034678286007643723,
A_daily_rank,clv_high,"{""top_n"": 300, ""k"": 25, ""h"": 21}",0.8107414527294006,0.017552955495521827,0.01128066314238173,0.6002920964222443,0.01072353979939722,0.009295821406255844,
A_daily_rank,vol_surge_dir,"{""top_n"": 300, ""k"": 10, ""h"": 1}",-1.679825137219778,-0.03378259900617253,-0.03227740786698234,-1.1183939324377508,-0.03685669095354682,-0.028854565344635905,
A_daily_rank,vol_surge_dir,"{""top_n"": 300, ""k"": 10, ""h"": 5}",0.1522715586462856,0.003964588823130777,0.002432339855722655,0.20644944569846577,0.00041197196761122434,0.003361055409219402,
A_daily_rank,vol_surge_dir,"{""top_n"": 300, ""k"": 10, ""h"": 21}",0.7336352540074735,0.01564553361473464,0.010989348711670377,0.51208856958599,0.010675264501596615,0.009156344092380794,
A_daily_rank,vol_surge_dir,"{""top_n"": 300, ""k"": 25, ""h"": 1}",-1.6179059916543896,-0.02510067274984512,-0.026328074885110315,-1.2830511658218602,-0.026977680132220128,-0.026837394214511614,
A_daily_rank,vol_surge_dir,"{""top_n"": 300, ""k"": 25, ""h"": 5}",0.24043294102151438,0.0070604988265614566,0.003487563053210732,0.03455797099817124,0.001589536984377471,-0.00022940542066251872,
A_daily_rank,vol_surge_dir,"{""top_n"": 300, ""k"": 25, ""h"": 21}",0.7595790453781746,0.016390589230399044,0.010904368856161799,0.5125796448647092,0.0037754986415801106,0.008356423549039219,
A_daily_rank,vol_surge_rev,"{""top_n"": 300, ""k"": 10, ""h"": 1}",-0.8248361363425902,-0.017733638344251568,-0.017125288825330376,-0.615515859049207,-0.02799761962202929,-0.01889149011876042,
A_daily_rank,vol_surge_rev,"{""top_n"": 300, ""k"": 10, ""h"": 5}",0.40784454908953127,0.008357544384465121,0.006658266587242745,0.48405844117780955,0.0055753203052442135,0.009186070307499617,
A_daily_rank,vol_surge_rev,"{""top_n"": 300, ""k"": 10, ""h"": 21}",0.7189045385360793,0.016768209521126343,0.01140951104834909,0.5310671431838455,0.012540358914883809,0.009079950033801881,
A_daily_rank,vol_surge_rev,"{""top_n"": 300, ""k"": 25, ""h"": 1}",-0.5656048432471888,-0.012002252336719421,-0.010134047329553154,-0.6405871438381503,-0.010781159443953858,-0.015816413079987976,
A_daily_rank,vol_surge_rev,"{""top_n"": 300, ""k"": 25, ""h"": 5}",0.5524168667116937,0.011054589865221343,0.00886891600097357,0.46867914174952013,0.014182105387889443,0.008149769934818512,
A_daily_rank,vol_surge_rev,"{""top_n"": 300, ""k"": 25, ""h"": 21}",0.7612441639913937,0.014824608772226133,0.011659508087087378,0.5380680295142815,0.01079221508837791,0.008862889438874217,
A_daily_rank,lowvol,"{""top_n"": 300, ""k"": 10, ""h"": 1}",0.7083793338789992,0.007177376138779223,0.007214476579822229,0.03973431154979882,-0.001601664634210631,0.0002361610650895603,
A_daily_rank,lowvol,"{""top_n"": 300, ""k"": 10, ""h"": 5}",0.9179228109054074,0.008813759516003494,0.00921637430328004,0.24108910570081704,0.0032914462231532493,0.0022392525421986434,
A_daily_rank,lowvol,"{""top_n"": 300, ""k"": 10, ""h"": 21}",1.0536294910098196,0.011710087602380681,0.010626417231729779,0.3988725453655872,0.0017864673183922708,0.0037282216621516615,
A_daily_rank,lowvol,"{""top_n"": 300, ""k"": 25, ""h"": 1}",0.8673170661912136,0.0096982782664915,0.008501221412634331,0.2358466726037165,0.004468206423329901,0.002195149133362273,
A_daily_rank,lowvol,"{""top_n"": 300, ""k"": 25, ""h"": 5}",1.0485310664080747,0.01166111596362751,0.010295215364308956,0.34733385142839523,0.00359274899390738,0.0032430930177493743,
A_daily_rank,lowvol,"{""top_n"": 300, ""k"": 25, ""h"": 21}",1.1131039031600074,0.01198103101379655,0.011059665344896,0.4603862981530419,0.0041264083365950555,0.0042673680262129325,
A_daily_rank,highvol,"{""top_n"": 300, ""k"": 10, ""h"": 1}",0.3867788623874347,0.009645724168078296,0.013098173857190715,0.4050411369634,-0.009551172913385142,0.017206389478662508,
A_daily_rank,highvol,"{""top_n"": 300, ""k"": 10, ""h"": 5}",0.45711470397592774,0.011447297519861843,0.015770162560308255,0.42843050175173325,-0.007429392932353784,0.018677755558936044,
A_daily_rank,highvol,"{""top_n"": 300, ""k"": 10, ""h"": 21}",0.4008724423549757,0.010824521129120912,0.01325019959183665,0.4059090906177512,0.00522075944782463,0.017690803852343753,
A_daily_rank,highvol,"{""top_n"": 300, ""k"": 25, ""h"": 1}",0.4288675003176352,0.023640895248467575,0.011959763666416105,0.5112510842273154,0.01677013595222987,0.019735630207635965,
A_daily_rank,highvol,"{""top_n"": 300, ""k"": 25, ""h"": 5}",0.49542733518545834,0.023673726494755187,0.013953317311950724,0.5018492847025432,0.016674442310093296,0.019413139003183918,
A_daily_rank,highvol,"{""top_n"": 300, ""k"": 25, ""h"": 21}",0.5150485006671258,0.020107767939815835,0.01428898172374478,0.4922185495679933,0.00944516376394211,0.01895000077788807,
A_daily_rank,max_rev,"{""top_n"": 300, ""k"": 10, ""h"": 1}",0.5537090095537993,0.009075134006491514,0.006477799486553806,-0.03204125585196146,-0.009533196516070541,-0.0005761054193025208,
A_daily_rank,max_rev,"{""top_n"": 300, ""k"": 10, ""h"": 5}",0.7513901776557592,0.00917071740111619,0.008505521171184128,0.1656024969321811,0.00037423444561235364,0.0015948805395356114,
A_daily_rank,max_rev,"{""top_n"": 300, ""k"": 10, ""h"": 21}",0.9987367502027791,0.011199062475038657,0.01087479603185109,0.38735657843055654,0.002557466736506031,0.003722527761438434,
A_daily_rank,max_rev,"{""top_n"": 300, ""k"": 25, ""h"": 1}",0.56627852142889,0.007579821134854781,0.0064148139730486105,0.01620775669283914,0.00524616049764548,-1.1860437612149236e-06,
A_daily_rank,max_rev,"{""top_n"": 300, ""k"": 25, ""h"": 5}",0.7883551283042094,0.010272310358018677,0.008713236523972816,0.137454938674324,0.004473119803008574,0.0013069581897088309,
A_daily_rank,max_rev,"{""top_n"": 300, ""k"": 25, ""h"": 21}",0.9815250898064772,0.012754400934913313,0.010695308717444518,0.3082012731646632,0.003955946503396701,0.0030245571538079215,
A_daily_rank,max_pos,"{""top_n"": 300, ""k"": 10, ""h"": 1}",0.351883037247039,0.004360492943254357,0.009565599372047288,0.3738606966382935,-0.01042419099321834,0.015375817031354889,
A_daily_rank,max_pos,"{""top_n"": 300, ""k"": 10, ""h"": 5}",0.39084938421137067,0.007036349466931546,0.010443832413142524,0.326214657461562,-0.017489801890972934,0.012940877029588687,
A_daily_rank,max_pos,"{""top_n"": 300, ""k"": 10, ""h"": 21}",0.43036144161883316,0.013607733167659286,0.01088786916820525,0.112893358341165,-0.01479379876783915,0.0008300499655669737,
A_daily_rank,max_pos,"{""top_n"": 300, ""k"": 25, ""h"": 1}",0.5216139305456255,0.020779847251677475,0.012437220425211677,0.44790435103623916,0.00931984987102763,0.015694925386526594,
A_daily_rank,max_pos,"{""top_n"": 300, ""k"": 25, ""h"": 5}",0.5146920477719858,0.01584285661032181,0.012149990078920899,0.413774040038157,0.0031949669381099444,0.014497524665743201,
A_daily_rank,max_pos,"{""top_n"": 300, ""k"": 25, ""h"": 21}",0.5148784096308885,0.016796164695118576,0.01182676710914376,0.362095309041979,-0.002424227712340854,0.011652721548037082,
A_daily_rank,lowbeta,"{""top_n"": 300, ""k"": 10, ""h"": 1}",0.8748240445783058,0.007695195638987906,0.011949304664182194,-0.10720261605746527,-0.0034480500824781712,-0.0020182582239774145,
A_daily_rank,lowbeta,"{""top_n"": 300, ""k"": 10, ""h"": 5}",1.0508412360887334,0.008837802327090305,0.014202994938230962,0.05366338520247388,0.002564825654397973,0.00010492041741033394,
A_daily_rank,lowbeta,"{""top_n"": 300, ""k"": 10, ""h"": 21}",0.9355397647220307,0.00836421245679575,0.012359696477836786,0.23252091885824694,-0.0019232418768809767,0.0025055969575263747,
A_daily_rank,lowbeta,"{""top_n"": 300, ""k"": 25, ""h"": 1}",1.1350086320248014,0.009770010655116401,0.012823502927615247,0.024019228278626084,0.005394766073944179,-0.0003252512318405712,
A_daily_rank,lowbeta,"{""top_n"": 300, ""k"": 25, ""h"": 5}",1.2774873508989248,0.009640326275589528,0.014479600153111356,0.18224594265947483,0.005178130789789126,0.0014510664668800073,
A_daily_rank,lowbeta,"{""top_n"": 300, ""k"": 25, ""h"": 21}",1.186385931772504,0.010623264807005262,0.013521019602405544,0.3858204508924976,0.010044657889870967,0.0037294489470059,
A_daily_rank,highbeta,"{""top_n"": 300, ""k"": 10, ""h"": 1}",0.43834427553978944,0.013128298129219451,0.014672894615674146,0.2772360298937931,-0.019695526198939772,0.010111667434090914,
A_daily_rank,highbeta,"{""top_n"": 300, ""k"": 10, ""h"": 5}",0.5221068596825726,0.014044912490223771,0.017380612297702953,0.250073928475946,-0.022708797043264006,0.007607489227314867,
A_daily_rank,highbeta,"{""top_n"": 300, ""k"": 10, ""h"": 21}",0.5375898868502107,0.013869065579259487,0.017623484486129215,0.23955741020734167,-0.01706082104807749,0.006551682406767911,
A_daily_rank,highbeta,"{""top_n"": 300, ""k"": 25, ""h"": 1}",0.4663308274168013,0.020259429887106273,0.0131618263792723,0.30194075058507125,0.0114117337092412,0.009316646409478383,
A_daily_rank,highbeta,"{""top_n"": 300, ""k"": 25, ""h"": 5}",0.5099684646637368,0.02038440441848688,0.014579544471981438,0.302144188586015,0.007017617035449675,0.009357784705099561,
A_daily_rank,highbeta,"{""top_n"": 300, ""k"": 25, ""h"": 21}",0.5483273502411287,0.015243872159304783,0.015424175466671578,0.36196456046738024,0.009540392356231164,0.012297383824956626,
A_daily_rank,idiovol_hi,"{""top_n"": 300, ""k"": 10, ""h"": 1}",0.4098756733151395,0.012310274823212897,0.013919481642101302,0.48695753097913974,0.006671408935212231,0.020728611561901852,
A_daily_rank,idiovol_hi,"{""top_n"": 300, ""k"": 10, ""h"": 5}",0.48175177995148294,0.015197792841246671,0.016398915248178308,0.5342373654666795,0.00636184616941482,0.023763455451947912,
A_daily_rank,idiovol_hi,"{""top_n"": 300, ""k"": 10, ""h"": 21}",0.4098950934920459,0.004436616320178111,0.013255217401079615,0.508014900240368,-0.007379272568965312,0.0228698132484109,
A_daily_rank,idiovol_hi,"{""top_n"": 300, ""k"": 25, ""h"": 1}",0.4975274055114787,0.017367593734942677,0.013358554728993416,0.5006311510660925,0.013835394435337767,0.01903634307090304,
A_daily_rank,idiovol_hi,"{""top_n"": 300, ""k"": 25, ""h"": 5}",0.5793456934027881,0.01955849628906292,0.015606900419828611,0.5150630546096784,0.012898117509485996,0.02000988205230184,
A_daily_rank,idiovol_hi,"{""top_n"": 300, ""k"": 25, ""h"": 21}",0.6116459951394162,0.019859121284482972,0.01622641718163214,0.5236290549566675,0.009146193425645599,0.020041950229175157,
A_daily_rank,overnight_mom,"{""top_n"": 300, ""k"": 10, ""h"": 1}",0.3039756089288841,0.005318189993007705,0.006059813872963167,0.408903356998309,0.015524425817116327,0.01256398919512841,
A_daily_rank,overnight_mom,"{""top_n"": 300, ""k"": 10, ""h"": 5}",0.5113144200727191,0.011892871938695482,0.011296149456940711,0.4312790846474647,0.011650364883510012,0.013051116772728372,
A_daily_rank,overnight_mom,"{""top_n"": 300, ""k"": 10, ""h"": 21}",0.43946102491002254,0.011885381762360647,0.00899737740142565,0.4159872186433123,0.008423881978514736,0.011190696525447389,
A_daily_rank,overnight_mom,"{""top_n"": 300, ""k"": 25, ""h"": 1}",0.31810738331299415,0.008988605617839096,0.0055208008672066305,0.3737383408205876,0.005523163145678023,0.009718542366231459,
A_daily_rank,overnight_mom,"{""top_n"": 300, ""k"": 25, ""h"": 5}",0.550776523757709,0.010491334559434962,0.010498997234654205,0.41633784465509527,0.009299160158630304,0.010441359165089266,
A_daily_rank,overnight_mom,"{""top_n"": 300, ""k"": 25, ""h"": 21}",0.5557106507440426,0.01578995731758548,0.010420502107323764,0.3656118472078848,0.00931194719580608,0.008284221360957016,
A_daily_rank,intraday_mom,"{""top_n"": 300, ""k"": 10, ""h"": 1}",-0.17060790881267768,-0.011372237133571828,-0.004841491440870106,0.30828931479891214,-0.021012918329403774,0.011049054311506146,
A_daily_rank,intraday_mom,"{""top_n"": 300, ""k"": 10, ""h"": 5}",0.17435632613613125,0.005316765650932531,0.0034669771532067806,0.5555183086129681,-0.006693111323188394,0.01941721856622183,
A_daily_rank,intraday_mom,"{""top_n"": 300, ""k"": 10, ""h"": 21}",0.34939522986787386,0.013706059919695868,0.006922000664543477,0.5450885247008399,-0.0010928449001094132,0.018246798080825567,
A_daily_rank,intraday_mom,"{""top_n"": 300, ""k"": 25, ""h"": 1}",0.1308116172156575,9.076109957439904e-05,0.002113472026635264,0.22779742096425676,-0.012413859040254938,0.005758965012759042,
A_daily_rank,intraday_mom,"{""top_n"": 300, ""k"": 25, ""h"": 5}",0.4165468529014455,0.009756076529821689,0.0071686949953073485,0.47065260069028675,-0.004814562413561596,0.012371586220058725,
A_daily_rank,intraday_mom,"{""top_n"": 300, ""k"": 25, ""h"": 21}",0.5798734012326832,0.014935754320040573,0.009818750085303559,0.6479572611252522,0.00581343962884473,0.01727948785578634,
B_event_study,B1_rsi2<10_up200,"{""top_n"": 300, ""h"": 1, ""part"": ""dev""}",,,,,,,net=-0.0009
B_event_study,B1_rsi2<10_up200,"{""top_n"": 300, ""h"": 2, ""part"": ""dev""}",,,,,,,net=-0.0002
B_event_study,B1_rsi2<10_up200,"{""top_n"": 300, ""h"": 3, ""part"": ""dev""}",,,,,,,net=0.0004
B_event_study,B1_rsi2<10_up200,"{""top_n"": 300, ""h"": 5, ""part"": ""dev""}",,,,,,,net=0.0021
B_event_study,B1_rsi2<10_up200,"{""top_n"": 300, ""h"": 10, ""part"": ""dev""}",,,,,,,net=0.0045
B_event_study,B1_rsi2<10_up200,"{""top_n"": 300, ""h"": 20, ""part"": ""dev""}",,,,,,,net=0.0099
B_event_study,B1_rsi2<10_up200,"{""top_n"": 300, ""h"": 1, ""part"": ""hold""}",,,,,,,net=-0.0014
B_event_study,B1_rsi2<10_up200,"{""top_n"": 300, ""h"": 2, ""part"": ""hold""}",,,,,,,net=-0.0007
B_event_study,B1_rsi2<10_up200,"{""top_n"": 300, ""h"": 3, ""part"": ""hold""}",,,,,,,net=0.0002
B_event_study,B1_rsi2<10_up200,"{""top_n"": 300, ""h"": 5, ""part"": ""hold""}",,,,,,,net=0.0017
B_event_study,B1_rsi2<10_up200,"{""top_n"": 300, ""h"": 10, ""part"": ""hold""}",,,,,,,net=0.0037
B_event_study,B1_rsi2<10_up200,"{""top_n"": 300, ""h"": 20, ""part"": ""hold""}",,,,,,,net=0.0090
B_event_study,B1b_rsi2<5,"{""top_n"": 300, ""h"": 1, ""part"": ""dev""}",,,,,,,net=-0.0011
B_event_study,B1b_rsi2<5,"{""top_n"": 300, ""h"": 2, ""part"": ""dev""}",,,,,,,net=-0.0002
B_event_study,B1b_rsi2<5,"{""top_n"": 300, ""h"": 3, ""part"": ""dev""}",,,,,,,net=0.0007
B_event_study,B1b_rsi2<5,"{""top_n"": 300, ""h"": 5, ""part"": ""dev""}",,,,,,,net=0.0026
B_event_study,B1b_rsi2<5,"{""top_n"": 300, ""h"": 10, ""part"": ""dev""}",,,,,,,net=0.0050
B_event_study,B1b_rsi2<5,"{""top_n"": 300, ""h"": 20, ""part"": ""dev""}",,,,,,,net=0.0114
B_event_study,B1b_rsi2<5,"{""top_n"": 300, ""h"": 1, ""part"": ""hold""}",,,,,,,net=-0.0012
B_event_study,B1b_rsi2<5,"{""top_n"": 300, ""h"": 2, ""part"": ""hold""}",,,,,,,net=-0.0005
B_event_study,B1b_rsi2<5,"{""top_n"": 300, ""h"": 3, ""part"": ""hold""}",,,,,,,net=0.0009
B_event_study,B1b_rsi2<5,"{""top_n"": 300, ""h"": 5, ""part"": ""hold""}",,,,,,,net=0.0028
B_event_study,B1b_rsi2<5,"{""top_n"": 300, ""h"": 10, ""part"": ""hold""}",,,,,,,net=0.0046
B_event_study,B1b_rsi2<5,"{""top_n"": 300, ""h"": 20, ""part"": ""hold""}",,,,,,,net=0.0098
B_event_study,B2_gapdown3atr_rvol2,"{""top_n"": 300, ""h"": 1, ""part"": ""dev""}",,,,,,,net=-0.0070
B_event_study,B2_gapdown3atr_rvol2,"{""top_n"": 300, ""h"": 2, ""part"": ""dev""}",,,,,,,net=-0.0060
B_event_study,B2_gapdown3atr_rvol2,"{""top_n"": 300, ""h"": 3, ""part"": ""dev""}",,,,,,,net=-0.0053
B_event_study,B2_gapdown3atr_rvol2,"{""top_n"": 300, ""h"": 5, ""part"": ""dev""}",,,,,,,net=-0.0086
B_event_study,B2_gapdown3atr_rvol2,"{""top_n"": 300, ""h"": 10, ""part"": ""dev""}",,,,,,,net=-0.0084
B_event_study,B2_gapdown3atr_rvol2,"{""top_n"": 300, ""h"": 20, ""part"": ""dev""}",,,,,,,net=-0.0083
B_event_study,B3_gapup2atr_rvol3_hold,"{""top_n"": 300, ""h"": 1, ""part"": ""dev""}",,,,,,,net=-0.0009
B_event_study,B3_gapup2atr_rvol3_hold,"{""top_n"": 300, ""h"": 2, ""part"": ""dev""}",,,,,,,net=-0.0012
B_event_study,B3_gapup2atr_rvol3_hold,"{""top_n"": 300, ""h"": 3, ""part"": ""dev""}",,,,,,,net=-0.0001
B_event_study,B3_gapup2atr_rvol3_hold,"{""top_n"": 300, ""h"": 5, ""part"": ""dev""}",,,,,,,net=0.0015
B_event_study,B3_gapup2atr_rvol3_hold,"{""top_n"": 300, ""h"": 10, ""part"": ""dev""}",,,,,,,net=0.0076
B_event_study,B3_gapup2atr_rvol3_hold,"{""top_n"": 300, ""h"": 20, ""part"": ""dev""}",,,,,,,net=0.0152
B_event_study,B3_gapup2atr_rvol3_hold,"{""top_n"": 300, ""h"": 1, ""part"": ""hold""}",,,,,,,net=0.0023
B_event_study,B3_gapup2atr_rvol3_hold,"{""top_n"": 300, ""h"": 2, ""part"": ""hold""}",,,,,,,net=0.0044
B_event_study,B3_gapup2atr_rvol3_hold,"{""top_n"": 300, ""h"": 3, ""part"": ""hold""}",,,,,,,net=0.0091
B_event_study,B3_gapup2atr_rvol3_hold,"{""top_n"": 300, ""h"": 5, ""part"": ""hold""}",,,,,,,net=0.0057
B_event_study,B3_gapup2atr_rvol3_hold,"{""top_n"": 300, ""h"": 10, ""part"": ""hold""}",,,,,,,net=0.0065
B_event_study,B3_gapup2atr_rvol3_hold,"{""top_n"": 300, ""h"": 20, ""part"": ""hold""}",,,,,,,net=0.0167
B_event_study,B4_donchian20_rvol1.5,"{""top_n"": 300, ""h"": 1, ""part"": ""dev""}",,,,,,,net=-0.0019
B_event_study,B4_donchian20_rvol1.5,"{""top_n"": 300, ""h"": 2, ""part"": ""dev""}",,,,,,,net=-0.0018
B_event_study,B4_donchian20_rvol1.5,"{""top_n"": 300, ""h"": 3, ""part"": ""dev""}",,,,,,,net=-0.0017
B_event_study,B4_donchian20_rvol1.5,"{""top_n"": 300, ""h"": 5, ""part"": ""dev""}",,,,,,,net=-0.0008
B_event_study,B4_donchian20_rvol1.5,"{""top_n"": 300, ""h"": 10, ""part"": ""dev""}",,,,,,,net=0.0016
B_event_study,B4_donchian20_rvol1.5,"{""top_n"": 300, ""h"": 20, ""part"": ""dev""}",,,,,,,net=0.0066
B_event_study,B4_donchian20_rvol1.5,"{""top_n"": 300, ""h"": 1, ""part"": ""hold""}",,,,,,,net=-0.0014
B_event_study,B4_donchian20_rvol1.5,"{""top_n"": 300, ""h"": 2, ""part"": ""hold""}",,,,,,,net=0.0000
B_event_study,B4_donchian20_rvol1.5,"{""top_n"": 300, ""h"": 3, ""part"": ""hold""}",,,,,,,net=0.0004
B_event_study,B4_donchian20_rvol1.5,"{""top_n"": 300, ""h"": 5, ""part"": ""hold""}",,,,,,,net=0.0017
B_event_study,B4_donchian20_rvol1.5,"{""top_n"": 300, ""h"": 10, ""part"": ""hold""}",,,,,,,net=0.0068
B_event_study,B4_donchian20_rvol1.5,"{""top_n"": 300, ""h"": 20, ""part"": ""hold""}",,,,,,,net=0.0143
B_event_study,B5_new52wh_rvol1.5,"{""top_n"": 300, ""h"": 1, ""part"": ""dev""}",,,,,,,net=-0.0019
B_event_study,B5_new52wh_rvol1.5,"{""top_n"": 300, ""h"": 2, ""part"": ""dev""}",,,,,,,net=-0.0012
B_event_study,B5_new52wh_rvol1.5,"{""top_n"": 300, ""h"": 3, ""part"": ""dev""}",,,,,,,net=-0.0010
B_event_study,B5_new52wh_rvol1.5,"{""top_n"": 300, ""h"": 5, ""part"": ""dev""}",,,,,,,net=-0.0002
B_event_study,B5_new52wh_rvol1.5,"{""top_n"": 300, ""h"": 10, ""part"": ""dev""}",,,,,,,net=0.0017
B_event_study,B5_new52wh_rvol1.5,"{""top_n"": 300, ""h"": 20, ""part"": ""dev""}",,,,,,,net=0.0069
B_event_study,B5_new52wh_rvol1.5,"{""top_n"": 300, ""h"": 1, ""part"": ""hold""}",,,,,,,net=-0.0010
B_event_study,B5_new52wh_rvol1.5,"{""top_n"": 300, ""h"": 2, ""part"": ""hold""}",,,,,,,net=0.0006
B_event_study,B5_new52wh_rvol1.5,"{""top_n"": 300, ""h"": 3, ""part"": ""hold""}",,,,,,,net=0.0012
B_event_study,B5_new52wh_rvol1.5,"{""top_n"": 300, ""h"": 5, ""part"": ""hold""}",,,,,,,net=0.0034
B_event_study,B5_new52wh_rvol1.5,"{""top_n"": 300, ""h"": 10, ""part"": ""hold""}",,,,,,,net=0.0094
B_event_study,B5_new52wh_rvol1.5,"{""top_n"": 300, ""h"": 20, ""part"": ""hold""}",,,,,,,net=0.0194
B_event_study,B6_leader_dip,"{""top_n"": 300, ""h"": 1, ""part"": ""dev""}",,,,,,,net=0.0016
B_event_study,B6_leader_dip,"{""top_n"": 300, ""h"": 2, ""part"": ""dev""}",,,,,,,net=0.0025
B_event_study,B6_leader_dip,"{""top_n"": 300, ""h"": 3, ""part"": ""dev""}",,,,,,,net=0.0048
B_event_study,B6_leader_dip,"{""top_n"": 300, ""h"": 5, ""part"": ""dev""}",,,,,,,net=0.0071
B_event_study,B6_leader_dip,"{""top_n"": 300, ""h"": 10, ""part"": ""dev""}",,,,,,,net=0.0068
B_event_study,B6_leader_dip,"{""top_n"": 300, ""h"": 20, ""part"": ""dev""}",,,,,,,net=0.0141
B_event_study,B6_leader_dip,"{""top_n"": 300, ""h"": 1, ""part"": ""hold""}",,,,,,,net=-0.0001
B_event_study,B6_leader_dip,"{""top_n"": 300, ""h"": 2, ""part"": ""hold""}",,,,,,,net=0.0009
B_event_study,B6_leader_dip,"{""top_n"": 300, ""h"": 3, ""part"": ""hold""}",,,,,,,net=0.0021
B_event_study,B6_leader_dip,"{""top_n"": 300, ""h"": 5, ""part"": ""hold""}",,,,,,,net=0.0047
B_event_study,B6_leader_dip,"{""top_n"": 300, ""h"": 10, ""part"": ""hold""}",,,,,,,net=0.0017
B_event_study,B6_leader_dip,"{""top_n"": 300, ""h"": 20, ""part"": ""hold""}",,,,,,,net=0.0123
B_event_study,B7_bigdown_vol,"{""top_n"": 300, ""h"": 1, ""part"": ""dev""}",,,,,,,net=-0.0045
B_event_study,B7_bigdown_vol,"{""top_n"": 300, ""h"": 2, ""part"": ""dev""}",,,,,,,net=-0.0030
B_event_study,B7_bigdown_vol,"{""top_n"": 300, ""h"": 3, ""part"": ""dev""}",,,,,,,net=-0.0022
B_event_study,B7_bigdown_vol,"{""top_n"": 300, ""h"": 5, ""part"": ""dev""}",,,,,,,net=-0.0039
B_event_study,B7_bigdown_vol,"{""top_n"": 300, ""h"": 10, ""part"": ""dev""}",,,,,,,net=-0.0028
B_event_study,B7_bigdown_vol,"{""top_n"": 300, ""h"": 20, ""part"": ""dev""}",,,,,,,net=-0.0003
B_event_study,B7_bigdown_vol,"{""top_n"": 300, ""h"": 1, ""part"": ""hold""}",,,,,,,net=-0.0067
B_event_study,B7_bigdown_vol,"{""top_n"": 300, ""h"": 2, ""part"": ""hold""}",,,,,,,net=-0.0052
B_event_study,B7_bigdown_vol,"{""top_n"": 300, ""h"": 3, ""part"": ""hold""}",,,,,,,net=-0.0058
B_event_study,B7_bigdown_vol,"{""top_n"": 300, ""h"": 5, ""part"": ""hold""}",,,,,,,net=-0.0052
B_event_study,B7_bigdown_vol,"{""top_n"": 300, ""h"": 10, ""part"": ""hold""}",,,,,,,net=-0.0055
B_event_study,B7_bigdown_vol,"{""top_n"": 300, ""h"": 20, ""part"": ""hold""}",,,,,,,net=0.0086
B_event_study,B8_bigup_vol,"{""top_n"": 300, ""h"": 1, ""part"": ""dev""}",,,,,,,net=-0.0035
B_event_study,B8_bigup_vol,"{""top_n"": 300, ""h"": 2, ""part"": ""dev""}",,,,,,,net=-0.0044
B_event_study,B8_bigup_vol,"{""top_n"": 300, ""h"": 3, ""part"": ""dev""}",,,,,,,net=-0.0040
B_event_study,B8_bigup_vol,"{""top_n"": 300, ""h"": 5, ""part"": ""dev""}",,,,,,,net=-0.0035
B_event_study,B8_bigup_vol,"{""top_n"": 300, ""h"": 10, ""part"": ""dev""}",,,,,,,net=0.0022
B_event_study,B8_bigup_vol,"{""top_n"": 300, ""h"": 20, ""part"": ""dev""}",,,,,,,net=0.0098
B_event_study,B8_bigup_vol,"{""top_n"": 300, ""h"": 1, ""part"": ""hold""}",,,,,,,net=-0.0001
B_event_study,B8_bigup_vol,"{""top_n"": 300, ""h"": 2, ""part"": ""hold""}",,,,,,,net=0.0034
B_event_study,B8_bigup_vol,"{""top_n"": 300, ""h"": 3, ""part"": ""hold""}",,,,,,,net=0.0048
B_event_study,B8_bigup_vol,"{""top_n"": 300, ""h"": 5, ""part"": ""hold""}",,,,,,,net=0.0035
B_event_study,B8_bigup_vol,"{""top_n"": 300, ""h"": 10, ""part"": ""hold""}",,,,,,,net=0.0080
B_event_study,B8_bigup_vol,"{""top_n"": 300, ""h"": 20, ""part"": ""hold""}",,,,,,,net=0.0191
B_event_study,B9_10dlow_up200,"{""top_n"": 300, ""h"": 1, ""part"": ""dev""}",,,,,,,net=-0.0008
B_event_study,B9_10dlow_up200,"{""top_n"": 300, ""h"": 2, ""part"": ""dev""}",,,,,,,net=0.0006
B_event_study,B9_10dlow_up200,"{""top_n"": 300, ""h"": 3, ""part"": ""dev""}",,,,,,,net=0.0014
B_event_study,B9_10dlow_up200,"{""top_n"": 300, ""h"": 5, ""part"": ""dev""}",,,,,,,net=0.0038
B_event_study,B9_10dlow_up200,"{""top_n"": 300, ""h"": 10, ""part"": ""dev""}",,,,,,,net=0.0066
B_event_study,B9_10dlow_up200,"{""top_n"": 300, ""h"": 20, ""part"": ""dev""}",,,,,,,net=0.0126
B_event_study,B9_10dlow_up200,"{""top_n"": 300, ""h"": 1, ""part"": ""hold""}",,,,,,,net=-0.0010
B_event_study,B9_10dlow_up200,"{""top_n"": 300, ""h"": 2, ""part"": ""hold""}",,,,,,,net=-0.0003
B_event_study,B9_10dlow_up200,"{""top_n"": 300, ""h"": 3, ""part"": ""hold""}",,,,,,,net=0.0004
B_event_study,B9_10dlow_up200,"{""top_n"": 300, ""h"": 5, ""part"": ""hold""}",,,,,,,net=0.0014
B_event_study,B9_10dlow_up200,"{""top_n"": 300, ""h"": 10, ""part"": ""hold""}",,,,,,,net=0.0036
B_event_study,B9_10dlow_up200,"{""top_n"": 300, ""h"": 20, ""part"": ""hold""}",,,,,,,net=0.0091
B_event_study,B10_gapdown_closehigh,"{""top_n"": 300, ""h"": 1, ""part"": ""dev""}",,,,,,,net=-0.0060
B_event_study,B10_gapdown_closehigh,"{""top_n"": 300, ""h"": 2, ""part"": ""dev""}",,,,,,,net=-0.0036
B_event_study,B10_gapdown_closehigh,"{""top_n"": 300, ""h"": 3, ""part"": ""dev""}",,,,,,,net=-0.0036
B_event_study,B10_gapdown_closehigh,"{""top_n"": 300, ""h"": 5, ""part"": ""dev""}",,,,,,,net=-0.0047
B_event_study,B10_gapdown_closehigh,"{""top_n"": 300, ""h"": 10, ""part"": ""dev""}",,,,,,,net=0.0016
B_event_study,B10_gapdown_closehigh,"{""top_n"": 300, ""h"": 20, ""part"": ""dev""}",,,,,,,net=0.0002
B_event_study,B10_gapdown_closehigh,"{""top_n"": 300, ""h"": 1, ""part"": ""hold""}",,,,,,,net=-0.0005
B_event_study,B10_gapdown_closehigh,"{""top_n"": 300, ""h"": 2, ""part"": ""hold""}",,,,,,,net=-0.0025
B_event_study,B10_gapdown_closehigh,"{""top_n"": 300, ""h"": 3, ""part"": ""hold""}",,,,,,,net=-0.0004
B_event_study,B10_gapdown_closehigh,"{""top_n"": 300, ""h"": 5, ""part"": ""hold""}",,,,,,,net=-0.0012
B_event_study,B10_gapdown_closehigh,"{""top_n"": 300, ""h"": 10, ""part"": ""hold""}",,,,,,,net=0.0067
B_event_study,B10_gapdown_closehigh,"{""top_n"": 300, ""h"": 20, ""part"": ""hold""}",,,,,,,net=0.0111
B_event_study,B11_3down_up200,"{""top_n"": 300, ""h"": 1, ""part"": ""dev""}",,,,,,,net=-0.0007
B_event_study,B11_3down_up200,"{""top_n"": 300, ""h"": 2, ""part"": ""dev""}",,,,,,,net=0.0001
B_event_study,B11_3down_up200,"{""top_n"": 300, ""h"": 3, ""part"": ""dev""}",,,,,,,net=0.0013
B_event_study,B11_3down_up200,"{""top_n"": 300, ""h"": 5, ""part"": ""dev""}",,,,,,,net=0.0028
B_event_study,B11_3down_up200,"{""top_n"": 300, ""h"": 10, ""part"": ""dev""}",,,,,,,net=0.0043
B_event_study,B11_3down_up200,"{""top_n"": 300, ""h"": 20, ""part"": ""dev""}",,,,,,,net=0.0100
B_event_study,B11_3down_up200,"{""top_n"": 300, ""h"": 1, ""part"": ""hold""}",,,,,,,net=-0.0010
B_event_study,B11_3down_up200,"{""top_n"": 300, ""h"": 2, ""part"": ""hold""}",,,,,,,net=0.0002
B_event_study,B11_3down_up200,"{""top_n"": 300, ""h"": 3, ""part"": ""hold""}",,,,,,,net=0.0010
B_event_study,B11_3down_up200,"{""top_n"": 300, ""h"": 5, ""part"": ""hold""}",,,,,,,net=0.0020
B_event_study,B11_3down_up200,"{""top_n"": 300, ""h"": 10, ""part"": ""hold""}",,,,,,,net=0.0045
B_event_study,B11_3down_up200,"{""top_n"": 300, ""h"": 20, ""part"": ""hold""}",,,,,,,net=0.0113
C_intraday,ret_since_open@0935->close,"{""ntop"": 10}",-2.27209851077629,-0.04806614,-0.047007427,-1.0266787626936327,-0.04023063,-0.031047573,
C_intraday,rev_since_open@0935->close,"{""ntop"": 10}",-2.3332231422659584,-0.050288945,-0.046787545,-1.621860707301346,-0.05160296,-0.049026247,
C_intraday,ret_so_atr@0935->close,"{""ntop"": 10}",-2.953180359379371,-0.03922224,-0.041317593,-2.2119820494223363,-0.05088955,-0.038805965,
C_intraday,rev_so_atr@0935->close,"{""ntop"": 10}",-2.9276179714052084,-0.040719092,-0.041250043,-2.9403911227398694,-0.05760783,-0.050634515,
C_intraday,gap@0935->close,"{""ntop"": 10}",-2.4701074306152004,-0.04716909,-0.051063035,-1.9843373747071027,-0.058858693,-0.055075835,
C_intraday,rev_gap@0935->close,"{""ntop"": 10}",-2.082430294594184,-0.03964299,-0.042310063,-1.401738751182077,-0.049221694,-0.0377173,
C_intraday,gap_x_rvol@0935->close,"{""ntop"": 10}",-2.7403980332392095,-0.04656002,-0.049383245,-1.9751271183945287,-0.042930424,-0.04878479,
C_intraday,rvol_up@0935->close,"{""ntop"": 10}",-2.290671124151617,-0.032310188,-0.03566935,-2.049697645438936,-0.028516114,-0.04039012,
C_intraday,rvol@0935->close,"{""ntop"": 10}",-2.488095295849869,-0.046706975,-0.043890152,-2.2089516253001773,-0.037712753,-0.04628924,
C_intraday,rvol_down_rev@0935->close,"{""ntop"": 10}",-2.543738150069464,-0.046541452,-0.04221542,-2.310511638026107,-0.048909068,-0.046164036,
C_intraday,clv_hi@0935->close,"{""ntop"": 10}",-3.060117594893913,-0.038339257,-0.039210543,-2.387426361702362,-0.035806954,-0.035384063,
C_intraday,clv_lo@0935->close,"{""ntop"": 10}",-3.4019203877053013,-0.039902747,-0.041228265,-2.864105618341184,-0.036400616,-0.04160422,
C_intraday,gap_up_hold@0935->close,"{""ntop"": 10}",-2.3298946669070557,-0.046314716,-0.043174975,-1.64760807628117,-0.059731245,-0.044360053,
C_intraday,orb_break@0935->close,"{""ntop"": 10}",-3.093520859331834,-0.032440394,-0.036841538,-2.6199832046574483,-0.033919692,-0.035791676,
C_intraday,vol_atr@0935->close,"{""ntop"": 10}",-1.6098495972834856,-0.05714956,-0.05051905,-0.4863404041526955,-0.03571713,-0.027076026,
C_intraday,ret_since_open@1000->close,"{""ntop"": 10}",-1.943634102180673,-0.036301434,-0.036324657,-1.301692058128422,-0.031039834,-0.034281045,
C_intraday,rev_since_open@1000->close,"{""ntop"": 10}",-2.548288398950414,-0.048693538,-0.048187498,-2.076865252216703,-0.05482936,-0.052628096,
C_intraday,ret_so_atr@1000->close,"{""ntop"": 10}",-3.013125559546497,-0.04418862,-0.040431477,-2.900956815181305,-0.055574775,-0.045129173,
C_intraday,rev_so_atr@1000->close,"{""ntop"": 10}",-3.0538852489141677,-0.042717636,-0.041635916,-3.402710696579873,-0.052184463,-0.0534382,
C_intraday,gap@1000->close,"{""ntop"": 10}",-2.2316915153720993,-0.044105202,-0.040902212,-2.313280202847413,-0.050271094,-0.054919936,
C_intraday,rev_gap@1000->close,"{""ntop"": 10}",-2.345493391275765,-0.042465776,-0.042094406,-1.6173785844173658,-0.037460625,-0.037681658,
C_intraday,gap_x_rvol@1000->close,"{""ntop"": 10}",-2.4942136254041305,-0.039078802,-0.041358665,-2.5052488541702567,-0.0528239,-0.053930964,
C_intraday,rvol_up@1000->close,"{""ntop"": 10}",-2.5570584383172896,-0.037846327,-0.03530817,-2.2747637038591377,-0.02756393,-0.03919483,
C_intraday,rvol@1000->close,"{""ntop"": 10}",-2.887133861157225,-0.04530734,-0.04338483,-2.3719196547392825,-0.050949633,-0.043250628,
C_intraday,rvol_down_rev@1000->close,"{""ntop"": 10}",-2.944796603877258,-0.04313475,-0.041868635,-2.8151575626154886,-0.05230403,-0.048570924,
C_intraday,clv_hi@1000->close,"{""ntop"": 10}",-3.152913008870781,-0.03932196,-0.037145667,-3.395133098708571,-0.03347218,-0.044989016,
C_intraday,clv_lo@1000->close,"{""ntop"": 10}",-3.18506895253779,-0.036360413,-0.03848118,-2.9650181975472987,-0.041487098,-0.044341817,
C_intraday,gap_up_hold@1000->close,"{""ntop"": 10}",-1.885962607162418,-0.035875678,-0.030261345,-1.8763262085458812,-0.04264623,-0.043980468,
C_intraday,orb_break@1000->close,"{""ntop"": 10}",-2.8493556303513916,-0.019994378,-0.022138502,-3.352126670732497,-0.030740976,-0.030484466,
C_intraday,vol_atr@1000->close,"{""ntop"": 10}",-1.6238183835198292,-0.040844858,-0.04321596,-0.7214751833255874,-0.030943453,-0.02972302,
C_intraday,ret_since_open@1030->close,"{""ntop"": 10}",-2.020331792515887,-0.036940843,-0.033317674,-1.665516697734641,-0.045324624,-0.039287735,
C_intraday,rev_since_open@1030->close,"{""ntop"": 10}",-2.552233319962454,-0.045046747,-0.044482157,-1.8194322487777657,-0.049169302,-0.04318017,
C_intraday,ret_so_atr@1030->close,"{""ntop"": 10}",-3.0624076218962255,-0.038670212,-0.036344215,-2.8512598465861414,-0.044003606,-0.040743716,
C_intraday,rev_so_atr@1030->close,"{""ntop"": 10}",-3.0959774165489615,-0.044890612,-0.040651593,-3.125206780929471,-0.046298385,-0.04589156,
C_intraday,gap@1030->close,"{""ntop"": 10}",-2.5617042528328784,-0.041225016,-0.041574873,-2.4257283111099017,-0.055375874,-0.051515136,
C_intraday,rev_gap@1030->close,"{""ntop"": 10}",-2.5070187107998714,-0.042840302,-0.04095815,-1.2463454810310663,-0.028366864,-0.027228715,
C_intraday,gap_x_rvol@1030->close,"{""ntop"": 10}",-2.8782062804223565,-0.036251068,-0.042862806,-2.57540372848745,-0.047315538,-0.04983962,
C_intraday,rvol_up@1030->close,"{""ntop"": 10}",-3.0920041097048507,-0.036856294,-0.037494134,-2.6572412650905846,-0.040959835,-0.04130744,
C_intraday,rvol@1030->close,"{""ntop"": 10}",-3.236730930358055,-0.039376646,-0.044133022,-2.055504913583422,-0.04292363,-0.03497589,
C_intraday,rvol_down_rev@1030->close,"{""ntop"": 10}",-3.183027538114698,-0.041476607,-0.042438336,-2.648725988566544,-0.048188627,-0.042231195,
C_intraday,clv_hi@1030->close,"{""ntop"": 10}",-3.801708102430726,-0.037510008,-0.03986303,-3.607938133514389,-0.05026418,-0.045501195,
C_intraday,clv_lo@1030->close,"{""ntop"": 10}",-3.09319868013783,-0.03746116,-0.036750205,-2.813356954667797,-0.046386242,-0.037813354,
C_intraday,gap_up_hold@1030->close,"{""ntop"": 10}",-2.0169832105259338,-0.0365735,-0.028206566,-1.9180744345154173,-0.053000987,-0.041062508,
C_intraday,orb_break@1030->close,"{""ntop"": 10}",-2.8178632055090373,-0.016502649,-0.016411569,-2.562887942030231,-0.020476162,-0.018810337,
C_intraday,vol_atr@1030->close,"{""ntop"": 10}",-1.6457123757960412,-0.045845628,-0.039785,-0.7619903405773978,-0.042735517,-0.028481087,
C_intraday,ret_since_open@1130->close,"{""ntop"": 10}",-2.4520677612370028,-0.034882486,-0.035708565,-1.8234995836906112,-0.0411489,-0.0344348,
C_intraday,rev_since_open@1130->close,"{""ntop"": 10}",-2.4218366135329945,-0.044759363,-0.04032326,-2.12604252353637,-0.053272307,-0.04341267,
C_intraday,ret_so_atr@1130->close,"{""ntop"": 10}",-3.572169383070568,-0.037687004,-0.038842678,-3.3051670425433612,-0.031993926,-0.03789618,
C_intraday,rev_so_atr@1130->close,"{""ntop"": 10}",-3.238042355799726,-0.0350672,-0.03802738,-3.606866568353716,-0.045114636,-0.045415286,
C_intraday,gap@1130->close,"{""ntop"": 10}",-2.7575016798048724,-0.04148817,-0.03950618,-2.4570530229944376,-0.035407603,-0.04297992,
C_intraday,rev_gap@1130->close,"{""ntop"": 10}",-3.086985731143333,-0.03862098,-0.042069886,-1.694284555795399,-0.03300816,-0.030524656,
C_intraday,gap_x_rvol@1130->close,"{""ntop"": 10}",-2.8512903613556175,-0.036596,-0.039154787,-2.7066702241212792,-0.046709657,-0.043182954,
C_intraday,rvol_up@1130->close,"{""ntop"": 10}",-3.5933851905088883,-0.036287725,-0.038291927,-2.6806065896624665,-0.036882102,-0.035036925,
C_intraday,rvol@1130->close,"{""ntop"": 10}",-3.160380375094207,-0.040468305,-0.040272642,-2.3842085910885356,-0.039034247,-0.03458544,
C_intraday,rvol_down_rev@1130->close,"{""ntop"": 10}",-3.3468620450777644,-0.038975626,-0.04101616,-3.0520271596565327,-0.042791486,-0.04063811,
C_intraday,clv_hi@1130->close,"{""ntop"": 10}",-4.316916395133655,-0.043024987,-0.04079587,-3.4767650745777927,-0.036058724,-0.036987502,
C_intraday,clv_lo@1130->close,"{""ntop"": 10}",-3.3160456761358965,-0.036706448,-0.03554037,-2.87000135566229,-0.038146734,-0.036321793,
C_intraday,gap_up_hold@1130->close,"{""ntop"": 10}",-2.4533505642980025,-0.03137639,-0.02995897,-2.137401350788103,-0.03540325,-0.03427387,
C_intraday,orb_break@1130->close,"{""ntop"": 10}",-2.726384657591655,-0.011309862,-0.011269044,-1.9614527168916194,-0.0049544573,-0.007543622,
C_intraday,vol_atr@1130->close,"{""ntop"": 10}",-1.7306845361798946,-0.044615716,-0.03737028,-1.137715740279302,-0.057165146,-0.03428373,
C_intraday,ret_since_open@1330->close,"{""ntop"": 10}",-3.9672268354299938,-0.040129244,-0.04043724,-2.462886311484988,-0.032476485,-0.033670127,
C_intraday,rev_since_open@1330->close,"{""ntop"": 10}",-3.071484937895268,-0.041389138,-0.039456468,-2.761852045118324,-0.04092455,-0.038659237,
C_intraday,ret_so_atr@1330->close,"{""ntop"": 10}",-5.636712345585334,-0.042182565,-0.04457705,-4.736025636103874,-0.041929185,-0.040791184,
C_intraday,rev_so_atr@1330->close,"{""ntop"": 10}",-3.739395050771693,-0.037894756,-0.037833914,-4.203822036094353,-0.0393219,-0.037675884,
C_intraday,gap@1330->close,"{""ntop"": 10}",-4.070138959956896,-0.03881538,-0.040681377,-3.201440717733228,-0.04146099,-0.040668033,
C_intraday,rev_gap@1330->close,"{""ntop"": 10}",-4.155611538905298,-0.03894636,-0.043161154,-2.866373646323641,-0.03337407,-0.033911377,
C_intraday,gap_x_rvol@1330->close,"{""ntop"": 10}",-4.432458559091861,-0.03969407,-0.041745614,-3.449640283096733,-0.040329993,-0.040674526,
C_intraday,rvol_up@1330->close,"{""ntop"": 10}",-5.178984653179985,-0.04082215,-0.041416407,-3.7952832058901,-0.038701713,-0.035730124,
C_intraday,rvol@1330->close,"{""ntop"": 10}",-4.20245336589134,-0.03806311,-0.039706726,-3.313901363071548,-0.03444773,-0.033546437,
C_intraday,rvol_down_rev@1330->close,"{""ntop"": 10}",-4.242862490232935,-0.040659487,-0.040987052,-3.998249947848777,-0.035781443,-0.036547646,
C_intraday,clv_hi@1330->close,"{""ntop"": 10}",-6.1406162172146646,-0.042733133,-0.045066502,-5.160619492927375,-0.039362192,-0.040617645,
C_intraday,clv_lo@1330->close,"{""ntop"": 10}",-4.932921121679808,-0.040228426,-0.039740644,-4.316252166663197,-0.037187397,-0.03670316,
C_intraday,gap_up_hold@1330->close,"{""ntop"": 10}",-3.980882076496255,-0.03703502,-0.03652296,-2.9755233208995024,-0.037486613,-0.035467666,
C_intraday,orb_break@1330->close,"{""ntop"": 10}",-2.8881129358150672,-0.0076820552,-0.008065842,-2.831241921261209,-0.005800128,-0.007164427,
C_intraday,vol_atr@1330->close,"{""ntop"": 10}",-2.667407177749542,-0.040988654,-0.039220944,-1.4472318963218544,-0.027668059,-0.031010099,
C_intraday,ret_since_open@1430->close,"{""ntop"": 10}",-4.939764945792079,-0.04322651,-0.040931758,-3.770251396427061,-0.04252982,-0.04082575,
C_intraday,rev_since_open@1430->close,"{""ntop"": 10}",-3.194296003801006,-0.03523898,-0.03164278,-3.8860031424453902,-0.038527966,-0.041601386,
C_intraday,ret_so_atr@1430->close,"{""ntop"": 10}",-6.881146750472234,-0.045738697,-0.046062097,-6.13684184774365,-0.039898694,-0.04357566,
C_intraday,rev_so_atr@1430->close,"{""ntop"": 10}",-4.39307369019082,-0.03711477,-0.033370767,-5.605882966470434,-0.040470183,-0.03991372,
C_intraday,gap@1430->close,"{""ntop"": 10}",-5.036304214470485,-0.04023841,-0.038709953,-4.736176554111051,-0.04124129,-0.047280602,
C_intraday,rev_gap@1430->close,"{""ntop"": 10}",-4.53547784013483,-0.036278546,-0.039608233,-3.7387135542533936,-0.03410554,-0.033966947,
C_intraday,gap_x_rvol@1430->close,"{""ntop"": 10}",-5.363396049811178,-0.041056633,-0.039132833,-4.962204419141251,-0.045712113,-0.04661248,
C_intraday,rvol_up@1430->close,"{""ntop"": 10}",-6.361756988156675,-0.042350918,-0.040680878,-5.052946827813598,-0.039275765,-0.03898637,
C_intraday,rvol@1430->close,"{""ntop"": 10}",-4.717079039391014,-0.039987326,-0.036948975,-4.4964501596206805,-0.03721863,-0.036986366,
C_intraday,rvol_down_rev@1430->close,"{""ntop"": 10}",-4.6356987512328205,-0.03893423,-0.03735006,-5.218144327813264,-0.037189603,-0.038939744,
C_intraday,clv_hi@1430->close,"{""ntop"": 10}",-7.481227971421068,-0.04669705,-0.04504396,-6.219340064588232,-0.04084772,-0.04144946,
C_intraday,clv_lo@1430->close,"{""ntop"": 10}",-5.051347286176408,-0.038111955,-0.037392907,-5.39877236612662,-0.03746444,-0.03617743,
C_intraday,gap_up_hold@1430->close,"{""ntop"": 10}",-5.424224522452907,-0.042069554,-0.038560815,-4.342754125678903,-0.041267633,-0.04153175,
C_intraday,orb_break@1430->close,"{""ntop"": 10}",-3.7841609272389567,-0.0069127977,-0.0076983827,-2.5008757801911488,-0.006203294,-0.007306106,
C_intraday,vol_atr@1430->close,"{""ntop"": 10}",-3.1326280201757823,-0.039916784,-0.035871513,-2.426850497671101,-0.031774163,-0.039575435,
C_intraday,ret_since_open@1530->close,"{""ntop"": 10}",-8.508748728858501,-0.044664323,-0.043140966,-7.711591299202882,-0.04436642,-0.044273946,
C_intraday,rev_since_open@1530->close,"{""ntop"": 10}",-6.602998239885224,-0.03877929,-0.036211763,-6.986757657983268,-0.04519683,-0.042095553,
C_intraday,ret_so_atr@1530->close,"{""ntop"": 10}",-10.14904863612444,-0.045960158,-0.046208594,-11.747193690376431,-0.04747176,-0.047720708,
C_intraday,rev_so_atr@1530->close,"{""ntop"": 10}",-7.308488355840188,-0.039066523,-0.03668127,-10.07796483545273,-0.04505509,-0.042240564,
C_intraday,gap@1530->close,"{""ntop"": 10}",-7.995298228806557,-0.04023409,-0.03871086,-8.904660121666057,-0.04777068,-0.04521352,
C_intraday,rev_gap@1530->close,"{""ntop"": 10}",-7.862714630564643,-0.039231747,-0.03986925,-6.9104333596140854,-0.04016,-0.037801974,
C_intraday,gap_x_rvol@1530->close,"{""ntop"": 10}",-8.30638613202573,-0.040412545,-0.039287467,-8.953009709432258,-0.044171453,-0.044382486,
C_intraday,rvol_up@1530->close,"{""ntop"": 10}",-9.865513913901996,-0.04336831,-0.042863157,-10.951641006427216,-0.042141676,-0.044401262,
C_intraday,rvol@1530->close,"{""ntop"": 10}",-8.269033215603757,-0.040288,-0.040210262,-9.43891365184829,-0.045267344,-0.042263154,
C_intraday,rvol_down_rev@1530->close,"{""ntop"": 10}",-8.070414710021126,-0.038782448,-0.038773086,-9.151379365887069,-0.042263508,-0.041134592,
C_intraday,clv_hi@1530->close,"{""ntop"": 10}",-10.473065339657463,-0.04599127,-0.04472145,-13.095026800261646,-0.04729438,-0.04745597,
C_intraday,clv_lo@1530->close,"{""ntop"": 10}",-8.809919568546537,-0.040345043,-0.03940905,-9.977280289097585,-0.041461587,-0.039435368,
C_intraday,gap_up_hold@1530->close,"{""ntop"": 10}",-9.05705229972138,-0.04173395,-0.039486155,-9.145139213803503,-0.044820607,-0.04391817,
C_intraday,orb_break@1530->close,"{""ntop"": 10}",-3.0070708615657944,-0.003988713,-0.004289662,-4.548789376084435,-0.0043638945,-0.0058193766,
C_intraday,vol_atr@1530->close,"{""ntop"": 10}",-6.0205006226126505,-0.03770435,-0.03666682,-4.734041466442125,-0.03960091,-0.03914069,
D_ml,gbm_lh5,"{""top_n"": 500, ""k"": 10, ""h"": 1}",0.22624431139784187,0.010211165738356676,0.006698876460316819,-0.19057926481696252,-0.03239311902128028,-0.012294342331839287,
D_ml,gbm_lh5,"{""top_n"": 500, ""k"": 10, ""h"": 5}",0.3673064572811622,0.011216056826440224,0.009831844962424093,0.44033950731811905,0.002858102052872624,0.013934746000409018,
D_ml,gbm_lh5,"{""top_n"": 500, ""k"": 10, ""h"": 10}",0.4202598129370363,0.016592544563985734,0.011088668163763526,0.44094658989194074,0.012545351387135195,0.013325138650088924,
D_ml,gbm_lh5,"{""top_n"": 500, ""k"": 25, ""h"": 1}",0.27799742944053357,0.01269720112152195,0.007212341447292911,0.14685370861626035,-0.007835823422499333,0.001436265147715036,
D_ml,gbm_lh5,"{""top_n"": 500, ""k"": 25, ""h"": 5}",0.444154942630627,0.012833022277361938,0.011042846454780767,0.4942169437118978,0.004905815603101882,0.014433159826286918,
D_ml,gbm_lh5,"{""top_n"": 500, ""k"": 25, ""h"": 10}",0.4684362156676855,0.013819110978592342,0.01133174439315279,0.43935855749066055,0.010328689944683722,0.01206625053360697,
B_slots,rsi2<10 up200 exit>sma5,"{""top_n"": 300, ""K"": 5, ""max_hold"": 5, ""stop"": 0.0, ""trail"": 0.0, ""tp"": 0.0, ""gate"": false}",0.10562479253484676,0.001703610436834757,0.0025852035282147375,0.13791332577096233,-0.007278459071397458,0.0032260439140593808,
B_slots,rsi2<10 up200 exit>sma5,"{""top_n"": 300, ""K"": 5, ""max_hold"": 5, ""stop"": 0.0, ""trail"": 0.0, ""tp"": 0.0, ""gate"": true}",0.04455061689139507,0.00037608011430501076,0.0009815414518124094,0.21723263508851146,0.0,0.005929164962499274,
B_slots,rsi2<10 up200 exit>sma5,"{""top_n"": 300, ""K"": 10, ""max_hold"": 5, ""stop"": 0.0, ""trail"": 0.0, ""tp"": 0.0, ""gate"": false}",0.23441752886797101,0.004531754078319961,0.0048350715053284,0.06394691845632373,-0.006808506102369938,-0.0005600393441142424,
B_slots,rsi2<10 up200 exit>sma5,"{""top_n"": 300, ""K"": 10, ""max_hold"": 5, ""stop"": 0.0, ""trail"": 0.0, ""tp"": 0.0, ""gate"": true}",0.15378671768720736,0.003972762446555866,0.002841348121300455,0.14720929456357026,0.0,0.0016757094200299113,
B_slots,rsi2<10 up200 exit>sma5,"{""top_n"": 300, ""K"": 20, ""max_hold"": 5, ""stop"": 0.0, ""trail"": 0.0, ""tp"": 0.0, ""gate"": false}",0.3024505216603633,0.005126630632609874,0.005196984396950116,0.07045923521438084,0.0013659585484924186,0.0002086240492786731,
B_slots,rsi2<10 up200 exit>sma5,"{""top_n"": 300, ""K"": 20, ""max_hold"": 5, ""stop"": 0.0, ""trail"": 0.0, ""tp"": 0.0, ""gate"": true}",0.23110347859234667,0.0022220505590266892,0.0035819188071768092,0.10092114267883091,0.0,0.0008484176485398582,
B_slots,gapup2atr rvol3,"{""top_n"": 300, ""K"": 5, ""max_hold"": 10, ""stop"": 0.0, ""trail"": 0.0, ""tp"": 0.0, ""gate"": false}",0.7526301874157788,0.003371875648292999,0.0066089784336032685,0.2519098779348621,-0.0009671402283936148,0.0031396070694080713,
B_slots,gapup2atr rvol3,"{""top_n"": 300, ""K"": 5, ""max_hold"": 10, ""stop"": 0.0, ""trail"": 0.0, ""tp"": 0.0, ""gate"": true}",0.6431720315876684,0.0026957991748606247,0.005494344135254151,0.45105107307686165,0.0,0.005655217021369852,
B_slots,gapup2atr rvol3,"{""top_n"": 300, ""K"": 10, ""max_hold"": 10, ""stop"": 0.0, ""trail"": 0.0, ""tp"": 0.0, ""gate"": false}",0.6064085146932432,0.001651184712498921,0.0032090805251032456,0.21547702204092326,-0.0004647399532030638,0.00157046138108341,
B_slots,gapup2atr rvol3,"{""top_n"": 300, ""K"": 10, ""max_hold"": 10, ""stop"": 0.0, ""trail"": 0.0, ""tp"": 0.0, ""gate"": true}",0.49747077323968353,0.001404982918528197,0.002572660205612835,0.350313479325582,0.0,0.0024330861588434992,
B_slots,gapup2atr rvol3,"{""top_n"": 300, ""K"": 20, ""max_hold"": 10, ""stop"": 0.0, ""trail"": 0.0, ""tp"": 0.0, ""gate"": false}",0.5535974235754326,0.0008420272723124178,0.001726235657268339,0.35209466818400587,-0.00022778720196214852,0.001472758804543059,
B_slots,gapup2atr rvol3,"{""top_n"": 300, ""K"": 20, ""max_hold"": 10, ""stop"": 0.0, ""trail"": 0.0, ""tp"": 0.0, ""gate"": true}",0.45924455597781544,0.0007044379483203134,0.0014083635769819838,0.4919278627594736,0.0,0.0018983236855644823,
B_slots,donchian20 rvol1.5 trail3,"{""top_n"": 300, ""K"": 5, ""max_hold"": 60, ""stop"": 3.0, ""trail"": 3.0, ""tp"": 0.0, ""gate"": false}",0.6837407362984911,0.009204329039137593,0.012932637428540405,0.581750262292485,0.008028297588200006,0.012195162701950334,
B_slots,donchian20 rvol1.5 trail3,"{""top_n"": 300, ""K"": 5, ""max_hold"": 60, ""stop"": 3.0, ""trail"": 3.0, ""tp"": 0.0, ""gate"": true}",0.6964166355971312,0.0072645426996423845,0.012795340510200497,0.7551639444432101,0.0,0.015214043519045886,
B_slots,donchian20 rvol1.5 trail3,"{""top_n"": 300, ""K"": 10, ""max_hold"": 60, ""stop"": 3.0, ""trail"": 3.0, ""tp"": 0.0, ""gate"": false}",0.6950365813337868,0.00644232101316955,0.010062950247688166,0.8060902492107552,0.010639538389052516,0.014881105052892774,
B_slots,donchian20 rvol1.5 trail3,"{""top_n"": 300, ""K"": 10, ""max_hold"": 60, ""stop"": 3.0, ""trail"": 3.0, ""tp"": 0.0, ""gate"": true}",0.6808963138749429,0.006467177008722014,0.009571365413541803,0.7957139614714743,0.0005330435402404188,0.013685217394505452,
B_slots,donchian20 rvol1.5 trail3,"{""top_n"": 300, ""K"": 20, ""max_hold"": 60, ""stop"": 3.0, ""trail"": 3.0, ""tp"": 0.0, ""gate"": false}",0.6908839995034183,0.010857838328541591,0.008269346073404236,0.38142609124674276,-0.002327018606707143,0.0054450420811068875,
B_slots,donchian20 rvol1.5 trail3,"{""top_n"": 300, ""K"": 20, ""max_hold"": 60, ""stop"": 3.0, ""trail"": 3.0, ""tp"": 0.0, ""gate"": true}",0.6585854540675734,0.005133251718992593,0.007590253057241526,0.391410624889686,0.0,0.005339975826285983,
B_slots,52wh rvol1.5 trail3,"{""top_n"": 300, ""K"": 5, ""max_hold"": 60, ""stop"": 3.0, ""trail"": 3.0, ""tp"": 0.0, ""gate"": false}",0.3993541812312075,0.0034070702283577337,0.006184868137863914,-0.003796418153242215,0.004808409744751607,-0.0006579854271440242,
B_slots,52wh rvol1.5 trail3,"{""top_n"": 300, ""K"": 5, ""max_hold"": 60, ""stop"": 3.0, ""trail"": 3.0, ""tp"": 0.0, ""gate"": true}",0.5172830315596557,0.0019151459457913411,0.007803043242751485,0.18604188331941116,0.0,0.0028027107406304085,
B_slots,52wh rvol1.5 trail3,"{""top_n"": 300, ""K"": 10, ""max_hold"": 60, ""stop"": 3.0, ""trail"": 3.0, ""tp"": 0.0, ""gate"": false}",0.5469018828834563,0.006857416417969553,0.0069360164607346715,0.11650145491296866,0.008804377029506094,0.0014679946853175588,
B_slots,52wh rvol1.5 trail3,"{""top_n"": 300, ""K"": 10, ""max_hold"": 60, ""stop"": 3.0, ""trail"": 3.0, ""tp"": 0.0, ""gate"": true}",0.6057928813395286,0.007421482142929037,0.007503854085419662,0.4339748701976935,0.0017207094489317676,0.0069151140797479235,
B_slots,52wh rvol1.5 trail3,"{""top_n"": 300, ""K"": 20, ""max_hold"": 60, ""stop"": 3.0, ""trail"": 3.0, ""tp"": 0.0, ""gate"": false}",0.6945825346096333,0.006877986347221254,0.007443431754077277,0.08314317404990344,0.00179961455337585,0.0006999643793471252,
B_slots,52wh rvol1.5 trail3,"{""top_n"": 300, ""K"": 20, ""max_hold"": 60, ""stop"": 3.0, ""trail"": 3.0, ""tp"": 0.0, ""gate"": true}",0.7122267829334731,0.0047271151927869015,0.00750773275334071,0.3905830900010072,0.0,0.004909461324259162,
B_slots,leader dip,"{""top_n"": 300, ""K"": 5, ""max_hold"": 5, ""stop"": 0.0, ""trail"": 0.0, ""tp"": 0.0, ""gate"": false}",0.4719622903292112,0.010090161978256518,0.006950850291171475,0.8022306423333593,0.013334180323344214,0.014367105013707549,
B_slots,leader dip,"{""top_n"": 300, ""K"": 5, ""max_hold"": 5, ""stop"": 0.0, ""trail"": 0.0, ""tp"": 0.0, ""gate"": true}",0.6622471944026498,0.00919810730838655,0.00856230417314053,0.6816905619585908,0.00417396459740349,0.009294956521125193,
B_slots,leader dip,"{""top_n"": 300, ""K"": 10, ""max_hold"": 5, ""stop"": 0.0, ""trail"": 0.0, ""tp"": 0.0, ""gate"": false}",0.5840990354554667,0.0076474869736991025,0.006649615565269691,0.728588373238619,0.008736371294425505,0.009192938119583927,
B_slots,leader dip,"{""top_n"": 300, ""K"": 10, ""max_hold"": 5, ""stop"": 0.0, ""trail"": 0.0, ""tp"": 0.0, ""gate"": true}",0.8341253147767209,0.006142081985527459,0.0077007605359288,0.6284243126927753,0.002218626566632853,0.0054236529159656715,
B_slots,leader dip,"{""top_n"": 300, ""K"": 20, ""max_hold"": 5, ""stop"": 0.0, ""trail"": 0.0, ""tp"": 0.0, ""gate"": false}",0.6158878464263403,0.00436754304093212,0.004710973248614228,0.5687166914865821,0.005424379252035205,0.004393194112795738,
B_slots,leader dip,"{""top_n"": 300, ""K"": 20, ""max_hold"": 5, ""stop"": 0.0, ""trail"": 0.0, ""tp"": 0.0, ""gate"": true}",0.8508361998654838,0.003332992423472847,0.004831744357531402,0.49426093754780603,0.0011260906136645321,0.0023649372340589737,
B_slots,leaders 20d-high trail4,"{""top_n"": 300, ""K"": 5, ""max_hold"": 80, ""stop"": 4.0, ""trail"": 4.0, ""tp"": 0.0, ""gate"": false}",0.6507688312968064,0.02041087377991757,0.014331738368521271,0.7429937528818944,0.03306120596012807,0.02328189278998485,
B_slots,leaders 20d-high trail4,"{""top_n"": 300, ""K"": 5, ""max_hold"": 80, ""stop"": 4.0, ""trail"": 4.0, ""tp"": 0.0, ""gate"": true}",0.553409286490923,0.00921749823151674,0.011775301302946286,0.6638128511070162,0.0136026595949994,0.02016518715176034,
B_slots,leaders 20d-high trail4,"{""top_n"": 300, ""K"": 10, ""max_hold"": 80, ""stop"": 4.0, ""trail"": 4.0, ""tp"": 0.0, ""gate"": false}",0.5331140548725479,0.01904919766495783,0.009001123404816767,0.4361822515750907,0.022780762108791652,0.011403249829058316,
B_slots,leaders 20d-high trail4,"{""top_n"": 300, ""K"": 10, ""max_hold"": 80, ""stop"": 4.0, ""trail"": 4.0, ""tp"": 0.0, ""gate"": true}",0.5493168594414746,0.01257765501095398,0.009073461062750733,0.43452580594227697,0.013879401941800928,0.011271541429783044,
B_slots,leaders 20d-high trail4,"{""top_n"": 300, ""K"": 20, ""max_hold"": 80, ""stop"": 4.0, ""trail"": 4.0, ""tp"": 0.0, ""gate"": false}",0.5980748189545299,0.009475629859369894,0.008195157647130604,0.6964782062177768,0.018438751721371327,0.01510808395665102,
B_slots,leaders 20d-high trail4,"{""top_n"": 300, ""K"": 20, ""max_hold"": 80, ""stop"": 4.0, ""trail"": 4.0, ""tp"": 0.0, ""gate"": true}",0.5436517804585337,0.007143128389702436,0.00733147738030336,0.5994848186891953,0.010043347688014403,0.01195659462508786,
B_slots,bigup rvol2 hold10,"{""top_n"": 300, ""K"": 5, ""max_hold"": 10, ""stop"": 0.0, ""trail"": 0.0, ""tp"": 0.0, ""gate"": false}",0.13922175945765292,0.0028056184778704196,0.002224714354019558,0.6266421488480172,0.011935606318036918,0.011368867611943969,
B_slots,bigup rvol2 hold10,"{""top_n"": 300, ""K"": 5, ""max_hold"": 10, ""stop"": 0.0, ""trail"": 0.0, ""tp"": 0.0, ""gate"": true}",-0.005373858183913483,0.0,-3.49824249540979e-05,0.635078591588731,0.004506528263097831,0.01059767898440536,
B_slots,bigup rvol2 hold10,"{""top_n"": 300, ""K"": 10, ""max_hold"": 10, ""stop"": 0.0, ""trail"": 0.0, ""tp"": 0.0, ""gate"": false}",0.2996697762255894,0.0032933781033571696,0.002760475197001284,0.39933097820813673,-0.0002801628684732105,0.005192328221838283,
B_slots,bigup rvol2 hold10,"{""top_n"": 300, ""K"": 10, ""max_hold"": 10, ""stop"": 0.0, ""trail"": 0.0, ""tp"": 0.0, ""gate"": true}",0.17466289003772817,0.000400979206660379,0.0015968255872901701,0.452950940110422,0.0,0.005519820668983872,
B_slots,bigup rvol2 hold10,"{""top_n"": 300, ""K"": 20, ""max_hold"": 10, ""stop"": 0.0, ""trail"": 0.0, ""tp"": 0.0, ""gate"": false}",0.2365090477919907,0.0013296488168160758,0.0012393020603297029,0.47719313428072263,-0.0012014391900068144,0.0036724805426899274,
B_slots,bigup rvol2 hold10,"{""top_n"": 300, ""K"": 20, ""max_hold"": 10, ""stop"": 0.0, ""trail"": 0.0, ""tp"": 0.0, ""gate"": true}",0.11551135539827523,6.597106640748862e-06,0.0006004203639820812,0.5019253419074654,0.0,0.0036169290917190287,
A_daily_rank,mom_12_1,"{""top_n"": 1000, ""k"": 10, ""h"": 1}",0.6165771359327941,0.007176602381945396,0.022344209255538785,0.5637802120918959,0.006133963090522165,0.022423700213359953,
A_daily_rank,mom_12_1,"{""top_n"": 1000, ""k"": 10, ""h"": 5}",0.6799138783192816,0.010005856071841679,0.024975143699787053,0.5921969391507553,0.008325937081006485,0.023481938674152495,
A_daily_rank,mom_12_1,"{""top_n"": 1000, ""k"": 10, ""h"": 21}",0.6805867882962765,0.011368009309374316,0.0238647909912177,0.6952115408951313,0.011060781361996952,0.028664340437617952,
A_daily_rank,mom_12_1,"{""top_n"": 1000, ""k"": 25, ""h"": 1}",0.6697844669384906,0.019036388714338215,0.020015625353446156,0.6650724252496895,0.01598353109182349,0.02454639507515757,
A_daily_rank,mom_12_1,"{""top_n"": 1000, ""k"": 25, ""h"": 5}",0.690752350256362,0.019618060909840418,0.02054954682542985,0.7358090989823192,0.020861747822329857,0.02738040562425469,
A_daily_rank,mom_12_1,"{""top_n"": 1000, ""k"": 25, ""h"": 21}",0.698778417474957,0.016537518383753835,0.020548656741493823,0.7771721766283547,0.02086412550444061,0.02937586796920267,
A_daily_rank,mom_6_1,"{""top_n"": 1000, ""k"": 10, ""h"": 1}",0.6743946433923114,0.010459324396869807,0.02448708926379745,0.37758564887731205,0.014774188793578835,0.01230018104941197,
A_daily_rank,mom_6_1,"{""top_n"": 1000, ""k"": 10, ""h"": 5}",0.696794450471745,0.022144273319481544,0.02518649705962705,0.4704286624531237,-0.003415828615696115,0.016078496117059304,
A_daily_rank,mom_6_1,"{""top_n"": 1000, ""k"": 10, ""h"": 21}",0.7665808268649833,0.02004669647789803,0.02693387936052704,0.5361801742314541,0.02680108108487489,0.01879879600881217,
A_daily_rank,mom_6_1,"{""top_n"": 1000, ""k"": 25, ""h"": 1}",0.6434886319783659,0.01414409648010495,0.018867668174977793,0.5122383481154503,0.01764864625551965,0.01739267581399905,
A_daily_rank,mom_6_1,"{""top_n"": 1000, ""k"": 25, ""h"": 5}",0.7367114241759921,0.016439165331899153,0.021488061937315128,0.5533246214202985,0.008790270834816427,0.018991463193018154,
A_daily_rank,mom_6_1,"{""top_n"": 1000, ""k"": 25, ""h"": 21}",0.7932829213353405,0.012990495297328764,0.022664301349986746,0.6378372284274263,0.016580150089997803,0.022206728329204114,
A_daily_rank,mom_3_0,"{""top_n"": 1000, ""k"": 10, ""h"": 1}",0.6193811459845724,0.00629137370382471,0.020823842836375943,0.2295499248002083,-0.026412503434283363,0.011706526395034039,
A_daily_rank,mom_3_0,"{""top_n"": 1000, ""k"": 10, ""h"": 5}",0.6893666110893042,0.00864927941434046,0.022380298970747777,0.3772976551933189,-0.017188638038576065,0.017491278907103246,
A_daily_rank,mom_3_0,"{""top_n"": 1000, ""k"": 10, ""h"": 21}",0.7120314059190989,0.017860728662411507,0.02261936501737148,0.5334912724358338,0.007701119674701884,0.02119603046176441,
A_daily_rank,mom_3_0,"{""top_n"": 1000, ""k"": 25, ""h"": 1}",0.4228751875792306,0.0037548552908736044,0.010565102393415094,0.14889356482884422,-0.010487831590396901,0.00397351676710451,
A_daily_rank,mom_3_0,"{""top_n"": 1000, ""k"": 25, ""h"": 5}",0.5854522344374598,0.007605776786205443,0.014768969282408223,0.3498015358384352,-0.0018759619218214896,0.010388461950183175,
A_daily_rank,mom_3_0,"{""top_n"": 1000, ""k"": 25, ""h"": 21}",0.655481777715372,0.01538814780351705,0.016477482426501638,0.48426952021456626,0.010867968281235818,0.014501701231666669,
A_daily_rank,high52,"{""top_n"": 1000, ""k"": 10, ""h"": 1}",-1.4707826036538618,-0.016654893153788985,-0.020394858209810473,-1.1917069219839085,-0.024751677682124495,-0.021333357653338825,
A_daily_rank,high52,"{""top_n"": 1000, ""k"": 10, ""h"": 5}",0.3848985945194927,0.009084196700053782,0.004893394599598517,-0.24882715437524988,-0.008409270424275084,-0.004758928124177231,
A_daily_rank,high52,"{""top_n"": 1000, ""k"": 10, ""h"": 21}",0.809010620356953,0.014942038438008454,0.010349962837038167,0.3371191717183215,0.005373812660580013,0.004466516159173279,
A_daily_rank,high52,"{""top_n"": 1000, ""k"": 25, ""h"": 1}",-1.1135297018157408,-0.014591657019717152,-0.014271829246727426,-1.1233927156164911,-0.01848854820645296,-0.0178368943552389,
A_daily_rank,high52,"{""top_n"": 1000, ""k"": 25, ""h"": 5}",0.5013753593340171,0.0066275484321842715,0.006134333494678323,-0.12461408835703527,9.702183688431454e-05,-0.00227824758920074,
A_daily_rank,high52,"{""top_n"": 1000, ""k"": 25, ""h"": 21}",0.8805530354423267,0.013716189900320863,0.011119309510419917,0.4239194545882953,0.005754891529628603,0.005572842903513106,
A_daily_rank,res_mom_12_1,"{""top_n"": 1000, ""k"": 10, ""h"": 1}",0.7999051329190523,0.013760913556909449,0.03146978392676348,0.5196519951845301,-0.00017259806439651193,0.021074419948283258,
A_daily_rank,res_mom_12_1,"{""top_n"": 1000, ""k"": 10, ""h"": 5}",0.7337164152986437,0.01652986002887702,0.02784246116761706,0.5762540942911056,-0.0031786237314449517,0.023704653921288555,
A_daily_rank,res_mom_12_1,"{""top_n"": 1000, ""k"": 10, ""h"": 21}",0.7153014295979112,0.012611674518837046,0.02663266369538419,0.6009957431198686,0.01042184120800771,0.02465839771096244,
A_daily_rank,res_mom_12_1,"{""top_n"": 1000, ""k"": 25, ""h"": 1}",0.8382426359531054,0.020309751188266723,0.026375116413330336,0.6744756645699769,0.0271126828621151,0.026449004503663852,
A_daily_rank,res_mom_12_1,"{""top_n"": 1000, ""k"": 25, ""h"": 5}",0.8073284260203355,0.017408659798057613,0.02521682648264223,0.7162615600667644,0.03877147092195754,0.028193517633353905,
A_daily_rank,res_mom_12_1,"{""top_n"": 1000, ""k"": 25, ""h"": 21}",0.7605007368285723,0.019329566151302213,0.023302150381388786,0.7325303868470557,0.03349896600214719,0.02886772861995518,
A_daily_rank,rev1,"{""top_n"": 1000, ""k"": 10, ""h"": 1}",-0.6119425512741214,-0.02901645267532088,-0.022115585682601576,-0.7648563923261746,-0.03941290632267069,-0.038566529923122574,
A_daily_rank,rev1,"{""top_n"": 1000, ""k"": 10, ""h"": 5}",0.46445119146770836,0.00974375863309096,0.012426261491655705,0.4850976441938817,0.023276905072108223,0.013634273403248518,
A_daily_rank,rev1,"{""top_n"": 1000, ""k"": 10, ""h"": 21}",0.6894804227623338,0.01656258930775445,0.017225434759789954,0.5152692735880819,0.020061966659945973,0.013427587905743275,
A_daily_rank,rev1,"{""top_n"": 1000, ""k"": 25, ""h"": 1}",-0.7173058602277083,-0.02207126442176577,-0.020525474482073047,-0.7729275523777812,-0.04466950716479867,-0.03203272308843278,
A_daily_rank,rev1,"{""top_n"": 1000, ""k"": 25, ""h"": 5}",0.45421032660675087,0.01001189151647286,0.011223726435277455,0.47748854034921595,0.026103636666423347,0.01242632399941335,
A_daily_rank,rev1,"{""top_n"": 1000, ""k"": 25, ""h"": 21}",0.6699906851776632,0.013489482398764019,0.015679774486151366,0.486429356024665,0.018599861695747233,0.011799454435945003,
A_daily_rank,rev5,"{""top_n"": 1000, ""k"": 10, ""h"": 1}",0.3441626814464516,0.004818262935439854,0.011903360045525661,0.5573975928836642,0.020295766606059917,0.02055224524445997,
A_daily_rank,rev5,"{""top_n"": 1000, ""k"": 10, ""h"": 5}",0.5905665044334331,0.019894294618926223,0.01917908188256161,0.49584769560243686,0.02619979082673418,0.015676340564252152,
A_daily_rank,rev5,"{""top_n"": 1000, ""k"": 10, ""h"": 21}",0.7809486350545287,0.0184198420697832,0.022745339757047563,0.5031179703748432,0.027457248953687285,0.014058988400036844,
A_daily_rank,rev5,"{""top_n"": 1000, ""k"": 25, ""h"": 1}",0.23434632817754358,0.009393728398391477,0.0062857562367952145,0.3763067148669085,0.002967192379426553,0.010197875630391578,
A_daily_rank,rev5,"{""top_n"": 1000, ""k"": 25, ""h"": 5}",0.5497060056117294,0.021323664822743726,0.015296981172638105,0.47244799159097983,0.03789496883161236,0.013217378909616561,
A_daily_rank,rev5,"{""top_n"": 1000, ""k"": 25, ""h"": 21}",0.7133606018979501,0.01780722735446083,0.018090536769592734,0.4827989830122755,0.02266894507759032,0.012283966990767291,
A_daily_rank,rev21,"{""top_n"": 1000, ""k"": 10, ""h"": 1}",0.7307489022934038,0.01800306632610904,0.02682089451910752,0.45549675733173023,0.01675779346191053,0.014297212397214085,
A_daily_rank,rev21,"{""top_n"": 1000, ""k"": 10, ""h"": 5}",0.7211436120312867,0.02234687470942809,0.025701297671654823,0.3349994083149552,0.009772938428550537,0.009678739785447435,
A_daily_rank,rev21,"{""top_n"": 1000, ""k"": 10, ""h"": 21}",0.6491486644213528,0.017268758984813948,0.023482041438547145,0.43066321559622656,0.021821396878821897,0.012852681804435783,
A_daily_rank,rev21,"{""top_n"": 1000, ""k"": 25, ""h"": 1}",0.5979040919899963,0.011969291948079164,0.018008333769057215,0.32230541562892545,0.02509581877461553,0.008114863903329776,
A_daily_rank,rev21,"{""top_n"": 1000, ""k"": 25, ""h"": 5}",0.5678622897295901,0.016852534577314615,0.017104573899754123,0.45538700221645606,0.026243285968576613,0.013376083369065407,
A_daily_rank,rev21,"{""top_n"": 1000, ""k"": 25, ""h"": 21}",0.5938263328872437,0.014279892348692758,0.017549217186524895,0.3807641739000465,0.020654008109549205,0.009814008320743563,
A_daily_rank,rev1_atr,"{""top_n"": 1000, ""k"": 10, ""h"": 1}",-1.3726563753447507,-0.03920619941802178,-0.030243860256563462,-1.9754294990540937,-0.043038901589991685,-0.04790704447291883,
A_daily_rank,rev1_atr,"{""top_n"": 1000, ""k"": 10, ""h"": 5}",0.2864728420346347,0.004898995312758947,0.004755895761284997,0.044880859412164,-0.0050287787575914455,-0.0003560341180787848,
A_daily_rank,rev1_atr,"{""top_n"": 1000, ""k"": 10, ""h"": 21}",0.815102200442777,0.01707030722252534,0.012305032682629172,0.4612299547721559,0.0054577132748783175,0.006591244869079724,
A_daily_rank,rev1_atr,"{""top_n"": 1000, ""k"": 25, ""h"": 1}",-1.5001013121358842,-0.027393899061403215,-0.02715672275099339,-1.6364868152924719,-0.040670155693300014,-0.03667827571284628,
A_daily_rank,rev1_atr,"{""top_n"": 1000, ""k"": 25, ""h"": 5}",0.3165693626504383,0.005679768185084311,0.005207594121749674,0.24984657284595382,0.004751555383529338,0.0034440023493079322,
A_daily_rank,rev1_atr,"{""top_n"": 1000, ""k"": 25, ""h"": 21}",0.7903964570147622,0.017252658803297516,0.012033920197587391,0.5208957010146684,0.008041097143679066,0.007656816275912468,
A_daily_rank,rev_res1,"{""top_n"": 1000, ""k"": 10, ""h"": 1}",-0.6941052186271084,-0.031972363724852904,-0.023304128166252994,-0.8078607041075991,-0.046307823171145235,-0.039354112274795905,
A_daily_rank,rev_res1,"{""top_n"": 1000, ""k"": 10, ""h"": 5}",0.38895717617745934,0.004062652573612491,0.010352925598213084,0.4230053365118823,0.013024156261521203,0.011650172647299801,
A_daily_rank,rev_res1,"{""top_n"": 1000, ""k"": 10, ""h"": 21}",0.6937503210848414,0.0144373092755824,0.017542024738215277,0.4768612282796174,0.018261120562454547,0.012398830572664414,
A_daily_rank,rev_res1,"{""top_n"": 1000, ""k"": 25, ""h"": 1}",-0.6666549329538903,-0.026463280683990897,-0.017922756532879065,-0.8672600154080436,-0.04500584012173636,-0.034091686562232944,
A_daily_rank,rev_res1,"{""top_n"": 1000, ""k"": 25, ""h"": 5}",0.4173789842021717,0.012310616281964282,0.010280116791107581,0.3428290426272887,0.011973497661290633,0.008266713426944256,
A_daily_rank,rev_res1,"{""top_n"": 1000, ""k"": 25, ""h"": 21}",0.6837526815886987,0.017012916938096256,0.016113165968199384,0.47278956213237544,0.017112912643142852,0.011465478118958074,
A_daily_rank,rev_res5,"{""top_n"": 1000, ""k"": 10, ""h"": 1}",0.2235880353763382,0.004398800179208018,0.006276075151175744,0.3818050967897041,0.011396996158826722,0.012526619578594987,
A_daily_rank,rev_res5,"{""top_n"": 1000, ""k"": 10, ""h"": 5}",0.6178275217114968,0.022139824818467324,0.019660107923215226,0.385705560536576,0.015577614979174648,0.01115773936883119,
A_daily_rank,rev_res5,"{""top_n"": 1000, ""k"": 10, ""h"": 21}",0.7473322617377708,0.01661663827626514,0.021479653958206373,0.44477563670751574,0.027200375821058165,0.012120637723811617,
A_daily_rank,rev_res5,"{""top_n"": 1000, ""k"": 25, ""h"": 1}",0.13070849362387302,0.0056165011694893074,0.003106313917415967,0.20729097051980036,0.0033628336189717167,0.0037229953997814573,
A_daily_rank,rev_res5,"{""top_n"": 1000, ""k"": 25, ""h"": 5}",0.5606909967915011,0.015386774290730099,0.015045025278323384,0.41673345678838697,0.013085194852364479,0.0113369016700883,
A_daily_rank,rev_res5,"{""top_n"": 1000, ""k"": 25, ""h"": 21}",0.69981802619484,0.012833814801758936,0.01754986133822963,0.43636173969411524,0.01838532871759968,0.010865797745382847,
A_daily_rank,rev_gap,"{""top_n"": 1000, ""k"": 10, ""h"": 1}",-0.5801643512450415,-0.017841227082999844,-0.016707945713218448,-0.5404603025581396,-0.02263129196158531,-0.024205996853168103,
A_daily_rank,rev_gap,"{""top_n"": 1000, ""k"": 10, ""h"": 5}",0.4237764146471742,0.012784776647418283,0.009193767620574304,0.5489478442844395,0.01866500723396647,0.014090373361279917,
A_daily_rank,rev_gap,"{""top_n"": 1000, ""k"": 10, ""h"": 21}",0.6905844304473072,0.012096489083318396,0.014271747754145891,0.5602541081641402,0.012458870639910913,0.013217402330002593,
A_daily_rank,rev_gap,"{""top_n"": 1000, ""k"": 25, ""h"": 1}",-0.7981649557419617,-0.019543218195069656,-0.01931947425428039,-0.4083505998305538,-0.018281702307612058,-0.016641506910236598,
A_daily_rank,rev_gap,"{""top_n"": 1000, ""k"": 25, ""h"": 5}",0.4061539450642157,0.009660015395770438,0.00833365292775842,0.537082442926701,0.020285391563446442,0.012528968905205978,
A_daily_rank,rev_gap,"{""top_n"": 1000, ""k"": 25, ""h"": 21}",0.6455796400715108,0.013325200720415986,0.012781174464967841,0.6367135319886115,0.01652460669381095,0.014459321254797932,
A_daily_rank,gap_up,"{""top_n"": 1000, ""k"": 10, ""h"": 1}",-1.4441207205056696,-0.047863405322782215,-0.04070759072902567,-0.2089234248341437,-0.027263010447906577,-0.0099621954670436,
A_daily_rank,gap_up,"{""top_n"": 1000, ""k"": 10, ""h"": 5}",0.18916384426052954,-0.0005089057674407815,0.004602403201558843,0.14546831493403833,-0.001693230122663203,0.0024624978206323283,
A_daily_rank,gap_up,"{""top_n"": 1000, ""k"": 10, ""h"": 21}",0.6487546761026726,0.009809501404383303,0.014008419499778765,0.4884082956429701,0.009684816659411899,0.011492756510209255,
A_daily_rank,gap_up,"{""top_n"": 1000, ""k"": 25, ""h"": 1}",-1.402230695698974,-0.046314287699621315,-0.03297769516230513,-0.5224019408237424,-0.043165179767475026,-0.01659246890337043,
A_daily_rank,gap_up,"{""top_n"": 1000, ""k"": 25, ""h"": 5}",0.18691008482735888,0.003405683194274811,0.0037110917087458525,0.2537454714126296,0.010859631912128576,0.005184391363601641,
A_daily_rank,gap_up,"{""top_n"": 1000, ""k"": 25, ""h"": 21}",0.6099601184713659,0.011152595212828631,0.012103329119921069,0.5487940557642628,0.013016462986911392,0.01229857190445232,
A_daily_rank,rev_lowclv,"{""top_n"": 1000, ""k"": 10, ""h"": 1}",-1.4228514659428224,-0.025713862067330118,-0.03138624631288381,-1.35889692142068,-0.03211616699365438,-0.030294378908209105,
A_daily_rank,rev_lowclv,"{""top_n"": 1000, ""k"": 10, ""h"": 5}",0.3297539571642658,0.006310292530135486,0.005856110538659602,0.07877222005831928,-0.0023659781724056916,0.0005688851260119206,
A_daily_rank,rev_lowclv,"{""top_n"": 1000, ""k"": 10, ""h"": 21}",0.7833065477166415,0.015588323345840926,0.012626856800966339,0.45721974167454554,0.008909788338688163,0.0071352010604647164,
A_daily_rank,rev_lowclv,"{""top_n"": 1000, ""k"": 25, ""h"": 1}",-1.5013129903859128,-0.028505698173647787,-0.028270177801180282,-1.4242257873095352,-0.032975476351032484,-0.02979988915605587,
A_daily_rank,rev_lowclv,"{""top_n"": 1000, ""k"": 25, ""h"": 5}",0.3577028292588566,0.008779448416578073,0.006137698715440788,0.06256752640663714,0.007742175903673321,0.00015144212441371002,
A_daily_rank,rev_lowclv,"{""top_n"": 1000, ""k"": 25, ""h"": 21}",0.80504815050609,0.013938906410928209,0.012903804880923794,0.4380446179251084,0.003757165020201292,0.006786164233547354,
A_daily_rank,clv_high,"{""top_n"": 1000, ""k"": 10, ""h"": 1}",-1.4276879642532245,-0.021929863891119283,-0.02478009560769164,-1.6742109291127882,-0.03452043827738949,-0.03377640491221525,
A_daily_rank,clv_high,"{""top_n"": 1000, ""k"": 10, ""h"": 5}",0.23121170443961644,0.005861576047753836,0.003460636052664448,0.15126760079815138,-0.003158022495318824,0.001533710075512378,
A_daily_rank,clv_high,"{""top_n"": 1000, ""k"": 10, ""h"": 21}",0.7692654387023973,0.01261683820431525,0.011132413812322462,0.5567036002136454,0.010415993062711237,0.008256685490303074,
A_daily_rank,clv_high,"{""top_n"": 1000, ""k"": 25, ""h"": 1}",-1.7429245799550177,-0.02520953123896147,-0.02719313471572072,-1.774455783276083,-0.029530091032589634,-0.032968221802385546,
A_daily_rank,clv_high,"{""top_n"": 1000, ""k"": 25, ""h"": 5}",0.23527709527671734,0.006422470873720276,0.0033819834896222016,0.13079392655280403,-0.001454415685062771,0.001409047854983714,
A_daily_rank,clv_high,"{""top_n"": 1000, ""k"": 25, ""h"": 21}",0.7612731279910541,0.013400159943894208,0.010927652183530165,0.5525316704069656,0.008594138969552745,0.00832741626699776,
A_daily_rank,vol_surge_dir,"{""top_n"": 1000, ""k"": 10, ""h"": 1}",-1.6240616026968144,-0.036783148646498065,-0.040105228267305906,-1.0013792582156404,-0.01783871761600042,-0.026519326132763654,
A_daily_rank,vol_surge_dir,"{""top_n"": 1000, ""k"": 10, ""h"": 5}",0.08900087137457552,0.0014975499766717304,0.001314052723506238,0.14025517273678909,-0.003501791495458484,0.002044079431564477,
A_daily_rank,vol_surge_dir,"{""top_n"": 1000, ""k"": 10, ""h"": 21}",0.7319100782857797,0.015447054537789162,0.011693407774727707,0.31954399440407283,-0.0006041970004588837,0.0056106314590437245,
A_daily_rank,vol_surge_dir,"{""top_n"": 1000, ""k"": 25, ""h"": 1}",-1.800458629883663,-0.03478371137553177,-0.03347312147218113,-1.4352813506168314,-0.027052244908878698,-0.030872072224284692,
A_daily_rank,vol_surge_dir,"{""top_n"": 1000, ""k"": 25, ""h"": 5}",0.13651174898323104,0.003018037403926477,0.0020350915730467183,0.02741811467730415,-0.005135476568700281,-0.0001126792141717822,
A_daily_rank,vol_surge_dir,"{""top_n"": 1000, ""k"": 25, ""h"": 21}",0.7299537523724802,0.014202758332595211,0.011204244215037967,0.38384836376933695,0.0010639651124781935,0.006275595898997684,
A_daily_rank,vol_surge_rev,"{""top_n"": 1000, ""k"": 10, ""h"": 1}",-0.5785924920282787,-0.015730319380335644,-0.015414249122754428,-0.7404997945355523,-0.02249671898584038,-0.0271231955000652,
A_daily_rank,vol_surge_rev,"{""top_n"": 1000, ""k"": 10, ""h"": 5}",0.5245327405876958,0.013954408861252099,0.00943286263327899,0.343225490605701,0.009665201627031994,0.0067832506729298995,
A_daily_rank,vol_surge_rev,"{""top_n"": 1000, ""k"": 10, ""h"": 21}",0.7773834053761342,0.017795959845145815,0.01319815386158684,0.47081708666918387,0.007748783122609959,0.008151723322746808,
A_daily_rank,vol_surge_rev,"{""top_n"": 1000, ""k"": 25, ""h"": 1}",-0.8151148673194082,-0.014875465844781166,-0.016788352376068207,-0.7014865952839251,-0.02327913436343887,-0.020580218426770356,
A_daily_rank,vol_surge_rev,"{""top_n"": 1000, ""k"": 25, ""h"": 5}",0.5066190162651716,0.011550563841011052,0.008546656119079723,0.41457238726406875,0.010430067676899801,0.007292202410785634,
A_daily_rank,vol_surge_rev,"{""top_n"": 1000, ""k"": 25, ""h"": 21}",0.7839171045255828,0.016350848939029827,0.01295015384577206,0.5064590362422591,0.0021802771528969256,0.008400355904399312,
A_daily_rank,lowvol,"{""top_n"": 1000, ""k"": 10, ""h"": 1}",0.7104445584876724,0.007269276324362028,0.0068306011091855984,0.37194065648339797,-0.0024891688639094856,0.0033257098502426866,
A_daily_rank,lowvol,"{""top_n"": 1000, ""k"": 10, ""h"": 5}",0.8291036524867412,0.008643616602027504,0.007904505893694947,0.3247017695779011,0.0020052039745779293,0.0029056970053666863,
A_daily_rank,lowvol,"{""top_n"": 1000, ""k"": 10, ""h"": 21}",0.8185171917948669,0.011208127033485504,0.008017180959462907,0.3294611414766726,0.00040895476260982555,0.0028793235248991376,
A_daily_rank,lowvol,"{""top_n"": 1000, ""k"": 25, ""h"": 1}",0.7344179252502627,0.008207232199890169,0.00675697572022442,0.3161952655319317,0.0029707913505168104,0.002783524132602697,
A_daily_rank,lowvol,"{""top_n"": 1000, ""k"": 25, ""h"": 5}",0.8551152864272306,0.011370115086423382,0.00796658172738487,0.39828828221566015,0.004125576290326505,0.003584136590485227,
A_daily_rank,lowvol,"{""top_n"": 1000, ""k"": 25, ""h"": 21}",0.949369990304949,0.011405155285758695,0.009110671114637536,0.43164784977893217,0.005957965460760661,0.003861946686935899,
A_daily_rank,highvol,"{""top_n"": 1000, ""k"": 10, ""h"": 1}",0.8466169134975549,0.025807396360168045,0.03908576765812509,0.422994560635505,-0.00038829813075391684,0.014137922834792618,
A_daily_rank,highvol,"{""top_n"": 1000, ""k"": 10, ""h"": 5}",0.8534042380322593,0.028914808448087248,0.03821237106348814,0.5368516975242776,0.0003436440772346394,0.021353338241925333,
A_daily_rank,highvol,"{""top_n"": 1000, ""k"": 10, ""h"": 21}",0.9054626897472091,0.023098723190172032,0.03896062458020612,0.6522649887426534,0.01740049045526937,0.028090877131029833,
A_daily_rank,highvol,"{""top_n"": 1000, ""k"": 25, ""h"": 1}",0.6682239721732108,0.026896459192472633,0.02463197644240028,0.4147546448811822,0.009866091671414168,0.015535624003050794,
A_daily_rank,highvol,"{""top_n"": 1000, ""k"": 25, ""h"": 5}",0.6777796116835417,0.024256410690954855,0.024872838230756034,0.422109906589265,0.006362351060707372,0.015785251924294107,
A_daily_rank,highvol,"{""top_n"": 1000, ""k"": 25, ""h"": 21}",0.7446787175769934,0.016366965941571388,0.02676040332081375,0.46764082490193515,0.0020135744761609065,0.01782928084640305,
A_daily_rank,max_rev,"{""top_n"": 1000, ""k"": 10, ""h"": 1}",0.49857422578261124,0.007906493242894386,0.0065711763739578445,-0.23274888169690428,-0.0071234277877133545,-0.0025743685704757283,
A_daily_rank,max_rev,"{""top_n"": 1000, ""k"": 10, ""h"": 5}",0.6127316200727161,0.008702116625283862,0.007380343009771613,0.1170449534636218,-0.0011075343766107082,0.0012370439584304092,
A_daily_rank,max_rev,"{""top_n"": 1000, ""k"": 10, ""h"": 21}",0.8600098904931474,0.010665931818587993,0.009629872985737793,0.27016757312530043,0.0028512320086149234,0.002624623866624264,
A_daily_rank,max_rev,"{""top_n"": 1000, ""k"": 25, ""h"": 1}",0.4576742570919244,0.007629023481010688,0.0054703922132683935,-0.3908901919212972,8.290901945096074e-05,-0.0044290361753969824,
A_daily_rank,max_rev,"{""top_n"": 1000, ""k"": 25, ""h"": 5}",0.6198582286154825,0.008789097116766453,0.0072331266462156586,-0.04455497809051969,0.007563813023806487,-0.0006989353538982002,
A_daily_rank,max_rev,"{""top_n"": 1000, ""k"": 25, ""h"": 21}",0.8719948509704143,0.011104597135664362,0.009583389046977238,0.16984495899692043,0.006691700153144575,0.0014177198864925124,
A_daily_rank,max_pos,"{""top_n"": 1000, ""k"": 10, ""h"": 1}",0.5443335587385405,0.013981534981563293,0.01799879246339723,0.31304531434653754,0.005450634711947844,0.011415646877535901,
A_daily_rank,max_pos,"{""top_n"": 1000, ""k"": 10, ""h"": 5}",0.5180097357300868,0.014172017445097995,0.016752820877986897,0.17325043232997586,3.3148376213709696e-05,0.003776910070912084,
A_daily_rank,max_pos,"{""top_n"": 1000, ""k"": 10, ""h"": 21}",0.5511661120591177,0.0151482705156889,0.016850905264180812,0.12623398352340018,-0.021632477105067216,0.0013366045503985548,
A_daily_rank,max_pos,"{""top_n"": 1000, ""k"": 25, ""h"": 1}",0.5383727183843724,0.013863697559214905,0.015297772938624053,0.4399543405595668,-0.001240867479242791,0.015559509851479828,
A_daily_rank,max_pos,"{""top_n"": 1000, ""k"": 25, ""h"": 5}",0.5526543053036022,0.014537063539725503,0.015758895116904387,0.3870272129853625,-0.004188503609349747,0.012736986409337044,
A_daily_rank,max_pos,"{""top_n"": 1000, ""k"": 25, ""h"": 21}",0.5827943155325277,0.019837636020805793,0.016010704951039793,0.221687100530875,0.0017793384231503673,0.004940048256068985,
A_daily_rank,lowbeta,"{""top_n"": 1000, ""k"": 10, ""h"": 1}",1.0262211187580557,0.015678183753744523,0.022399585589730805,-0.12933615923838657,-0.0070409528183945636,-0.003263131686318846,
A_daily_rank,lowbeta,"{""top_n"": 1000, ""k"": 10, ""h"": 5}",0.9863477239062323,0.014101835705499055,0.020013162332333793,-0.06390914893910991,0.0027608769031373104,-0.0020698505716354025,
A_daily_rank,lowbeta,"{""top_n"": 1000, ""k"": 10, ""h"": 21}",0.8357793205583317,0.010888525100599233,0.016338854756605906,0.02291060990273081,-0.003386363644835133,-0.00036771106385334037,
A_daily_rank,lowbeta,"{""top_n"": 1000, ""k"": 25, ""h"": 1}",1.0737719040329183,0.011453272743672693,0.015279974543413137,-0.05681370241528566,0.0015282197351547122,-0.001633649146139693,
A_daily_rank,lowbeta,"{""top_n"": 1000, ""k"": 25, ""h"": 5}",1.1499923274168784,0.014749046345759798,0.015751225521869566,0.001594031381155143,8.984593843375244e-05,-0.0007828333859545698,
A_daily_rank,lowbeta,"{""top_n"": 1000, ""k"": 25, ""h"": 21}",1.039471254078506,0.013463535932703996,0.014426419645932978,0.11134176227540869,0.002675032738304939,0.000739201413192758,
A_daily_rank,highbeta,"{""top_n"": 1000, ""k"": 10, ""h"": 1}",0.37493881126811435,-0.002256799766536588,0.015948819141290902,0.2602796245784204,-0.009401869603070656,0.008987293958932458,
A_daily_rank,highbeta,"{""top_n"": 1000, ""k"": 10, ""h"": 5}",0.46879653022511103,0.008637113653628292,0.020288539923217424,0.43230349935317236,-0.00420916734952792,0.019532758757194707,
A_daily_rank,highbeta,"{""top_n"": 1000, ""k"": 10, ""h"": 21}",0.643535594382331,0.014943646327525983,0.027680528332555403,0.49192575503488994,-0.006141673431187655,0.022540033337847654,
A_daily_rank,highbeta,"{""top_n"": 1000, ""k"": 25, ""h"": 1}",0.5713973295540655,0.013876196097955207,0.021004468292732652,0.22018537744597824,0.015940103303408115,0.00573155329079133,
A_daily_rank,highbeta,"{""top_n"": 1000, ""k"": 25, ""h"": 5}",0.6060878480266487,0.02563905784326259,0.02215698009945246,0.2723939535737162,0.021353832417320806,0.008468707672748333,
A_daily_rank,highbeta,"{""top_n"": 1000, ""k"": 25, ""h"": 21}",0.6757226182656623,0.016891994334409466,0.02421909760708645,0.34897365541810305,0.008890533256226574,0.012416974390888262,
A_daily_rank,idiovol_hi,"{""top_n"": 1000, ""k"": 10, ""h"": 1}",0.946853587639197,0.023469479875975696,0.04189701265861908,0.6726757458367486,0.04326455737866586,0.028471711451794862,
A_daily_rank,idiovol_hi,"{""top_n"": 1000, ""k"": 10, ""h"": 5}",0.862474819027491,0.02502224155324162,0.036922474566733685,0.7027722211672343,0.03120894407439989,0.029912089239594677,
A_daily_rank,idiovol_hi,"{""top_n"": 1000, ""k"": 10, ""h"": 21}",0.908852298722075,0.027384517861033575,0.03805447912297768,0.730933871036777,0.02245923184916654,0.030616705274337394,
A_daily_rank,idiovol_hi,"{""top_n"": 1000, ""k"": 25, ""h"": 1}",0.7085777160176311,0.017291562723217635,0.02520137206070098,0.4700776799597728,0.004909478048382487,0.017404805222350415,
A_daily_rank,idiovol_hi,"{""top_n"": 1000, ""k"": 25, ""h"": 5}",0.6784378767144887,0.010710364373220704,0.02422298383886101,0.47520853405891894,0.004997985147551898,0.017284446892942933,
A_daily_rank,idiovol_hi,"{""top_n"": 1000, ""k"": 25, ""h"": 21}",0.7346604954587831,0.01103302308557741,0.025579324101435104,0.50425790030655,0.011467131679857356,0.018264990053635737,
A_daily_rank,overnight_mom,"{""top_n"": 1000, ""k"": 10, ""h"": 1}",0.13242921248400685,-0.006272276561968271,0.002957674117486575,0.3918743036928459,0.005634145956849412,0.012276424835466595,
A_daily_rank,overnight_mom,"{""top_n"": 1000, ""k"": 10, ""h"": 5}",0.4389817646561984,0.004114510630099155,0.013146997630860578,0.3783159080009967,0.01395672838373696,0.011307576618038556,
A_daily_rank,overnight_mom,"{""top_n"": 1000, ""k"": 10, ""h"": 21}",0.6126088546559677,0.013591171577328587,0.017714246414230476,0.44572827008148674,0.011675487832200515,0.012066038604735563,
A_daily_rank,overnight_mom,"{""top_n"": 1000, ""k"": 25, ""h"": 1}",0.35609325613574,0.006099648805035884,0.008811820745082195,0.3067878626902956,0.01707359241605655,0.007881729139107434,
A_daily_rank,overnight_mom,"{""top_n"": 1000, ""k"": 25, ""h"": 5}",0.5366904906385225,0.008662745296412533,0.013036973390088953,0.2901820173455046,0.014072746727386898,0.0070477256091727725,
A_daily_rank,overnight_mom,"{""top_n"": 1000, ""k"": 25, ""h"": 21}",0.5696621226760897,0.01449429437357419,0.013444761817255341,0.2933958636274731,-0.0060399185154373924,0.006259912251610481,
A_daily_rank,intraday_mom,"{""top_n"": 1000, ""k"": 10, ""h"": 1}",-0.15802441602034775,-0.01335940091557597,-0.006307293782824702,-0.04317306100015481,-0.012929209683750331,-0.004412140841978188,
A_daily_rank,intraday_mom,"{""top_n"": 1000, ""k"": 10, ""h"": 5}",0.18093590109975038,0.0034589888368031785,0.004306932174393899,0.20245691547783137,-0.0006435910189532823,0.004956641457255775,
A_daily_rank,intraday_mom,"{""top_n"": 1000, ""k"": 10, ""h"": 21}",0.437234491457815,0.011941933765465373,0.011067140052581421,0.38318489065362543,0.0019271209126097144,0.012913511297208007,
A_daily_rank,intraday_mom,"{""top_n"": 1000, ""k"": 25, ""h"": 1}",-0.03279498218302775,-0.004910108825179393,-0.0015448554094456169,0.018537501119881908,-0.021455551259429106,-4.140009304487435e-06,
A_daily_rank,intraday_mom,"{""top_n"": 1000, ""k"": 25, ""h"": 5}",0.3219136408077847,0.004992279001292066,0.0068048280502983095,0.30510474249812897,-0.01648683264968165,0.008670799706839788,
A_daily_rank,intraday_mom,"{""top_n"": 1000, ""k"": 25, ""h"": 21}",0.5130023876397107,0.012202247613175565,0.010972921901846833,0.4712146337712982,-0.008415633324253213,0.013797988891076064,
