name,score,avg_gross,turn,dev_sharpe,dev_med_m,dev_mean_m,dev_maxdd,dev_calmar,dev_worst_m,dev_gt5,hold_sharpe,hold_med_m,hold_mean_m,hold_maxdd,hold_calmar,hold_worst_m,hold_gt5,all_sharpe,all_med_m,all_mean_m,all_maxdd,all_calmar,all_worst_m,all_gt5
trigF_usmv_gld,0.7280438118879329,0.9997306034482759,0.10615787076764051,0.8859616776097368,0.02051648131421613,0.018376739992028622,-0.3158357314436079,0.6787841294245217,-0.18495216497574696,0.2833333333333333,1.1050923312034444,0.03771831313936769,0.02692007609374066,-0.2547111615223385,1.3043825605265909,-0.16604589107130296,0.45614035087719296,0.9615540605371363,0.02334666776797234,0.02112798382139352,-0.3236944975078372,0.7757925377011012,-0.18495216497574696,0.3389830508474576
trigF_usmv,0.7149805459945868,0.9997306034482759,0.10595147554502662,0.8978138985178898,0.021123825763834425,0.019291418557165815,-0.3656667050466059,0.6160359144172173,-0.18526260749538637,0.30833333333333335,0.9969298642755412,0.025342161998755275,0.02410749761245357,-0.25165638373071986,1.147762857368555,-0.16930063536956896,0.42105263157894735,0.9309498331168744,0.02150857443994303,0.0208423592698856,-0.3656667050466059,0.6710207412809225,-0.18526260749538637,0.3446327683615819
trigF_splv,0.7096027736845811,0.9997306034482759,0.1060507036243087,0.9002114226933483,0.021293082076183856,0.01913222046905409,-0.38121729801753446,0.5861335065625233,-0.19034969835247517,0.30833333333333335,0.9856996744473483,0.02959113983233741,0.023073439015676097,-0.26480061317612613,1.035908493553888,-0.16867472487783497,0.43859649122807015,0.9286967135187008,0.021820938705134685,0.020401426441695073,-0.38121729801753446,0.6284717951498247,-0.19034969835247517,0.3502824858757062
trigE_usmv,0.7087332185893768,0.9997306034482759,0.10838573722415983,0.8912323883978861,0.021124391706551227,0.01924877910925042,-0.36499833961701866,0.6145696555601884,-0.18414963627794512,0.30833333333333335,0.9983190421185785,0.025244260357175197,0.026589445736811317,-0.26129227304646385,1.2166085249541634,-0.17745139862081027,0.47368421052631576,0.9259855158320788,0.02518047582255578,0.021612722599481892,-0.36499833961701866,0.6950037645541521,-0.18414963627794512,0.3615819209039548
mix70_usmv,0.6617647053582618,1.0,0.08008478926204494,0.8592133865135297,0.019929316601427494,0.0193759646719356,-0.39489736231053574,0.5723717346121109,-0.1867279780304324,0.2916666666666667,0.8402078857370144,0.03875823057483796,0.02669997071913106,-0.3553174898469348,0.8503846752493202,-0.175419021412214,0.43859649122807015,0.8364829123401154,0.023545657651874885,0.02173454289052397,-0.39489736231053574,0.6331355185113177,-0.1867279780304324,0.3389830508474576
ivolcap30_usmv,0.6617647053582618,1.0,0.08008478926204494,0.8592133865135297,0.019929316601427494,0.0193759646719356,-0.39489736231053574,0.5723717346121109,-0.1867279780304324,0.2916666666666667,0.8402078857370144,0.03875823057483796,0.02669997071913106,-0.3553174898469348,0.8503846752493202,-0.175419021412214,0.43859649122807015,0.8364829123401154,0.023545657651874885,0.02173454289052397,-0.39489736231053574,0.6331355185113177,-0.1867279780304324,0.3389830508474576
trigF_cash,-inf,0.749568140068862,0.09017069866464139,0.8704212075858462,0.021250393383131283,0.017227281896899534,-0.32277293384212247,0.6205274014149481,-0.18538024490520422,0.2916666666666667,0.9350224843990688,0.028894345843709868,0.0208651634454934,-0.23633199585686382,1.037474458899489,-0.15246580854782366,0.3508771929824561,0.8915991295209781,0.022512968429645674,0.018398803073565353,-0.32277293384212247,0.66472736381568,-0.18538024490520422,0.3107344632768362
trigF_tlt,-inf,0.9997306034482759,0.10628884381369075,0.8946814584988514,0.0202059472866708,0.01775648312389992,-0.32748597268996904,0.6334770079814799,-0.19180973807418333,0.3,0.8110001769548523,0.016904930316313793,0.018985464810388045,-0.28829389684512985,0.7286755182775094,-0.1553765407966745,0.3684210526315789,0.862550184712982,0.01975716634127922,0.018152256887345248,-0.39868148618214516,0.522463451668872,-0.19180973807418333,0.3220338983050847
trigF_gld,-inf,0.9997306034482759,0.10609614892319066,0.8572879700551825,0.018339982804378985,0.017446905423673456,-0.3209167790448997,0.6299085367522205,-0.18474518959013697,0.3,1.1735025884766108,0.04097844314614729,0.02964884355452917,-0.2637404917613473,1.4140241054229996,-0.162887196743696,0.47368421052631576,0.9691364777203165,0.02065472823206238,0.02137634312683038,-0.3209167790448997,0.7934866091907818,-0.18474518959013697,0.3559322033898305
trigF_gld_tlt,-inf,0.9997306034482759,0.10631122119667498,0.882711318711932,0.02017120050637844,0.017613855410882475,-0.3241024579508295,0.6337372558259591,-0.18826964288901882,0.2916666666666667,1.0183584491805688,0.03678155402836669,0.024355947845828993,-0.2602486385364454,1.118332145240195,-0.15907215025495147,0.40350877192982454,0.9285082084892481,0.021614283768026654,0.01978503772044152,-0.35516671964460944,0.6540986959732665,-0.18826964288901882,0.327683615819209
trigE_cash,-inf,0.7732596904057591,0.09278869074162588,0.8675707838279099,0.0206969026598941,0.01729927174865357,-0.32267674876890085,0.6226378894755952,-0.18426202248007195,0.2916666666666667,0.9496121945409405,0.03336721214898497,0.02377667975291655,-0.2590693730023681,1.0801675257916945,-0.16244669729801053,0.40350877192982454,0.8926970181394159,0.02255260562821837,0.019385216699178937,-0.3315113975461693,0.6810002248324959,-0.18426202248007195,0.327683615819209
trigE_gld,-inf,0.9997306034482759,0.10852255314467606,0.8586445782964212,0.017887136873453557,0.01758884307520092,-0.3206808158238452,0.6356375328588909,-0.1835483988932024,0.3,1.153985547334215,0.04510100109334947,0.03158894757305361,-0.2678453711775718,1.483092734822262,-0.17172550947030019,0.47368421052631576,0.9635987312410929,0.02065472823206238,0.022097351303322976,-0.33024741432758,0.7962165555128344,-0.1835483988932024,0.3559322033898305
trigE_tlt,-inf,0.9997306034482759,0.10870935154968404,0.8880894038175875,0.020028463171646527,0.01777481329097559,-0.32729953635252007,0.6329062804532649,-0.1907587327175021,0.3,0.8593111169740559,0.02244847406275774,0.022221180798847006,-0.29035120912219037,0.8597406766627913,-0.16519581471351252,0.40350877192982454,0.8704844912247908,0.02065472823206238,0.01920669435283249,-0.39726562436441626,0.5554387795288532,-0.1907587327175021,0.3333333333333333
trigE_gld_tlt,-inf,0.9997306034482759,0.10870571051742407,0.8798641378177915,0.019928452030886445,0.01769355024365559,-0.3238919393540003,0.6362453015417874,-0.1871455251086377,0.2916666666666667,1.0234018698549876,0.03742148762133546,0.02693477862400458,-0.2634612846754911,1.226330198222745,-0.16841465578416592,0.43859649122807015,0.9269110247264696,0.02073907708772582,0.02066953904410696,-0.35856046789485563,0.676450752936268,-0.1871455251086377,0.3389830508474576
mix80_bil,-inf,1.0000000000000002,0.09039892774899673,0.7764376978149542,0.017660505383253366,0.01821444341241863,-0.44221772155173966,0.466787100914517,-0.178820409203026,0.2916666666666667,0.8394035991600469,0.04594940940220682,0.0291409717091291,-0.37974041185016916,0.8525976357654633,-0.20166148092543768,0.45614035087719296,0.7854280830587003,0.019733298468515903,0.021733155914749124,-0.44221772155173966,0.5494914546712514,-0.20166148092543768,0.3446327683615819
trigF_ief,-inf,0.9997306034482759,0.10618491282185835,0.8861425576217322,0.02085422660580183,0.01746431551061388,-0.32202908614087544,0.6330472718643344,-0.18558779571790562,0.2916666666666667,0.917160785406162,0.03395368420313982,0.02075706458787936,-0.24427566906567388,0.9882972343381615,-0.1526767824303611,0.3684210526315789,0.8953082853581483,0.022212606179521588,0.01852469233210615,-0.3473797933652847,0.6212736189738985,-0.18558779571790562,0.3163841807909605
trigF_bil,-inf,0.9997306034482759,0.106150990319997,0.8596434261254245,0.021077513140406512,0.017001052143870845,-0.3242811128272376,0.6078403879079918,-0.18545166173361782,0.2916666666666667,0.9734479387556777,0.031437069269032225,0.021749350575863555,-0.2376157197805001,1.0871610941935221,-0.15296920475233033,0.3508771929824561,0.8979438452802605,0.022117128913564432,0.01853016519824138,-0.3242811128272376,0.6675531295062457,-0.18545166173361782,0.3107344632768362
mix80_tlt,-inf,1.0000000000000002,0.09075770466209684,0.8185811854691074,0.020324936295538665,0.019069556009547583,-0.4477072718172288,0.4900017353375266,-0.18407159450284205,0.25833333333333336,0.7812288775295941,0.04813303615411568,0.0271975199000717,-0.3737113263200592,0.7748106028329472,-0.20735795325447826,0.47368421052631576,0.7837980441590022,0.021316117019441583,0.02168703590649603,-0.4477072718172288,0.5394816520561855,-0.20735795325447826,0.327683615819209
mix80_gld,-inf,1.0000000000000002,0.09055210773322177,0.7788471143951541,0.016944489241771943,0.01848509247043934,-0.4401749321480537,0.47474692731721174,-0.1732005856440859,0.275,0.8839436821863161,0.048945717823588586,0.03147236040345772,-0.3756466757660297,0.9499625284831222,-0.2030974955659003,0.47368421052631576,0.8043818712606606,0.01932963446065905,0.02266743299124187,-0.4401749321480537,0.5786388299409418,-0.2030974955659003,0.3389830508474576
mix80_usmv,-inf,1.0000000000000002,0.0900033403928844,0.8273926141350132,0.020442406565834736,0.020406146491379284,-0.43523038126031666,0.5375807639700226,-0.19210682474110652,0.31666666666666665,0.8345737241560462,0.0458884193541611,0.029510947210454413,-0.39139993837627807,0.8322015883359083,-0.1984256786988171,0.45614035087719296,0.8143404061613617,0.022342198554805126,0.02333820096023399,-0.43523038126031666,0.6037664362423538,-0.1984256786988171,0.3615819209039548
mix80_splv,-inf,1.0000000000000002,0.09013574269617983,0.8262081999414971,0.021299350232043768,0.02023752843783288,-0.4322590813391268,0.5368126434727319,-0.19446641908373785,0.31666666666666665,0.8318601967981414,0.044649799914902255,0.029118051934743712,-0.3865999029910048,0.8311328190011457,-0.19759850176546845,0.45614035087719296,0.8129180241166128,0.022843154197411897,0.023097358038532977,-0.4322590813391268,0.6016925901437388,-0.19759850176546845,0.3615819209039548
mix90_gld,-inf,1.0,0.09993038353459978,0.7778883191866213,0.01883409525593638,0.02045152372234392,-0.4870914055257548,0.46875716776936455,-0.197629829332298,0.325,0.852134427984911,0.0507052713457099,0.03323463309585016,-0.4189840288326928,0.863375009949499,-0.22805511271950407,0.5087719298245614,0.7910931895308698,0.021843972556393476,0.024568118266354407,-0.4870914055257548,0.5538203566333272,-0.22805511271950407,0.384180790960452
mix90_tlt,-inf,1.0,0.10003746480398432,0.7952007925435184,0.020626708280394035,0.020747580055548404,-0.4905603565330008,0.4764377653631134,-0.20293329898390122,0.30833333333333335,0.8059394514528561,0.05271935145134199,0.03111777476264503,-0.4180473343921963,0.7840908070639069,-0.23007156241030513,0.5087719298245614,0.7816484711657382,0.02292859128568492,0.024087134283257487,-0.4905603565330008,0.5366025200133155,-0.23007156241030513,0.3728813559322034
mix80_ief,-inf,1.0000000000000002,0.0905001432523115,0.7965653609380285,0.018254438169234,0.01861776804041088,-0.4450073053680095,0.4777605081329531,-0.17945458805492354,0.275,0.8138414879747984,0.04789439545217977,0.028236476191154023,-0.3742373798474349,0.8243956512648191,-0.20356730723754257,0.45614035087719296,0.7857274642306704,0.021511571482633496,0.02171531812285359,-0.4450073053680095,0.5453247604665662,-0.20356730723754257,0.3333333333333333
mix80_gld_tlt,-inf,1.0,0.0906857870266965,0.7997493410323473,0.018665596745892077,0.018777585414974412,-0.4439408353263149,0.48280907385876354,-0.17864850176595037,0.25833333333333336,0.8338734759596943,0.048547189820147496,0.029340291978517327,-0.37466548850139736,0.8622912303840232,-0.20521532139863874,0.47368421052631576,0.7951977183322659,0.020949597094769734,0.022179134986284845,-0.4439408353263149,0.5593328828252334,-0.20521532139863874,0.327683615819209
mix70_gld,-inf,1.0,0.08085321789108438,0.776983806331857,0.014830413678198928,0.016488009126782995,-0.3908090428620037,0.48130907780761967,-0.14840584868588436,0.21666666666666667,0.9216652348800957,0.0432545013671104,0.029661652616461993,-0.33034926025308975,1.0530327076288593,-0.1780335278888857,0.49122807017543857,0.8186183636518664,0.019736707235766593,0.020730368894645725,-0.3908090428620037,0.607259544288296,-0.1780335278888857,0.3050847457627119
mix90_usmv,-inf,1.0,0.09964056511577922,0.7996918221388135,0.020729640643397107,0.021409869471729195,-0.48488029970430924,0.49633085887974543,-0.20426681108193956,0.31666666666666665,0.8295704451078623,0.051509676832314666,0.03226063667083139,-0.4264262354256896,0.8111449905169962,-0.22559868405100236,0.5087719298245614,0.7953756261849501,0.02434212789803336,0.024904184332457023,-0.48488029970430924,0.5642403219086031,-0.22559868405100236,0.3785310734463277
ivol_gld_tlt,-inf,1.0,0.04795773072127841,0.9174589237972132,0.009705688979707694,0.008501137831203194,-0.16909335326834773,0.5963269255493724,-0.07176931538932274,0.058333333333333334,0.9027466118811329,0.020736423401913173,0.01225840309361002,-0.24089157907976966,0.5962234359684401,-0.08372248401129212,0.22807017543859648,0.8956071500524112,0.011246804248595366,0.009711104610622343,-0.28122341607170176,0.40688251142943516,-0.08372248401129212,0.11299435028248588
mix70_tlt,-inf,1.0,0.0811393627870156,0.846344111706365,0.01772088749935541,0.01735302293979841,-0.4030407607160085,0.5039843653723188,-0.16511198016214101,0.21666666666666667,0.7485013767055586,0.036266904580706916,0.02318869851453148,-0.3273573606230844,0.7581072021440443,-0.18476968020340423,0.42105263157894735,0.7847367023520642,0.020503551406946707,0.019232308294373467,-0.4030407607160085,0.539496972945846,-0.18476968020340423,0.2824858757062147
ivol_usmv,-inf,1.0,0.044042126852714886,1.1212490565365671,0.01749561195833338,0.015254846276553161,-0.3331796873947711,0.561406895196722,-0.16158210390887684,0.13333333333333333,0.8959248536648151,0.01853621490858104,0.011851065206993493,-0.20928067897036906,0.6883961627890445,-0.11504094361538175,0.15789473684210525,1.048783601495338,0.01795666254578454,0.01415871338974581,-0.3331796873947711,0.5193802528356752,-0.16158210390887684,0.14124293785310735
ivolcap30_gld,-inf,1.0,0.08085321789108438,0.776983806331857,0.014830413678198928,0.016488009126782995,-0.3908090428620037,0.48130907780761967,-0.14840584868588436,0.21666666666666667,0.9216652348800957,0.0432545013671104,0.029661652616461993,-0.33034926025308975,1.0530327076288593,-0.1780335278888857,0.49122807017543857,0.8186183636518664,0.019736707235766593,0.020730368894645725,-0.3908090428620037,0.607259544288296,-0.1780335278888857,0.3050847457627119
ivolcap30_tlt,-inf,1.0,0.0811393627870156,0.846344111706365,0.01772088749935541,0.01735302293979841,-0.4030407607160085,0.5039843653723188,-0.16511198016214101,0.21666666666666667,0.7485013767055586,0.036266904580706916,0.02318869851453148,-0.3273573606230844,0.7581072021440443,-0.18476968020340423,0.42105263157894735,0.7847367023520642,0.020503551406946707,0.019232308294373467,-0.4030407607160085,0.539496972945846,-0.18476968020340423,0.2824858757062147
ivolcap30_gld_tlt,-inf,1.0,0.08107461675749578,0.8147093612872853,0.01816695267937285,0.016920966677219155,-0.3969241989986666,0.4937327770894039,-0.15678749775846357,0.23333333333333334,0.8388201407714877,0.04268601461780985,0.026436874838909382,-0.32882081225946225,0.9053919362901547,-0.1813744106300733,0.45614035087719296,0.8049108209104843,0.020660529652981374,0.019985411678441433,-0.3969241989986666,0.573928900160768,-0.1813744106300733,0.3050847457627119
