cell,n_comp,obj,eligible,dev_sh,dev_med,dev_dd,dev_sh_2x,dev_sh_exwin,avg_gross,hold_sh,hold_med,hold_dd,hold_cagr,all_dd
base+none,0,-inf,False,0.7755645299487035,0.021471692609401405,-0.5315121072820626,0.703743771164748,1.0507447223279487,1.0,0.8251642518572364,0.05612505472763463,-0.4603594923792055,0.36245517114733206,-0.5315121072820626
vcap+none,1,-inf,False,0.8672014057822609,0.02259163701970568,-0.4284901447117221,0.7816530972222128,0.9853689212335985,1.0,0.9763049155067691,0.04057225784605922,-0.4433822945365722,0.4192813412114309,-0.44338229453657196
base+exp80,1,0.7239910947338908,False,0.879852813008197,0.0206969026598941,-0.31172343654861223,0.7912890701184727,1.0166307514352224,0.8964258751595785,0.9212858772234712,0.04845384119305374,-0.3576692043674953,0.35672087358213633,-0.3965640761651248
base+exp80+BIL,2,0.7185786653682457,False,0.8748851597907418,0.020434923430267093,-0.3126129888449922,0.7803922976343903,1.0119741967669276,1.0,0.9257626196011209,0.050281085551101556,-0.357449355362626,0.3593243495988039,-0.398294757638347
base+rollq80,1,0.6626825193711731,True,0.8680208541767237,0.020624821205214583,-0.4106766696111013,0.7856654169992948,1.0724573234592256,0.9417334916535526,0.8535670219195146,0.05612505472763463,-0.3944424802762584,0.35868973101450385,-0.45628007810373594
base+rollq80+BIL,2,0.6565971309764381,False,0.8624525250525279,0.02027906711647698,-0.41171078815217954,0.7736383874870354,1.0670931675755408,1.0,0.8549452128283443,0.05612505472763463,-0.3945991882568709,0.35963786743163606,-0.45636041440203545
vcap+exp80,2,0.7708488075946164,False,0.9262777365653756,0.02047610882669826,-0.31085785794151843,0.8306378298014828,1.0195633437419376,0.9182257633796802,0.9939838107948681,0.019616148132188815,-0.31809066837379607,0.3652442294920286,-0.369810943910892
vcap+exp80+BIL,3,0.7651309860492417,False,0.9210280897823474,0.02043716645507465,-0.31179420746621134,0.8191788932948095,1.0147834843089532,1.0,0.9960102428419076,0.020307662765230106,-0.3180906683737962,0.3662974381605697,-0.37186948049060087
vcap+rollq80,2,0.7619225120299282,False,0.9198839191965712,0.021618001304383738,-0.31592281433328595,0.8277499908257769,1.0393457442850493,0.9529670724498372,0.9662972504776438,0.02976136204234492,-0.3519771465361703,0.38769709755915605,-0.42108283652599077
vcap+rollq80+BIL,3,0.7559230381343872,False,0.9144174811193088,0.021491949349855877,-0.3169888859698431,0.8158804698457645,1.0340764197916652,1.0,0.9671217619877803,0.029568888590669973,-0.3513872905569858,0.38818395761384883,-0.42140066727377146
