rule,gate,sh22,cagr22,dd22,sh18
donch40,200.0,1.2193551442623345,0.30024532742243326,-0.2553111785844586,1.7711663519415133
mom30,200.0,1.1825796598648572,0.3246508526231149,-0.2254476980674528,1.631301612092675
sma50,200.0,1.0858251922717808,0.28532166271793824,-0.29910437597043316,1.665925251251013
donch60,200.0,1.0764445430436789,0.25661806048880087,-0.20527998496164068,1.6781682622884961
mom60,200.0,1.0433758780225242,0.28455571386904066,-0.2813792530025765,1.4668596196514632
ema8/32,200.0,1.0150945038922203,0.2652037732856054,-0.30922357983320925,1.655542232997023
mom120,200.0,0.9711346603272916,0.2584398388375584,-0.23500313698427755,1.2310151905407594
mom14,200.0,0.953623350650997,0.2466455780716048,-0.31904188700630065,1.5883800797732086
mom120,,0.9242700091491397,0.2527895806260574,-0.25825482601092864,1.096181155456984
sma150,200.0,0.8986899700921759,0.24043097972813077,-0.2965097232100723,1.2802469997863621
donch20,200.0,0.8926748795970082,0.21132930733779087,-0.2791534484160494,1.5163121880037476
donch60,100.0,0.8782434410079013,0.2158738978433774,-0.25489383673544164,1.7544997089752579
mom5,200.0,0.8757196287844845,0.23179881897778865,-0.29971901693147285,1.428604680359687
ema5/20,200.0,0.874125632883631,0.22353259594460528,-0.25567262913144195,1.5306432595700348
ema10/50,200.0,0.8510314698970145,0.21266370824417713,-0.36551025729511677,1.6072179831831246
mom45,200.0,0.8423598090960438,0.2044660440517847,-0.4118781878077802,1.5585635445203287
mom90,200.0,0.8423087608869523,0.2206714282957165,-0.32706167330962554,1.3872663991618892
mom30,100.0,0.838743056730152,0.22026618576070334,-0.31933020905470355,1.6686817941511538
mom120,100.0,0.816946253619657,0.2007499137020814,-0.3086182176725295,1.5082311093758534
sma200,,0.8097385762706247,0.2163431015946271,-0.27797017566129045,1.13347244709904
sma200,200.0,0.8097385762706247,0.2163431015946271,-0.27797017566129045,1.13347244709904
ema16/64,200.0,0.8081950204719306,0.20455719834838204,-0.39250939755869463,1.5272894045166452
sma100,200.0,0.8026762849153205,0.2024657389232103,-0.41164386761151506,1.4453522814452893
sma200,100.0,0.8026762849153205,0.2024657389232103,-0.41164386761151506,1.4453522814452893
sma75,200.0,0.8004754278984026,0.19698547933851285,-0.38615650515834576,1.4667208853204896
donch40,100.0,0.7927782521451372,0.19255142323395913,-0.3038212272802695,1.784412426184645
sma50,,0.7785760241395115,0.22709624115877403,-0.3349590813435749,1.5735549378850642
sma30,200.0,0.7722345038482141,0.1829172935994654,-0.329630201123289,1.6017392193536162
mom21,200.0,0.7454675600482855,0.1713776924758379,-0.3253891500519457,1.4837860238486946
sma250,100.0,0.7349909266260859,0.18014877755971148,-0.4040799520918026,1.4156381195324583
donch100,200.0,0.7262317813587451,0.1601912602840907,-0.23166788847022524,1.3323021438221179
sma50,100.0,0.7206368806077168,0.1829040577316705,-0.3636294598097153,1.6246552179747034
mom10,200.0,0.7126091626068174,0.17360606103801124,-0.3242623772882238,1.5058070460934043
ema8/32,100.0,0.7011623024818021,0.17647367088703958,-0.33954260883726106,1.6858325879073226
sma250,200.0,0.6983597743609333,0.17642901729871285,-0.27797017566130544,1.0680645267588547
mom365,200.0,0.6886334047400122,0.16029762090068744,-0.27797024256940017,0.9275458420842306
mom14,,0.6798618016435004,0.19575184982566918,-0.37219072880207993,1.2530378203181445
sma10,200.0,0.6724487571746673,0.16028649356160485,-0.35116246474932233,1.437730044532839
mom60,100.0,0.6712248715551741,0.16720714633190248,-0.35619688582711595,1.511022551532473
sma150,,0.666204474327027,0.1649354037014792,-0.29460987466011523,1.2768772344402748
mom30,,0.6644582274504223,0.183336551098223,-0.3738922109998227,1.2291048933853785
sma20,200.0,0.658464772353393,0.155464194896765,-0.3277035963276278,1.427005655772372
ema20/100,200.0,0.6579334421308549,0.15913979376991327,-0.4263370332573303,1.2876822379982362
mom45,100.0,0.6548610544325425,0.15688725223353983,-0.35210860889631335,1.4997754249703228
mom365,,0.6476764474604777,0.16158794251113906,-0.3200730307435744,0.6763681040756809
ema32/128,200.0,0.6453485138516408,0.15693708230602121,-0.30278649000887115,1.0752740448864375
donch100,,0.6428773569127103,0.1371266448738453,-0.2865789578120268,1.4474516740672294
sma250,,0.641770936231024,0.1600359802354614,-0.3054447551633741,1.1345997549209332
donch100,100.0,0.6410398605264948,0.13600551788813475,-0.2912345601289522,1.5557174179279336
donch20,100.0,0.640434454146353,0.14815752704244045,-0.3127571307282675,1.4848078761679964
donch60,,0.627538088547879,0.14416768735848073,-0.4056400951552398,1.6521080336490401
sma150,100.0,0.6146143545365685,0.14442306290966855,-0.3873187171606085,1.4531815285491052
mom14,100.0,0.6026966399529892,0.14323617294462365,-0.34777709089827413,1.5429174217064763
ema32/128,,0.5982462429001622,0.1431381894062871,-0.35381127068006535,1.136060590879236
ema50/200,,0.5895859090523969,0.14315999787744182,-0.39357711441026944,0.84223333044172
sma30,,0.5774849088059547,0.14785084508726642,-0.34890130131821506,1.6169616865846788
ema5/20,100.0,0.5721359931701196,0.13230979508341334,-0.3442950796711376,1.543693155944525
mom180,100.0,0.5677462485106095,0.12558876679602937,-0.40514327856630394,1.2109261101796638
ema32/128,100.0,0.5676773402037738,0.12587752937630037,-0.4253987671366791,1.4945550997546893
ema10/50,100.0,0.5663694725995172,0.1316079041662983,-0.33467321636846425,1.6567560895990596
ema50/200,100.0,0.5626224868736477,0.12311146804887851,-0.4058614882782252,1.3916829391381842
ema64/256,,0.5622356879913059,0.13212562430149521,-0.32445494966528743,0.8577205205156058
ema5/20,,0.5610792104373463,0.14486439063272316,-0.3644890124238189,1.499956372279387
ema64/256,100.0,0.5538145145374809,0.11620116646586198,-0.4058671979322267,1.270063979248672
mom250,200.0,0.5508423100513461,0.12499141648566692,-0.30462816301248974,0.9002036248960219
ema50/200,200.0,0.5474171547728471,0.12361972311015546,-0.28985384127140845,1.0501567231651678
mom365,100.0,0.542285628949145,0.11237673209021537,-0.4058616804117877,1.2604392621291773
donch20,,0.539203495436187,0.1313161010123618,-0.36648477770195476,1.6123713403577038
sma30,100.0,0.5370948461637751,0.11963312523190961,-0.3552640593054328,1.5953761454810225
ema64/256,200.0,0.5268546392907741,0.11364640677802584,-0.2779761548068599,0.9177917623084519
mom45,,0.5234572950877998,0.12530406037129005,-0.4303125470309014,1.1585362393328482
mom60,,0.49481055954954295,0.11408800412653286,-0.4875215572508965,1.3740682964681377
donch150,100.0,0.4932957015376631,0.09602471007116309,-0.3095060007072159,1.3126477945772612
mom250,,0.48982438027725234,0.11262874976573078,-0.34215571317652427,0.9730084267851042
mom5,100.0,0.47877679921132144,0.10099559439179195,-0.3537839369522239,1.3259746731983906
mom250,100.0,0.4733720630340334,0.09833474173819368,-0.40586168016913304,1.235970368947973
mom180,200.0,0.4650811584185584,0.0978781550025043,-0.2767533933675258,0.9645757730843363
donch150,,0.4593689502893691,0.08906755765004326,-0.30366929955705113,0.9355196893104613
mom21,100.0,0.45913794169176647,0.09437250998738489,-0.4082528616112935,1.5219938473391352
sma20,,0.44482989888261576,0.10072920114958595,-0.41529507093388185,1.4832305918691266
donch150,200.0,0.44352276189061396,0.08421952913145336,-0.3019047324150663,1.039212968990938
sma75,100.0,0.44009798007752715,0.09097417050618017,-0.3814367359811982,1.4868484284715873
mom180,,0.43011270055497114,0.08948600842224597,-0.35188779584432617,1.052379784043138
mom10,100.0,0.42763419069187775,0.08531347864785066,-0.3767941741667803,1.4710877320685831
sma100,,0.4233001356160478,0.08654297328344529,-0.4125256616420103,1.498176060662731
sma100,100.0,0.4233001356160478,0.08654297328344529,-0.4125256616420103,1.498176060662731
donch200,200.0,0.4098416227222428,0.07712175580690062,-0.28761953276263885,0.5512507740751453
ema8/32,,0.40582206469614035,0.08346296038820045,-0.4773961297289937,1.7695306246477047
ema16/64,100.0,0.4000813361896467,0.07794356828466942,-0.38992386522959877,1.5678437320970218
sma10,100.0,0.39638068357882955,0.07469618758037377,-0.4147011023511684,1.4464906313812829
ema20/100,100.0,0.3960359294866445,0.07563332642327758,-0.4123614263622286,1.5170142656872438
mom10,,0.3501442845426831,0.06405267752563004,-0.4622334563575734,1.455153893287328
donch200,100.0,0.346994492111079,0.05766493840888587,-0.36531112495616636,0.9694767728248038
ema20/100,,0.3428451177634821,0.05967874642908111,-0.45799770762772396,1.2918745781577132
donch200,,0.34191857792126074,0.05799832822124373,-0.3448973946641525,0.5272130003911606
sma20,100.0,0.33451877254098616,0.056535259447616504,-0.38115408684605034,1.4317140808498985
ema10/50,,0.33386791659081555,0.05713913753996014,-0.42236312160203693,1.5369151936790686
mom90,,0.33069909334603015,0.05630148701917248,-0.4359268383102465,1.2584721715495286
donch40,,0.3219113979372822,0.052919455726960773,-0.44114003949439085,1.797466352781773
mom90,100.0,0.29521731359171016,0.04474352138167137,-0.3787968415379521,1.4758306273890203
mom21,,0.29004729415673286,0.042264549155713205,-0.4757005332519424,1.3674607090330095
ema16/64,,0.2787278049447935,0.0388840380938309,-0.43041235868801697,1.4830166326131364
sma10,,0.2563780565147658,0.028410875692258086,-0.4191973538740763,1.5160012942179912
sma75,,0.22980520121623985,0.022532302008612115,-0.434876107319521,1.5053389403139574
mom5,,0.05143882159717733,-0.04758516753743447,-0.5695706134296239,1.2760003196587957
