asset,start,end,rule_sharpe,bh_sharpe,rule_dd,bh_dd,rule_cagr,bh_cagr
aave,2021-07-01,2026-05-23,-0.21083853760326762,0.26874892419555735,-0.5397929929439147,-0.8843674721990965,-0.0782800463524147,-0.19405922892381045
ada,2018-09-01,2026-05-23,0.8855259131344962,0.5965269593645465,-0.45408954047339833,-0.9203377773660127,0.2128580653865615,0.12036470088615236
ae_eth,2018-07-01,2026-05-23,0.04585653204806704,0.037314256842795206,-0.4568283448953995,-0.998310497317307,-0.011175867842988296,-0.5147112945859353
algo,2020-04-01,2026-05-23,0.6055678051333383,0.46455918744069796,-0.3208396620973599,-0.9662083971844867,0.12467698620490553,-0.04740948431703984
avaxc,2021-06-01,2026-05-23,0.6198633528504705,0.36963149288664676,-0.3820108983668,-0.9385350429956071,0.12791205307935938,-0.12334925099839023
bat,2019-05-01,2026-05-23,-0.029181016282569153,0.3177559800202823,-0.44620515333061705,-0.9478623199115644,-0.03828642687323358,-0.17045162833519145
bch,2018-05-01,2026-05-23,0.23163459406244905,0.3258581759325076,-0.4312287930653954,-0.9563646105785133,0.02711757602885667,-0.1520630954745441
bnb,2018-04-01,2026-05-23,0.9327449164592073,1.0052044919138685,-0.38461438982624085,-0.7579779035764596,0.25954201679199085,0.6504377443360756
bsv,2019-08-01,2026-05-23,0.24608634431108684,0.21614119904222867,-0.47631102553026783,-0.971696307497344,0.03472412077696596,-0.28715206329513776
btg,2018-08-01,2026-05-23,0.10391774759949886,0.4019393404453179,-0.5660345776037002,-0.9979763740292849,-0.0031436766276261574,-0.44004409405258227
comp,2021-03-01,2026-05-23,-0.010322943739095276,-0.05052306661427359,-0.47967641215738077,-0.9815288511601509,-0.026356955398368798,-0.4369867013439306
cro,2020-08-01,2026-05-23,0.9026124670045323,0.3145791028520327,-0.3478692743886056,-0.9453522949871218,0.22607630578282256,-0.13860417325968832
crv,2021-05-01,2026-05-23,0.09554047427368424,0.14899193279954795,-0.33594174008237243,-0.9680806863849722,-0.005414537168171529,-0.4075931483403693
cvc,2021-01-01,2026-05-23,0.7750303848686299,0.4060911495896259,-0.3725775487296076,-0.9674840625578685,0.2903745404142519,-0.17267637666910762
dash,2017-05-01,2026-05-23,0.5597499642185944,0.468446944898885,-0.4762872816430358,-0.9873444459156635,0.12524973679499785,-0.07615463077790074
dgb,2017-07-01,2026-05-23,-0.09637509995708202,0.4740535303461753,-0.5153988982675226,-0.9775909412613075,-0.04804105191226804,-0.16588423213320858
doge,2018-02-01,2026-05-23,0.432747856400151,0.7512121536455092,-0.4874113684146395,-0.9227385274930296,0.08787245566691726,0.41247711456578573
dot,2021-05-01,2026-05-23,-0.003883873352035701,-0.25403037459494043,-0.42775184618852036,-0.978458473888981,-0.02566047984050779,-0.48304409624668776
eos,2019-03-01,2026-05-23,0.1493925714601358,-0.02194771678061607,-0.5514877764417498,-0.9949888241081678,0.006736959441091761,-0.4056843026048439
etc,2017-06-01,2026-05-23,0.49113055838110353,0.4646799680359216,-0.45842384647546996,-0.9411227941230459,0.10089824586238327,-0.06795373330073873
flow,2021-11-01,2026-05-23,0.07319724057373922,-0.8494265294010362,-0.359568243566724,-0.9980255132432087,-0.001205444642882969,-0.7308248508103293
ftt,2021-10-01,2026-05-23,-0.011724977606045428,-0.06904833342834575,-0.3870817289567342,-0.99585545745404,-0.0215850851268935,-0.6636757066574166
gas,2024-01-01,2026-05-23,-0.7115759880022386,-0.29129837167421413,-0.3685217790097911,-0.8105178560946847,-0.15281098149715844,-0.45905583748526735
gnt,2018-08-01,2026-05-23,0.23155420868843873,0.45739890058849053,-0.5528250921720423,-0.9007729615472806,0.028635336062627914,-0.07871814930596144
ht,2019-12-01,2026-05-23,0.41036741375123653,0.11499193783313777,-0.6127100833864351,-0.9960391235731858,0.08044510060162757,-0.3677628353703497
icp,2022-02-01,2026-05-23,0.19444531290140785,0.021850512376496697,-0.3668695817840689,-0.9128586819058211,0.019288628651488393,-0.3757319196949296
icx_eth,2018-06-01,2026-05-23,0.5668272747617402,0.04556580219909753,-0.372831728438793,-0.9892746133773649,0.11300511726531393,-0.41545367953483436
knc,2020-04-01,2026-05-23,0.09836944306222523,0.3959675847815944,-0.5528164132039751,-0.97753763875403,-0.006781288222123649,-0.16133289575109977
ldo,2022-10-01,2026-05-23,-0.05954678277698183,0.19196168548028816,-0.3019448254294297,-0.9260834168419931,-0.04056298669362601,-0.3381341674401295
lend,2020-10-01,2026-05-23,0.25337381210214394,0.6316206383289413,-0.5458388889995262,-0.9213982384432277,0.03284189263055226,0.08932436107138031
link,2019-06-01,2026-05-23,0.42025135763658694,0.8303212728071493,-0.6260932030106711,-0.9011779014896457,0.08326524150791248,0.3795019122073331
loom,2023-11-01,2025-12-08,-1.0431965818237028,-0.8892276302284761,-0.33083187630813293,-0.9963148935362385,-0.1651154701543739,-0.9235481193486668
lpt,2023-10-01,2026-05-23,0.40447075410636246,0.377401972291173,-0.364353530209123,-0.9258292220217723,0.11238446688349746,-0.2885317531437963
lrc_eth,2020-08-01,2026-05-23,0.5024371767988327,0.3478735234587206,-0.2872736681683632,-0.9952330251178043,0.09470753355802408,-0.2701272364279972
ltc,2017-06-01,2026-05-23,0.48464293272796954,0.5607344208932137,-0.6081003959044314,-0.9363468128006636,0.10361868502167648,0.08384205586663995
mana,2020-04-01,2026-05-23,0.3744100232227104,0.7085235317236119,-0.42397599894919924,-0.9845897535031147,0.06742864174363539,0.21786170848477004
matic_eth,2020-02-01,2025-10-22,0.7147652226950789,0.9310818702940324,-0.3476935490284555,-0.9419505210200085,0.17559331610949624,0.5186407199540539
mkr,2023-09-01,2026-03-25,0.2726330605091722,0.5636725417197653,-0.4274441685175767,-0.772896448168083,0.038554615135975245,0.1346508675078153
neo,2018-04-01,2026-05-23,0.8653363307876812,0.16748195660248305,-0.3201465600444139,-0.980189665391903,0.20793520962750445,-0.29459596568798985
omg,2018-04-01,2026-05-23,0.7444903546366839,0.05389257666083229,-0.2415686950211312,-0.997171043134025,0.16167003758508014,-0.4491495607819668
pay,2021-01-01,2025-06-25,-0.7321864810689434,0.262745838257889,-0.6553657771564322,-0.9963249911777474,-0.1661338664189066,-0.5546118381361573
qnt,2022-12-01,2026-05-23,-0.2688817752314244,0.18771926118740373,-0.34844802149292575,-0.6553285256681186,-0.08411629520512365,-0.12157699775480046
qtum_eth,2018-05-01,2026-05-23,0.6960392826692213,0.1529321472373528,-0.3499756037213776,-0.9701993559974399,0.15528580204516862,-0.3248363599101437
ren,2019-09-01,2026-05-23,0.36105160702957495,0.31840486155730463,-0.457169387646272,-0.9983058500320975,0.05693808841388348,-0.35646208079824615
rep,2018-02-01,2026-05-23,0.294749275118279,0.24591710058211638,-0.30555207969719944,-0.9962471472551055,0.04451233546496991,-0.3988908424629264
shib_eth,2022-02-01,2026-05-23,0.12695693239590208,0.10671009179732875,-0.33375111365117105,-0.8505809650051162,0.0033725250541154494,-0.26556949344829806
snt,2018-03-01,2026-05-23,0.4311501191573883,0.2501373442826139,-0.5709127036894384,-0.965869921445209,0.0981583763383227,-0.28716123279215877
snx,2021-01-01,2026-05-23,-0.15073140441252195,0.12510947417547508,-0.589607299283309,-0.9899368121982576,-0.05632972458406138,-0.44292521304133436
srm,2021-10-01,2026-05-23,-0.7509532139154094,0.01304493183501419,-0.3983970722621407,-0.9997241253511425,-0.09814426027164769,-0.8216922798021837
sushi,2021-06-01,2026-05-23,-0.013543124712321953,-0.1661846055985346,-0.45056875290909915,-0.9877463077195776,-0.026024536955662536,-0.5606823269274541
trx,2019-04-01,2026-05-23,0.8502854424728276,0.8553463873996846,-0.46914163569037304,-0.7724522862349226,0.28025859441636514,0.4671051654665297
uni,2021-06-01,2026-05-23,-0.35243222249368067,0.0774104002574402,-0.6190254905144916,-0.9028874863490537,-0.12696452023632754,-0.3439794227007549
vet_eth,2019-05-01,2026-05-23,0.8142113157149715,0.5407723844905619,-0.33538837318174863,-0.9740179944084811,0.1918296227575904,0.013637198082591118
wtc,2019-06-01,2024-06-16,-0.44125922263524653,0.28967955657734534,-0.6056625693617449,-0.9997510337987463,-0.10622396744098528,-0.7387215559185848
xem,2017-07-01,2026-05-23,0.6995658779931424,0.07028826082888391,-0.36845423197729343,-0.9996651350706602,0.18441045663127853,-0.4653045898023014
xlm,2017-07-01,2026-05-23,0.37974538096525895,0.7071875946863325,-0.4558651642502919,-0.9621669386925936,0.07389123656886931,0.2112663463454012
xmr,2017-05-01,2026-05-23,0.5166266464629226,0.7966761918904823,-0.7639469041390957,-0.9299961286072628,0.11907407091748268,0.3569241372099312
xrp,2017-05-01,2026-05-23,0.4209114747462432,0.8468587719772163,-0.4834291741604072,-0.9490458901291529,0.08631082976176696,0.4305483410396411
xtz,2020-01-01,2026-05-23,0.39756757246514784,0.2911619810246869,-0.37771450726064715,-0.9610916380299942,0.07115428061429108,-0.19239618472317954
xvg,2018-07-01,2026-05-23,0.37247056434093057,0.45085215759122677,-0.5304887496067914,-0.9798466215816858,0.07599797603010261,-0.21764616232009082
yfi,2021-04-01,2026-05-23,-0.03312326206213776,-0.0843570352285095,-0.491495709722122,-0.9704279338263094,-0.02997612742577571,-0.4042094691984165
zec,2017-08-01,2026-05-23,0.4572005541357236,0.6851242873891314,-0.5798900113118914,-0.9757103007754561,0.09044940933210399,0.15881879915907815
zil_eth,2018-11-01,2026-05-23,0.5082904840230663,0.30909429243957337,-0.428395133184971,-0.9845138539779016,0.09524149036076479,-0.24899594905250533
zrx,2018-05-01,2026-05-23,0.05641420761693343,0.2951832666051675,-0.42999368332502896,-0.9583790534041748,-0.01774431773185947,-0.25648739792155306
