,r
2018-03-01,0.0
2018-03-02,0.0
2018-03-03,0.0
2018-03-04,0.0
2018-03-05,0.0
2018-03-06,0.0
2018-03-07,0.0
2018-03-08,0.0
2018-03-09,0.0
2018-03-10,0.0
2018-03-11,0.0
2018-03-12,0.0
2018-03-13,0.0
2018-03-14,0.0
2018-03-15,0.0
2018-03-16,0.0
2018-03-17,0.0
2018-03-18,0.0
2018-03-19,0.0
2018-03-20,0.0
2018-03-21,0.0
2018-03-22,0.0
2018-03-23,0.0
2018-03-24,0.0
2018-03-25,0.0
2018-03-26,0.0
2018-03-27,0.0
2018-03-28,0.0
2018-03-29,0.0
2018-03-30,0.0
2018-03-31,0.0
2018-04-01,0.0
2018-04-02,0.0
2018-04-03,0.0
2018-04-04,0.0
2018-04-05,0.0
2018-04-06,0.0
2018-04-07,0.0
2018-04-08,0.0
2018-04-09,0.0
2018-04-10,0.0
2018-04-11,0.0
2018-04-12,0.0
2018-04-13,0.0
2018-04-14,0.0
2018-04-15,0.0
2018-04-16,0.0
2018-04-17,0.0
2018-04-18,0.0
2018-04-19,0.0
2018-04-20,0.0
2018-04-21,0.0
2018-04-22,0.0
2018-04-23,0.0
2018-04-24,0.0
2018-04-25,0.0
2018-04-26,0.0
2018-04-27,0.0
2018-04-28,0.0
2018-04-29,0.0
2018-04-30,0.0
2018-05-01,0.0
2018-05-02,0.0
2018-05-03,0.007434514235075351
2018-05-04,0.0010106442349626654
2018-05-05,0.006908505553105293
2018-05-06,-0.005629733888221522
2018-05-07,-0.009156930578356093
2018-05-08,-0.0015646481865165818
2018-05-09,0.0011451328652272164
2018-05-10,-0.008155735538162512
2018-05-11,-0.01051154588370129
2018-05-12,-0.0038292358169859098
2018-05-13,0.006845757512330408
2018-05-14,-0.00024256859987881185
2018-05-15,-0.0034456150340294034
2018-05-16,0.0002113104126233445
2018-05-17,-0.005920034293186882
2018-05-18,0.0031586227339019946
2018-05-19,0.0007163814639576938
2018-05-20,0.0031172824842080615
2018-05-21,-0.003156252777409607
2018-05-22,-0.005553499921044591
2018-05-23,-5.0990101755576944e-05
2018-05-24,0.0
2018-05-25,0.0
2018-05-26,0.0
2018-05-27,0.0
2018-05-28,0.0
2018-05-29,0.0
2018-05-30,0.0
2018-05-31,0.0
2018-06-01,0.0
2018-06-02,0.0
2018-06-03,0.0
2018-06-04,0.0
2018-06-05,0.0
2018-06-06,0.0
2018-06-07,0.0
2018-06-08,0.0
2018-06-09,0.0
2018-06-10,0.0
2018-06-11,0.0
2018-06-12,0.0
2018-06-13,0.0
2018-06-14,0.0
2018-06-15,0.0
2018-06-16,0.0
2018-06-17,0.0
2018-06-18,0.0
2018-06-19,0.0
2018-06-20,0.0
2018-06-21,0.0
2018-06-22,0.0
2018-06-23,0.0
2018-06-24,0.0
2018-06-25,0.0
2018-06-26,0.0
2018-06-27,0.0
2018-06-28,0.0
2018-06-29,0.0
2018-06-30,0.0
2018-07-01,0.0
2018-07-02,0.0
2018-07-03,0.0
2018-07-04,0.0
2018-07-05,0.0
2018-07-06,0.0
2018-07-07,0.0
2018-07-08,0.0
2018-07-09,0.0
2018-07-10,0.0
2018-07-11,0.0
2018-07-12,0.0
2018-07-13,0.0
2018-07-14,0.0
2018-07-15,0.0
2018-07-16,0.0
2018-07-17,0.0
2018-07-18,0.0
2018-07-19,0.0
2018-07-20,0.0
2018-07-21,0.0
2018-07-22,0.0
2018-07-23,0.00042596803226446767
2018-07-24,0.007622700981931629
2018-07-25,-0.0030821674783922948
2018-07-26,-0.003566612455475404
2018-07-27,0.0037604198901906027
2018-07-28,0.0005087267080983171
2018-07-29,-0.00019574694919277658
2018-07-30,-0.0005170739276144642
2018-07-31,-0.006180611669015179
2018-08-01,-0.0029413950553609514
2018-08-02,-0.0004093084027347871
2018-08-03,0.0
2018-08-04,0.0
2018-08-05,0.0
2018-08-06,0.0
2018-08-07,0.0
2018-08-08,0.0
2018-08-09,0.0
2018-08-10,0.0
2018-08-11,0.0
2018-08-12,0.0
2018-08-13,0.0
2018-08-14,0.0
2018-08-15,0.0
2018-08-16,0.0
2018-08-17,0.0
2018-08-18,0.0
2018-08-19,0.0
2018-08-20,0.0
2018-08-21,0.0
2018-08-22,0.0
2018-08-23,0.0
2018-08-24,0.0
2018-08-25,0.0
2018-08-26,0.0
2018-08-27,0.0
2018-08-28,0.0
2018-08-29,0.0
2018-08-30,0.0
2018-08-31,0.0
2018-09-01,0.0
2018-09-02,0.0
2018-09-03,-0.0003176146310477357
2018-09-04,0.0006591504812234472
2018-09-05,-0.004520341074679801
2018-09-06,-4.616243013355614e-05
2018-09-07,0.0
2018-09-08,0.0
2018-09-09,0.0
2018-09-10,0.0
2018-09-11,0.0
2018-09-12,0.0
2018-09-13,0.0
2018-09-14,0.0
2018-09-15,0.0
2018-09-16,0.0
2018-09-17,0.0
2018-09-18,0.0
2018-09-19,0.0
2018-09-20,0.0
2018-09-21,-0.0004751070767057275
2018-09-22,-0.00027543404643326497
2018-09-23,-0.0006801076720511778
2018-09-24,0.0
2018-09-25,0.0
2018-09-26,0.0
2018-09-27,0.0
2018-09-28,0.0
2018-09-29,0.0
2018-09-30,0.0
2018-10-01,0.0
2018-10-02,0.0
2018-10-03,0.0
2018-10-04,0.0
2018-10-05,0.0
2018-10-06,0.0
2018-10-07,0.0
2018-10-08,0.0
2018-10-09,0.0
2018-10-10,0.0
2018-10-11,0.0
2018-10-12,0.0
2018-10-13,0.0
2018-10-14,0.0
2018-10-15,-0.0034887836765385982
2018-10-16,-0.00225465402013858
2018-10-17,0.0
2018-10-18,0.0
2018-10-19,0.0
2018-10-20,0.0
2018-10-21,0.0
2018-10-22,0.0
2018-10-23,0.0
2018-10-24,0.0
2018-10-25,0.0
2018-10-26,0.0
2018-10-27,0.0
2018-10-28,0.0
2018-10-29,0.0
2018-10-30,0.0
2018-10-31,0.0
2018-11-01,0.0
2018-11-02,0.0
2018-11-03,0.0
2018-11-04,0.0
2018-11-05,0.0
2018-11-06,0.0
2018-11-07,0.0
2018-11-08,0.0
2018-11-09,0.0
2018-11-10,0.0
2018-11-11,0.0
2018-11-12,0.0
2018-11-13,0.0
2018-11-14,0.0
2018-11-15,0.0
2018-11-16,0.0
2018-11-17,0.0
2018-11-18,0.0
2018-11-19,0.0
2018-11-20,0.0
2018-11-21,0.0
2018-11-22,0.0
2018-11-23,0.0
2018-11-24,0.0
2018-11-25,0.0
2018-11-26,0.0
2018-11-27,0.0
2018-11-28,0.0
2018-11-29,0.0
2018-11-30,0.0
2018-12-01,0.0
2018-12-02,0.0
2018-12-03,0.0
2018-12-04,0.0
2018-12-05,0.0
2018-12-06,0.0
2018-12-07,0.0
2018-12-08,0.0
2018-12-09,0.0
2018-12-10,0.0
2018-12-11,0.0
2018-12-12,0.0
2018-12-13,0.0
2018-12-14,0.0
2018-12-15,0.0
2018-12-16,0.0
2018-12-17,0.0
2018-12-18,0.0
2018-12-19,0.0
2018-12-20,0.0
2018-12-21,0.0
2018-12-22,0.0
2018-12-23,0.0
2018-12-24,0.0
2018-12-25,0.0
2018-12-26,0.0
2018-12-27,0.0
2018-12-28,0.0
2018-12-29,0.0
2018-12-30,0.0
2018-12-31,0.0
2019-01-01,0.0
2019-01-02,0.0
2019-01-03,0.0
2019-01-04,0.0
2019-01-05,0.0
2019-01-06,0.0
2019-01-07,0.0
2019-01-08,0.0
2019-01-09,0.0
2019-01-10,0.0
2019-01-11,0.0
2019-01-12,0.0
2019-01-13,0.0
2019-01-14,0.0
2019-01-15,0.0
2019-01-16,0.0
2019-01-17,0.0
2019-01-18,0.0
2019-01-19,0.0
2019-01-20,0.0
2019-01-21,0.0
2019-01-22,0.0
2019-01-23,0.0
2019-01-24,0.0
2019-01-25,0.0
2019-01-26,0.0
2019-01-27,0.0
2019-01-28,0.0
2019-01-29,0.0
2019-01-30,0.0
2019-01-31,0.0
2019-02-01,0.0
2019-02-02,0.0
2019-02-03,0.0
2019-02-04,0.0
2019-02-05,0.0
2019-02-06,0.0
2019-02-07,0.0
2019-02-08,0.0
2019-02-09,0.0
2019-02-10,0.0
2019-02-11,0.0
2019-02-12,0.0
2019-02-13,0.0
2019-02-14,0.0
2019-02-15,0.0
2019-02-16,0.0
2019-02-17,0.0
2019-02-18,0.001906202516298361
2019-02-19,-0.0007469382500645549
2019-02-20,0.0029309905691881077
2019-02-21,-0.0015789128297297728
2019-02-22,0.001046934230690022
2019-02-23,0.006558778568647394
2019-02-24,-0.01541944464073508
2019-02-25,0.0023692657489966518
2019-02-26,-0.0008961932717905796
2019-02-27,-0.00031461725119508177
2019-02-28,5.3461739115245877e-05
2019-03-01,0.00013274300298626862
2019-03-02,-0.0010760954811418477
2019-03-03,-0.0009157450784113008
2019-03-04,-0.00324560179663802
2019-03-05,0.006308342508739129
2019-03-06,0.0003152935954799929
2019-03-07,-4.2413081546732734e-05
2019-03-08,-0.0013575983391799218
2019-03-09,0.0025761502304728623
2019-03-10,-0.001100991650538341
2019-03-11,-0.001685830028064883
2019-03-12,0.0005033986585092354
2019-03-13,-0.0009681085056125749
2019-03-14,0.00037293939013061106
2019-03-15,0.002330002926626884
2019-03-16,0.0023881423063927265
2019-03-17,-0.0022659505627027343
2019-03-18,-0.0003188387796968506
2019-03-19,0.0007769527372969431
2019-03-20,0.00028352391091224227
2019-03-21,-0.0026741283826950957
2019-03-22,0.0005678426572588435
2019-03-23,0.0008311105685396836
2019-03-24,-0.0007054959678751693
2019-03-25,-0.0027048460301996036
2019-03-26,0.00025516630398914053
2019-03-27,0.00494814837017854
2019-03-28,-0.0015985520479969706
2019-03-29,0.005443207373874603
2019-03-30,-0.0014455852755794751
2019-03-31,-0.0011789203114371816
2019-04-01,0.0021966837271916173
2019-04-02,0.062181446710395605
2019-04-03,0.002838192156692454
2019-04-04,-0.004777030124097359
2019-04-05,0.014202827138000806
2019-04-06,0.0029149085984283563
2019-04-07,0.016490493788906768
2019-04-08,0.008463186154553437
2019-04-09,-0.009031986458837182
2019-04-10,0.012029533426520578
2019-04-11,-0.03221395258112847
2019-04-12,0.0009839272218046258
2019-04-13,-0.0004025851463066443
2019-04-14,0.010267425478764691
2019-04-15,-0.01567936070047593
2019-04-16,0.017244373136546587
2019-04-17,0.0026419816629652537
2019-04-18,0.01475494582646597
2019-04-19,-0.0009395642968194062
2019-04-20,0.0027288244357452918
2019-04-21,-0.008904894484550563
2019-04-22,0.011042439023513761
2019-04-23,0.009251088415657138
2019-04-24,-0.012337980952487282
2019-04-25,-0.02994136200012354
2019-04-26,0.012577739735043059
2019-04-27,0.0003821705304722922
2019-04-28,-0.001072163464560849
2019-04-29,-0.009664791972157083
2019-04-30,0.016554881560999712
2019-05-01,0.002876815145699707
2019-05-02,0.01133988415178222
2019-05-03,0.031536014632307374
2019-05-04,-0.0013432942485217536
2019-05-05,-0.00514767832137164
2019-05-06,0.011204436954082242
2019-05-07,0.002682617019655442
2019-05-08,0.013320043858720876
2019-05-09,0.01730629563760555
2019-05-10,0.01513222239848444
2019-05-11,0.08236331443662626
2019-05-12,-0.00930271423600848
2019-05-13,0.05520248815137485
2019-05-14,0.03177117310269906
2019-05-15,0.04463950700365915
2019-05-16,0.0014927686684078623
2019-05-17,-0.03948609006202486
2019-05-18,-0.010075113966837246
2019-05-19,0.046361149303169036
2019-05-20,-0.012330686391017198
2019-05-21,0.0008489247141663103
2019-05-22,-0.015002802753502076
2019-05-23,0.0078534030781372
2019-05-24,0.006383597472645386
2019-05-25,0.0027909607659026836
2019-05-26,0.027763515366594937
2019-05-27,0.008120315960996605
2019-05-28,-0.0009560860867476872
2019-05-29,-0.0034935769521626803
2019-05-30,-0.02032869963133843
2019-05-31,0.01730069974768611
2019-06-01,-0.0025112889132145044
2019-06-02,0.008456322617376832
2019-06-03,-0.03298024938846267
2019-06-04,-0.020802188784908138
2019-06-05,0.006518246358196755
2019-06-06,0.0029654633124907015
2019-06-07,0.00628976696354866
2019-06-08,-0.007401324528852338
2019-06-09,-0.018920382298927785
2019-06-10,0.025023989801331803
2019-06-11,-0.005011245902935668
2019-06-12,0.022024856162167428
2019-06-13,-0.002204597205270775
2019-06-14,0.024516216892709553
2019-06-15,0.01130785722572547
2019-06-16,0.005267229311010313
2019-06-17,0.018641133606424942
2019-06-18,-0.016634808896018205
2019-06-19,0.009823470163558667
2019-06-20,0.01253172086147969
2019-06-21,0.045390916742727994
2019-06-22,0.03474285463736293
2019-06-23,0.00385094333133873
2019-06-24,0.007752674019131378
2019-06-25,0.02910955911941082
2019-06-26,0.05568908063226763
2019-06-27,-0.06672039951791409
2019-06-28,0.027685188614638534
2019-06-29,-0.004306154016207819
2019-06-30,-0.03476047483819622
2019-07-01,-0.0025136547579633906
2019-07-02,0.0010810246867229978
2019-07-03,0.021105846154920727
2019-07-04,-0.022635521452315066
2019-07-05,0.0009455330334522394
2019-07-06,0.004338125887900279
2019-07-07,0.013205682218484283
2019-07-08,0.015698822208997987
2019-07-09,0.0008987520425458584
2019-07-10,-0.017658673643488276
2019-07-11,-0.023873306959809604
2019-07-12,0.009665054008976215
2019-07-13,-0.00929306379963335
2019-07-14,-0.045453624752638144
2019-07-15,0.009895498153031035
2019-07-16,-0.02823631520746639
2019-07-17,0.006977231291457331
2019-07-18,0.01817336746856535
2019-07-19,-0.00322881624258331
2019-07-20,0.0055677806057430335
2019-07-21,-0.002943664558039072
2019-07-22,-0.005858514987889918
2019-07-23,-0.008177552282343514
2019-07-24,-0.00024363124584303453
2019-07-25,0.0025170019530755816
2019-07-26,-0.0008860902506235835
2019-07-27,-0.008440430612872474
2019-07-28,0.002268380001883008
2019-07-29,-0.0007063183783698745
2019-07-30,0.0005337272203653765
2019-07-31,0.009909137497205123
2019-08-01,0.00363516642879258
2019-08-02,0.0025997613439394662
2019-08-03,0.00729364562257051
2019-08-04,0.002141526124594728
2019-08-05,0.02152189960790718
2019-08-06,-0.008939138905674993
2019-08-07,0.009673592684072307
2019-08-08,-0.0009147492852524808
2019-08-09,-0.005567415284076893
2019-08-10,-0.012427190584588743
2019-08-11,0.007796676650206447
2019-08-12,-0.0042658443383335465
2019-08-13,-0.013088938146905038
2019-08-14,-0.027278460993184428
2019-08-15,0.004883070697714986
2019-08-16,0.0007588550245400949
2019-08-17,-0.0023290736352425956
2019-08-18,0.0018341430725441477
2019-08-19,0.012279735217114895
2019-08-20,-0.004019487290109924
2019-08-21,-0.01512215168587161
2019-08-22,-0.000793074053731968
2019-08-23,0.005385619547070952
2019-08-24,-0.004719327888791147
2019-08-25,0.00015496012658311464
2019-08-26,0.004264644504877957
2019-08-27,-0.003462934599937517
2019-08-28,-0.008614097154984068
2019-08-29,-0.002584221776495421
2019-08-30,0.0009742841554176707
2019-08-31,3.3122811145869235e-05
2019-09-01,0.0015544596930539
2019-09-02,0.006941604293916548
2019-09-03,0.004601734993751716
2019-09-04,-0.0008445220867402403
2019-09-05,-6.008488635955711e-05
2019-09-06,-0.008280569589514952
2019-09-07,0.004541803690264912
2019-09-08,-0.0021491491719329847
2019-09-09,-0.002250654721795864
2019-09-10,-0.004223409225743713
2019-09-11,0.0010329684511274362
2019-09-12,0.0044012751907989145
2019-09-13,-0.003621449864901649
2019-09-14,-0.0020130716822108763
2019-09-15,-0.000879138263342627
2019-09-16,-0.0011287685823626603
2019-09-17,-0.0022316083536464415
2019-09-18,0.00010371029296329937
2019-09-19,0.0038565776017298603
2019-09-20,-0.001729227240140907
2019-09-21,-0.0035905610601403293
2019-09-22,-0.0002881948978862292
2019-09-23,-0.007596080786025805
2019-09-24,-0.0068377881317597256
2019-09-25,-0.00028304842723936297
2019-09-26,-0.0023058851630617383
2019-09-27,0.0
2019-09-28,0.0
2019-09-29,0.0
2019-09-30,0.0
2019-10-01,0.0
2019-10-02,0.0
2019-10-03,0.0
2019-10-04,0.0
2019-10-05,0.0
2019-10-06,0.0
2019-10-07,0.0
2019-10-08,0.0
2019-10-09,0.0
2019-10-10,0.0
2019-10-11,0.0
2019-10-12,0.0
2019-10-13,0.0
2019-10-14,0.0
2019-10-15,0.0
2019-10-16,0.0
2019-10-17,0.0
2019-10-18,0.0
2019-10-19,0.0
2019-10-20,0.0
2019-10-21,0.0
2019-10-22,0.0
2019-10-23,0.0
2019-10-24,0.0
2019-10-25,0.0
2019-10-26,0.0
2019-10-27,-0.0015400616117371424
2019-10-28,-0.001627409822807846
2019-10-29,0.0009792545648064088
2019-10-30,-0.0024571046567437582
2019-10-31,-6.717896011931845e-05
2019-11-01,0.00043962307490819086
2019-11-02,0.0002803810600517931
2019-11-03,-0.00045890998174902276
2019-11-04,0.0009619210129900857
2019-11-05,-0.0008744553765455132
2019-11-06,0.0009161917890678772
2019-11-07,-0.0020493920340257654
2019-11-08,-0.0009644638515500237
2019-11-09,0.0
2019-11-10,-0.00029474758754399755
2019-11-11,-0.0007913280719330507
2019-11-12,0.0
2019-11-13,-0.0002466023145075713
2019-11-14,-0.0011736407235087842
2019-11-15,0.0
2019-11-16,0.0
2019-11-17,-0.0003810785647402337
2019-11-18,-5.496589284570419e-05
2019-11-19,0.0
2019-11-20,0.0
2019-11-21,0.0
2019-11-22,0.0
2019-11-23,0.0
2019-11-24,0.0
2019-11-25,0.0
2019-11-26,0.0
2019-11-27,0.0
2019-11-28,0.0
2019-11-29,0.0
2019-11-30,0.0
2019-12-01,0.0
2019-12-02,0.0
2019-12-03,0.0
2019-12-04,0.0
2019-12-05,0.0
2019-12-06,0.0
2019-12-07,0.0
2019-12-08,0.0
2019-12-09,0.0
2019-12-10,0.0
2019-12-11,0.0
2019-12-12,0.0
2019-12-13,0.0
2019-12-14,0.0
2019-12-15,0.0
2019-12-16,0.0
2019-12-17,0.0
2019-12-18,0.0
2019-12-19,0.0
2019-12-20,0.0
2019-12-21,0.0
2019-12-22,0.0
2019-12-23,0.0
2019-12-24,0.0
2019-12-25,0.0
2019-12-26,0.0
2019-12-27,0.0
2019-12-28,0.0
2019-12-29,0.0
2019-12-30,0.0
2019-12-31,0.0
2020-01-01,0.0
2020-01-02,0.0
2020-01-03,0.0
2020-01-04,0.0
2020-01-05,0.0
2020-01-06,0.0
2020-01-07,0.0014501857426447717
2020-01-08,-0.000649781278735162
2020-01-09,-0.0013491805386001143
2020-01-10,0.001441748849590585
2020-01-11,-0.001144028375547057
2020-01-12,0.0010674341635832363
2020-01-13,-0.00048244123578011777
2020-01-14,0.006794308855484932
2020-01-15,0.0001668112331159044
2020-01-16,-0.0014834945573162228
2020-01-17,0.0027067409279639687
2020-01-18,0.002198920508116986
2020-01-19,-0.0160747173271365
2020-01-20,-0.0012941637929271277
2020-01-21,0.0034394220373716866
2020-01-22,-0.0019227331580440321
2020-01-23,-0.00881987585269639
2020-01-24,-0.0001562683499183315
2020-01-25,-0.0038148738067966814
2020-01-26,0.008821714294844574
2020-01-27,0.008683195150324785
2020-01-28,0.022731506180471595
2020-01-29,-0.006230072052064384
2020-01-30,0.02151393613653374
2020-01-31,-0.012330581697273413
2020-02-01,0.005752509419380436
2020-02-02,0.003077167181343432
2020-02-03,-0.0003326479537030247
2020-02-04,-0.005434854667300648
2020-02-05,0.041257406078606396
2020-02-06,0.020815404157457973
2020-02-07,0.01614880188670975
2020-02-08,0.003179429980630477
2020-02-09,0.018746238557573625
2020-02-10,-0.02047376490036512
2020-02-11,0.03538687474620228
2020-02-12,0.043224734780044294
2020-02-13,-0.0010954326409384763
2020-02-14,0.026831788432117865
2020-02-15,-0.0411496843204231
2020-02-16,-0.006121519735019176
2020-02-17,-0.0003896042289297519
2020-02-18,0.034681082939069796
2020-02-19,-0.04700159507750501
2020-02-20,-0.0014827127270791163
2020-02-21,0.010037376829935551
2020-02-22,-0.004148463572852701
2020-02-23,0.020529550892486315
2020-02-24,-0.018071228179027177
2020-02-25,-0.029692469265027888
2020-02-26,-0.04022631208204219
2020-02-27,0.004079696313904035
2020-02-28,-0.005926056136348223
2020-02-29,-0.01333152748616706
2020-03-01,0.0007417632007227226
2020-03-02,0.02213560268116832
2020-03-03,-0.011989249775993471
2020-03-04,0.00010381929599234674
2020-03-05,0.012161389423350988
2020-03-06,0.01823433318039447
2020-03-07,-0.013696814213626674
2020-03-08,-0.052254694672798974
2020-03-09,0.003488649009711464
2020-03-10,-0.0021702540148564875
2020-03-11,-0.006277532347113701
2020-03-12,-0.04465089537941003
2020-03-13,0.0
2020-03-14,0.0
2020-03-15,0.0
2020-03-16,0.0
2020-03-17,0.0
2020-03-18,0.0
2020-03-19,0.0
2020-03-20,0.0
2020-03-21,0.0
2020-03-22,0.0
2020-03-23,0.0
2020-03-24,0.0
2020-03-25,0.0
2020-03-26,0.0
2020-03-27,0.0
2020-03-28,0.0
2020-03-29,0.0
2020-03-30,0.0
2020-03-31,0.0
2020-04-01,0.0
2020-04-02,0.0
2020-04-03,0.0
2020-04-04,0.0
2020-04-05,0.0
2020-04-06,0.0
2020-04-07,0.0
2020-04-08,0.0
2020-04-09,0.0
2020-04-10,0.0
2020-04-11,0.0
2020-04-12,0.0
2020-04-13,0.0
2020-04-14,0.0
2020-04-15,0.0
2020-04-16,0.0
2020-04-17,-0.0006716383803836434
2020-04-18,0.006336784754079172
2020-04-19,-0.002777260680200788
2020-04-20,-0.007580747276251132
2020-04-21,-0.0010026923879630223
2020-04-22,0.0047730459252850466
2020-04-23,-4.444040812567884e-06
2020-04-24,0.0014074844533753517
2020-04-25,0.004473293851402493
2020-04-26,0.0021325062182038224
2020-04-27,-0.0006981347145258443
2020-04-28,-6.717523529908842e-05
2020-04-29,0.02864630527856149
2020-04-30,-0.010993474060100428
2020-05-01,0.008881356422916209
2020-05-02,0.004107459451277995
2020-05-03,-0.004923374151510007
2020-05-04,-0.003425554602519143
2020-05-05,0.0014188327198376705
2020-05-06,-0.002978862785108616
2020-05-07,0.03162650295278535
2020-05-08,-0.005656949549696977
2020-05-09,-0.008198403385071829
2020-05-10,-0.04264067525443127
2020-05-11,-0.005527228704628961
2020-05-12,0.009208322938185631
2020-05-13,0.02294766992585684
2020-05-14,0.016937257579619613
2020-05-15,-0.020777673697620624
2020-05-16,0.007040239672728266
2020-05-17,0.014400081753595195
2020-05-18,0.008711559339754427
2020-05-19,0.0008338998712000834
2020-05-20,-0.012107298056278748
2020-05-21,-0.025224596093411544
2020-05-22,0.013113704560543171
2020-05-23,-0.0006367707791162802
2020-05-24,-0.020674209879914196
2020-05-25,0.010226874902841354
2020-05-26,-0.005539105441509595
2020-05-27,0.019127829117564277
2020-05-28,0.024311574910059752
2020-05-29,-0.0035182142408395345
2020-05-30,0.03446670213443381
2020-05-31,-0.021301382389602663
2020-06-01,0.043202659156679424
2020-06-02,-0.03258096691827428
2020-06-03,0.012394054551279066
2020-06-04,0.0024317643637810082
2020-06-05,-0.008817158987735385
2020-06-06,0.0035695348993129983
2020-06-07,0.005474447831049556
2020-06-08,0.0031407397408163007
2020-06-09,-0.0031690706720063355
2020-06-10,0.008990953732620932
2020-06-11,-0.04389463772753299
2020-06-12,0.014961385896340218
2020-06-13,0.0005416058266745072
2020-06-14,-0.012220118725485674
2020-06-15,0.0011653544919936198
2020-06-16,0.008872727146194137
2020-06-17,-0.003704018985287716
2020-06-18,-0.0056851123522122515
2020-06-19,-0.005259275272069486
2020-06-20,0.001250805576650471
2020-06-21,-0.0038836427008768215
2020-06-22,0.03577572683988195
2020-06-23,-0.0027131193376089824
2020-06-24,-0.02675400436630493
2020-06-25,-0.004415809269126547
2020-06-26,-0.006916935842375516
2020-06-27,-0.016994385165828407
2020-06-28,0.009240725687535312
2020-06-29,0.0068018622890226865
2020-06-30,-0.00505848129822839
2020-07-01,0.010215872256115421
2020-07-02,-0.01133251192891438
2020-07-03,-0.0031691332647457715
2020-07-04,0.008624307950154009
2020-07-05,-0.004555236146576269
2020-07-06,0.030172884899558383
2020-07-07,-0.006682118352944855
2020-07-08,0.01968786063020156
2020-07-09,-0.019225758980832786
2020-07-10,0.0010873136084121882
2020-07-11,-0.00656866277305812
2020-07-12,0.009983916264246107
2020-07-13,-0.008895038809660916
2020-07-14,0.002357020873634541
2020-07-15,-0.006607770239541955
2020-07-16,-0.014599955865272407
2020-07-17,-0.0009046725556618451
2020-07-18,0.006000558013390833
2020-07-19,0.008055052088310033
2020-07-20,-0.009169315866453087
2020-07-21,0.030869329234625376
2020-07-22,0.038341525843225144
2020-07-23,0.024286862540940923
2020-07-24,0.000861789148077996
2020-07-25,0.04595527526201382
2020-07-26,0.021309860348037946
2020-07-27,0.07898692450122802
2020-07-28,-0.010099282384895547
2020-07-29,0.008431137013650059
2020-07-30,0.01698030062877498
2020-07-31,0.02004214292049933
2020-08-01,0.056042480390075644
2020-08-02,-0.03580697777646358
2020-08-03,0.012454121262968076
2020-08-04,0.0014446615192500456
2020-08-05,0.02205751294827807
2020-08-06,-0.003037615936807181
2020-08-07,-0.013724918503329353
2020-08-08,0.015425798754861164
2020-08-09,-0.006597968197155413
2020-08-10,0.009882664807249864
2020-08-11,-0.02548635680150868
2020-08-12,0.010522956929160276
2020-08-13,0.03350187180217601
2020-08-14,0.008995366347485767
2020-08-15,-0.0008688974250554704
2020-08-16,0.002983453548914383
2020-08-17,0.01113444112185924
2020-08-18,-0.017900085052531156
2020-08-19,-0.016965179714185652
2020-08-20,0.009649358908421224
2020-08-21,-0.03137279322606856
2020-08-22,0.010185714460519746
2020-08-23,-0.0038277469024302624
2020-08-24,0.015669437077804105
2020-08-25,-0.03406241572569979
2020-08-26,0.007576069678767228
2020-08-27,-0.006817248278409793
2020-08-28,0.016249851889206024
2020-08-29,0.0002997750401083632
2020-08-30,0.031269895099130585
2020-08-31,0.0006254892495303199
2020-09-01,0.04058251752295505
2020-09-02,-0.04773002163367179
2020-09-03,-0.08018981430891536
2020-09-04,0.008146398774969033
2020-09-05,-0.03419987788633572
2020-09-06,0.007985674126650188
2020-09-07,0.00026230856822828663
2020-09-08,-0.011399964152151276
2020-09-09,0.0063590445080683455
2020-09-10,0.008036899680186504
2020-09-11,0.0028883677333533253
2020-09-12,0.006970268347478603
2020-09-13,-0.011678934721753409
2020-09-14,0.011442645967558729
2020-09-15,-0.003015866091513386
2020-09-16,0.0039334364311200964
2020-09-17,0.009732388456931584
2020-09-18,-0.0031732039183470784
2020-09-19,0.00492854914783325
2020-09-20,-0.013865947442770032
2020-09-21,-0.035833118840604694
2020-09-22,0.006250030936832074
2020-09-23,-0.023309486075875796
2020-09-24,0.022565140971871456
2020-09-25,-0.0002081469378449885
2020-09-26,0.0023350930356029753
2020-09-27,0.003204276349386026
2020-09-28,-0.004233039965885754
2020-09-29,0.007522165650602597
2020-09-30,-0.002055567346184284
2020-10-01,-0.013565169323235926
2020-10-02,-0.0066789130101848615
2020-10-03,-0.0006470855902327433
2020-10-04,0.006727332401674557
2020-10-05,0.005116432422338946
2020-10-06,-0.014305227349158955
2020-10-07,0.0026596215925955846
2020-10-08,0.013078194691431344
2020-10-09,0.013872067732969784
2020-10-10,0.014731172455126007
2020-10-11,0.006924485359204979
2020-10-12,0.016167337718028918
2020-10-13,-0.009411083139559406
2020-10-14,-0.0018872903662399132
2020-10-15,0.003614135448441358
2020-10-16,-0.0183756356276098
2020-10-17,0.004231700540531014
2020-10-18,0.014680974299997596
2020-10-19,0.013360439476922892
2020-10-20,-0.0014022387529473157
2020-10-21,0.06161654112721404
2020-10-22,0.030070117776493932
2020-10-23,-0.006305895215593438
2020-10-24,0.010318897508098557
2020-10-25,-0.009054669114099023
2020-10-26,-0.01149626112490354
2020-10-27,0.033736007164980375
2020-10-28,-0.028227669841611847
2020-10-29,0.00657328819458991
2020-10-30,-0.00013554820077277263
2020-10-31,0.011041015700915757
2020-11-01,0.0070514684205458256
2020-11-02,-0.017790819811572822
2020-11-03,0.017190498354854755
2020-11-04,0.014579106918202411
2020-11-05,0.057541095350745364
2020-11-06,0.030762717614644997
2020-11-07,-0.03504440833960121
2020-11-08,0.031277962878485166
2020-11-09,-0.009887497024589464
2020-11-10,0.003128941117527706
2020-11-11,0.0175314774340658
2020-11-12,0.013955902147178234
2020-11-13,0.0094254258498494
2020-11-14,-0.01538972720143661
2020-11-15,-0.010701463836984448
2020-11-16,0.028742178139248287
2020-11-17,0.04048285398639351
2020-11-18,-0.0003905097481218256
2020-11-19,-0.004450233224986833
2020-11-20,0.04530734841755368
2020-11-21,0.028560261584980262
2020-11-22,-0.0014177403551894896
2020-11-23,0.02306746229562817
2020-11-24,0.013611288460432025
2020-11-25,-0.02379462456420256
2020-11-26,-0.05285747475225633
2020-11-27,-0.0007058720888456493
2020-11-28,0.018468766029142936
2020-11-29,0.02549113784578494
2020-11-30,0.04104400233184902
2020-12-01,-0.02501003268012214
2020-12-02,0.010971494290805017
2020-12-03,0.010012016488605724
2020-12-04,-0.02866566847174845
2020-12-05,0.01838720790764592
2020-12-06,0.00493276231609574
2020-12-07,-0.00654238492783854
2020-12-08,-0.02581359660195337
2020-12-09,0.010000825815455583
2020-12-10,-0.00954529996413589
2020-12-11,-0.008715958964483295
2020-12-12,0.022008366445685157
2020-12-13,0.01700404062816996
2020-12-14,-0.00012170746391770848
2020-12-15,0.0038799242741547335
2020-12-16,0.0565929966375045
2020-12-17,0.028366855629597953
2020-12-18,0.009036852994728228
2020-12-19,0.012015934271645268
2020-12-20,-0.013090248169715046
2020-12-21,-0.022933054958970245
2020-12-22,0.028033572404768003
2020-12-23,-0.028650048644335624
2020-12-24,0.0183660237844685
2020-12-25,0.019851393837273967
2020-12-26,0.02592564792913077
2020-12-27,0.015861106556687155
2020-12-28,0.026529824345131292
2020-12-29,0.004072289912449012
2020-12-30,0.024353591369850713
2020-12-31,-0.005128336287364088
2021-01-01,0.0018336781708816474
2021-01-02,0.0499003227792405
2021-01-03,0.06514686572214767
2021-01-04,0.004890528693452856
2021-01-05,0.018926669480834546
2021-01-06,0.030992887464734054
2021-01-07,0.016534824520691993
2021-01-08,0.005884205675365406
2021-01-09,0.005996014024668428
2021-01-10,-0.010436192684202483
2021-01-11,-0.033337492529649126
2021-01-12,-0.008977249909216112
2021-01-13,0.021097431082613305
2021-01-14,0.016471873096955747
2021-01-15,-0.015195852411525101
2021-01-16,0.0024482961331606656
2021-01-17,-0.00024250825605898196
2021-01-18,0.005595142885379989
2021-01-19,0.006797346658965253
2021-01-20,-0.0006207299947279532
2021-01-21,-0.042361252059502696
2021-01-22,0.02015966855221274
2021-01-23,-0.003420534947154996
2021-01-24,0.015520708599994215
2021-01-25,-0.00685870373607933
2021-01-26,0.005295732865658209
2021-01-27,-0.020068110269065853
2021-01-28,0.020751120967672065
2021-01-29,0.008123569838699884
2021-01-30,-8.947816600879399e-05
2021-01-31,-0.010609461955601418
2021-02-01,0.0074077937915524306
2021-02-02,0.020305651232527255
2021-02-03,0.02206795137603601
2021-02-04,-0.008633089943163585
2021-02-05,0.016127907634089667
2021-02-06,-0.0003190447812640995
2021-02-07,-0.006778013057213039
2021-02-08,0.05146622672856083
2021-02-09,0.001804709867870402
2021-02-10,-0.010303312177822765
2021-02-11,0.01950805825566926
2021-02-12,0.0011690321474919774
2021-02-13,-0.0027341499732627117
2021-02-14,0.005766824474443988
2021-02-15,-0.005620010981629786
2021-02-16,0.006281386161106184
2021-02-17,0.021973229917898296
2021-02-18,0.006949075870885446
2021-02-19,0.022204617666226056
2021-02-20,-0.004686004169404012
2021-02-21,0.00943047223077964
2021-02-22,-0.031483940606047645
2021-02-23,-0.04926533128302968
2021-02-24,0.00804325041817422
2021-02-25,-0.025419409612614352
2021-02-26,-0.007272735054793422
2021-02-27,0.0009204262215625203
2021-02-28,-0.008185767176905334
2021-03-01,0.03458906556870289
2021-03-02,-0.013600075461379757
2021-03-03,0.016395733239864096
2021-03-04,-0.010480341087775513
2021-03-05,0.00016607411415625606
2021-03-06,0.014348332675094388
2021-03-07,0.016161694749524003
2021-03-08,0.01686476079811383
2021-03-09,0.012962347188367529
2021-03-10,-0.004673151585881441
2021-03-11,0.010068075952900601
2021-03-12,-0.008275119600109182
2021-03-13,0.030722880745329473
2021-03-14,-0.015308290883498388
2021-03-15,-0.017433357781996395
2021-03-16,0.005823352061295806
2021-03-17,0.012662503027013106
2021-03-18,-0.010527185536169492
2021-03-19,0.005206314819415692
2021-03-20,-2.1375721731553554e-06
2021-03-21,-0.005743283645945341
2021-03-22,-0.025293008714709964
2021-03-23,-0.00024844022824865863
2021-03-24,-0.018662483069612934
2021-03-25,-0.0042158389936803875
2021-03-26,0.029949420778241587
2021-03-27,0.005056886139394257
2021-03-28,-0.0029530336091323495
2021-03-29,0.024023729907505897
2021-03-30,0.008110209693437787
2021-03-31,0.010690304657419603
2021-04-01,0.006454721638537109
2021-04-02,0.023093978683330407
2021-04-03,-0.02600458906213532
2021-04-04,0.014982503755192056
2021-04-05,0.008939609249169145
2021-04-06,-0.005153682402649462
2021-04-07,-0.029966239281585705
2021-04-08,0.027042252135478284
2021-04-09,-0.0014606263638573536
2021-04-10,0.017156429086416347
2021-04-11,0.0034998497460128064
2021-04-12,-0.0024867073183966193
2021-04-13,0.039697667197156505
2021-04-14,0.01367539828921105
2021-04-15,0.011419652127729663
2021-04-16,-0.021258281681976632
2021-04-17,-0.020606577218990063
2021-04-18,-0.04000182536902752
2021-04-19,-0.009308759357805951
2021-04-20,0.01991699196716845
2021-04-21,-0.006731015083642822
2021-04-22,-0.0034565806595900916
2021-04-23,-0.006889540041730147
2021-04-24,-0.01755252742032365
2021-04-25,0.0046963471990209005
2021-04-26,0.026148409083544433
2021-04-27,0.012863809991330966
2021-04-28,0.005656689183716868
2021-04-29,-0.002860661671730047
2021-04-30,0.013409890912033262
2021-05-01,0.012999734830359655
2021-05-02,-0.005093315218590466
2021-05-03,0.037601923703530105
2021-05-04,-0.03118127434650475
2021-05-05,0.03874210273626222
2021-05-06,-0.006696597804165427
2021-05-07,0.0021684310224305836
2021-05-08,0.037040549727584304
2021-05-09,-0.002392060010352748
2021-05-10,-0.011055086338701448
2021-05-11,0.015926400077936664
2021-05-12,-0.04788443398351894
2021-05-13,-0.0059718567956150714
2021-05-14,0.019489716943472235
2021-05-15,-0.023972823181636405
2021-05-16,-0.0034480891688285498
2021-05-17,-0.014602608452230714
2021-05-18,0.003751497035381801
2021-05-19,-0.043206637387243174
2021-05-20,0.015214730285686207
2021-05-21,-0.01534762898078701
2021-05-22,-0.00783852605358537
2021-05-23,-0.0043712939931602746
2021-05-24,0.012211426571493433
2021-05-25,0.0012386666965895632
2021-05-26,0.003925085763675451
2021-05-27,-0.0031027022887871736
2021-05-28,-0.007199797356201243
2021-05-29,-0.0029295371574026285
2021-05-30,0.0023626771350402365
2021-05-31,0.007037255541655796
2021-06-01,-0.0015623158619320066
2021-06-02,0.0015662907333329201
2021-06-03,0.003296398492965258
2021-06-04,-0.0036490840774789923
2021-06-05,-0.0013489094923695433
2021-06-06,0.0018406941658735132
2021-06-07,-0.00521994447284313
2021-06-08,-0.0034962781757121864
2021-06-09,0.004258485148965319
2021-06-10,-0.005729004763460388
2021-06-11,-0.0037849789471788853
2021-06-12,0.0003146460980483212
2021-06-13,0.0026056835824270763
2021-06-14,0.0013396799742788623
2021-06-15,-0.0015097580893085327
2021-06-16,-0.005234972945398653
2021-06-17,0.0001010951380975289
2021-06-18,-0.0026103914401127692
2021-06-19,-0.0013053211413035504
2021-06-20,0.0014836321787468076
2021-06-21,-0.006729997992778403
2021-06-22,-0.00038643771374846647
2021-06-23,0.0
2021-06-24,0.0
2021-06-25,0.0
2021-06-26,0.0
2021-06-27,0.0
2021-06-28,0.0
2021-06-29,0.0
2021-06-30,0.0
2021-07-01,0.0
2021-07-02,0.0
2021-07-03,0.0
2021-07-04,0.0
2021-07-05,0.0
2021-07-06,0.0
2021-07-07,-0.0016430481603603164
2021-07-08,-0.004698104930661806
2021-07-09,0.0007227518222601148
2021-07-10,-0.000855086197157795
2021-07-11,0.0007016292986365968
2021-07-12,-0.002564947056335365
2021-07-13,-0.0012339560667294913
2021-07-14,0.0
2021-07-15,0.0
2021-07-16,0.0
2021-07-17,0.0
2021-07-18,0.0
2021-07-19,0.0
2021-07-20,0.0
2021-07-21,0.0
2021-07-22,0.0
2021-07-23,0.0
2021-07-24,0.0
2021-07-25,0.0
2021-07-26,-0.003660361629298503
2021-07-27,0.0021484837318463956
2021-07-28,4.23311508235269e-05
2021-07-29,0.0024623078177008484
2021-07-30,0.0023625253802319612
2021-07-31,0.0020686487937153775
2021-08-01,-0.001679257694763181
2021-08-02,0.003871210204374087
2021-08-03,-0.008358465636563284
2021-08-04,0.012407752816073092
2021-08-05,0.008124930125151142
2021-08-06,0.008145999176022212
2021-08-07,0.024560122843199084
2021-08-08,-0.012996427536981159
2021-08-09,0.016489168753698324
2021-08-10,-0.004744535306166364
2021-08-11,0.0011571577711442238
2021-08-12,-0.013653149588065405
2021-08-13,0.037595057083857686
2021-08-14,-0.008800621728713987
2021-08-15,0.0029401701453926066
2021-08-16,-0.018814677591144524
2021-08-17,-0.017874026780591024
2021-08-18,-0.0028488390027647803
2021-08-19,0.02156859349225604
2021-08-20,0.02490789910891711
2021-08-21,-0.008025904949691243
2021-08-22,0.0038458272786985326
2021-08-23,0.008174289237055765
2021-08-24,-0.023356231501151847
2021-08-25,0.0129859091323683
2021-08-26,-0.02429102779401382
2021-08-27,0.029309592835166765
2021-08-28,-0.00340130011271611
2021-08-29,-0.0024811432519762366
2021-08-30,-0.012933053792830718
2021-08-31,0.01691276058143254
2021-09-01,0.032263408380127645
2021-09-02,6.211796495048105e-05
2021-09-03,0.011243718100290234
2021-09-04,-0.0029961046640406552
2021-09-05,0.012040543055997555
2021-09-06,0.0031484016186265062
2021-09-07,-0.052170894655708344
2021-09-08,5.843533640303988e-06
2021-09-09,-0.002390835157397908
2021-09-10,-0.016339925078910245
2021-09-11,0.003884952387396501
2021-09-12,0.009126491890516064
2021-09-13,-0.01120765802334589
2021-09-14,0.014883170713199778
2021-09-15,0.013634827180315279
2021-09-16,-0.003950069484878194
2021-09-17,-0.010537853199573677
2021-09-18,0.0060783934817649765
2021-09-19,-0.009987748758404247
2021-09-20,-0.030347439588998215
2021-09-21,-0.016087723657081776
2021-09-22,0.015112500096153836
2021-09-23,0.0049356514432365994
2021-09-24,-0.012351484018650827
2021-09-25,-0.00032255983069318095
2021-09-26,0.0045361356298365685
2021-09-27,-0.0048443917746864296
2021-09-28,-0.004567252329065519
2021-09-29,0.0003061697802537733
2021-09-30,0.00740208388339858
2021-10-01,0.01560466160700047
2021-10-02,0.0008478636487343483
2021-10-03,0.002491132737508117
2021-10-04,0.003179077427932997
2021-10-05,0.015159249377087125
2021-10-06,0.018138619999742644
2021-10-07,-0.0054517288217129645
2021-10-08,-0.00044768060269884113
2021-10-09,0.004482814998118423
2021-10-10,-0.008409526242368348
2021-10-11,0.017010854173755696
2021-10-12,-0.008033789802742719
2021-10-13,0.010640208328450917
2021-10-14,0.008130532100742105
2021-10-15,0.02018951205111108
2021-10-16,-0.0047177860407823236
2021-10-17,0.0032238442689309643
2021-10-18,-0.0026110701450390295
2021-10-19,0.014410239742006503
2021-10-20,0.016804559483442283
2021-10-21,-0.015542769057960593
2021-10-22,-0.00787570285283501
2021-10-23,0.01021501248411627
2021-10-24,-0.00490672975373585
2021-10-25,0.01248158892692719
2021-10-26,-0.011748005311207343
2021-10-27,-0.01464350052446528
2021-10-28,0.022354397394461767
2021-10-29,0.010565508407958335
2021-10-30,-0.005209137873016134
2021-10-31,-0.0031282012534383785
2021-11-01,0.00024751795645938657
2021-11-02,0.01824440426675622
2021-11-03,-0.0003576624980754506
2021-11-04,-0.007258988409843847
2021-11-05,-0.003768299329141689
2021-11-06,0.003393269462249826
2021-11-07,0.009176664435996074
2021-11-08,0.02028616461189192
2021-11-09,-0.004717892865871431
2021-11-10,-0.010059285499116832
2021-11-11,0.003451840723627031
2021-11-12,-0.004062550870215453
2021-11-13,-0.000152430402323267
2021-11-14,0.002486879418127197
2021-11-15,-0.008014147710926345
2021-11-16,-0.024950982802084076
2021-11-17,0.0041910431895269
2021-11-18,-0.022504889964604757
2021-11-19,0.016501713254689854
2021-11-20,0.009907434833878792
2021-11-21,-0.009712830554906238
2021-11-22,-0.014380546652089099
2021-11-23,0.014925273977158371
2021-11-24,-0.004198191387280503
2021-11-25,0.01640751110663774
2021-11-26,-0.03717464951325222
2021-11-27,0.003499223863661527
2021-11-28,0.0088735868959402
2021-11-29,0.005177955724784411
2021-11-30,0.007151161379175486
2021-12-01,-0.0016069056329028886
2021-12-02,-0.004004876095337506
2021-12-03,-0.02026971555268553
2021-12-04,-0.014057200920957635
2021-12-05,0.002525106588182391
2021-12-06,0.008129954303370823
2021-12-07,-0.00218820657869101
2021-12-08,0.005785774026181301
2021-12-09,-0.02289105708790573
2021-12-10,-0.012680413514352451
2021-12-11,0.009491910784868773
2021-12-12,0.00287237935260376
2021-12-13,-0.020264295555670775
2021-12-14,0.0018430212994264838
2021-12-15,0.00396171457170591
2021-12-16,-0.001502858256690387
2021-12-17,-0.0020413054382257823
2021-12-18,0.0020905017531831493
2021-12-19,-0.0008834809450595227
2021-12-20,0.0005087163498012082
2021-12-21,0.001714285224606149
2021-12-22,-0.0008539500903044228
2021-12-23,0.001688734407959691
2021-12-24,-0.0016892418179584867
2021-12-25,0.0012608162326739336
2021-12-26,-0.0008123803919517503
2021-12-27,-0.0006845975901822454
2021-12-28,-0.006360998052753919
2021-12-29,-0.004256640633038433
2021-12-30,0.00040557183158518306
2021-12-31,-0.00020006580529052798
2022-01-01,0.0005409035271497498
2022-01-02,0.0003797171072490446
2022-01-03,-0.0003774551617850008
2022-01-04,0.00011634221806677836
2022-01-05,-0.0014797105460980786
2022-01-06,-0.001178888349461782
2022-01-07,0.0
2022-01-08,0.0
2022-01-09,0.0
2022-01-10,0.0
2022-01-11,0.0
2022-01-12,0.0
2022-01-13,0.0
2022-01-14,0.0
2022-01-15,0.0
2022-01-16,0.0
2022-01-17,0.0
2022-01-18,0.0
2022-01-19,0.0
2022-01-20,0.0
2022-01-21,0.0
2022-01-22,0.0
2022-01-23,0.0
2022-01-24,0.0
2022-01-25,0.0
2022-01-26,0.0
2022-01-27,0.0
2022-01-28,0.0
2022-01-29,0.0
2022-01-30,0.0
2022-01-31,0.0
2022-02-01,0.0
2022-02-02,0.0
2022-02-03,0.0
2022-02-04,0.0
2022-02-05,0.0
2022-02-06,0.0
2022-02-07,0.0
2022-02-08,0.0
2022-02-09,0.0
2022-02-10,0.0
2022-02-11,0.0
2022-02-12,0.0
2022-02-13,0.0
2022-02-14,0.0
2022-02-15,0.0
2022-02-16,0.0
2022-02-17,0.0
2022-02-18,0.0
2022-02-19,0.0
2022-02-20,0.0
2022-02-21,0.0
2022-02-22,0.0
2022-02-23,0.0
2022-02-24,0.0
2022-02-25,0.0
2022-02-26,0.0
2022-02-27,0.0
2022-02-28,0.0
2022-03-01,0.0
2022-03-02,0.0
2022-03-03,0.0
2022-03-04,0.0
2022-03-05,0.0
2022-03-06,0.0
2022-03-07,0.0
2022-03-08,0.0
2022-03-09,0.0
2022-03-10,0.0
2022-03-11,0.0
2022-03-12,0.0
2022-03-13,0.0
2022-03-14,0.0
2022-03-15,0.0
2022-03-16,0.0
2022-03-17,0.0
2022-03-18,0.0
2022-03-19,0.0
2022-03-20,0.0
2022-03-21,0.0
2022-03-22,-0.0006201422020885028
2022-03-23,-0.00045160658726473013
2022-03-24,0.0016286418309319206
2022-03-25,0.0002979481423082131
2022-03-26,0.0009985815159028189
2022-03-27,0.005738958351674928
2022-03-28,0.0010554552472732404
2022-03-29,0.001983210482659592
2022-03-30,-0.0012400941534066456
2022-03-31,-0.005973479484902011
2022-04-01,0.004567931490093491
2022-04-02,-0.002521099797553661
2022-04-03,0.0061222139401035935
2022-04-04,-0.0010774946136489216
2022-04-05,-0.011272166408163309
2022-04-06,-0.010641475583377469
2022-04-07,0.0020224153012009527
2022-04-08,-0.0032733878410587947
2022-04-09,0.0026747037154888353
2022-04-10,-0.002589203407694085
2022-04-11,-0.007888567730444995
2022-04-12,0.0012109417667156563
2022-04-13,0.0022872040957209183
2022-04-14,-0.002425017982625066
2022-04-15,0.00046901727269510474
2022-04-16,0.0004728344052795652
2022-04-17,-0.0017966277088342641
2022-04-18,-0.0005487958966390316
2022-04-19,0.0
2022-04-20,0.0
2022-04-21,0.0
2022-04-22,0.0
2022-04-23,0.0
2022-04-24,0.0
2022-04-25,0.0
2022-04-26,0.0
2022-04-27,0.0
2022-04-28,0.0
2022-04-29,0.0
2022-04-30,0.0
2022-05-01,0.0
2022-05-02,0.0
2022-05-03,0.0
2022-05-04,0.0
2022-05-05,0.0
2022-05-06,0.0
2022-05-07,0.0
2022-05-08,0.0
2022-05-09,0.0
2022-05-10,0.0
2022-05-11,0.0
2022-05-12,0.0
2022-05-13,0.0
2022-05-14,0.0
2022-05-15,0.0
2022-05-16,0.0
2022-05-17,0.0
2022-05-18,0.0
2022-05-19,0.0
2022-05-20,0.0
2022-05-21,0.0
2022-05-22,0.0
2022-05-23,0.0
2022-05-24,0.0
2022-05-25,0.0
2022-05-26,0.0
2022-05-27,0.0
2022-05-28,0.0
2022-05-29,0.0
2022-05-30,0.0
2022-05-31,0.0
2022-06-01,0.0
2022-06-02,0.0
2022-06-03,0.0
2022-06-04,0.0
2022-06-05,0.0
2022-06-06,0.0
2022-06-07,0.0
2022-06-08,0.0
2022-06-09,0.0
2022-06-10,0.0
2022-06-11,0.0
2022-06-12,0.0
2022-06-13,0.0
2022-06-14,0.0
2022-06-15,0.0
2022-06-16,0.0
2022-06-17,0.0
2022-06-18,0.0
2022-06-19,0.0
2022-06-20,0.0
2022-06-21,0.0
2022-06-22,0.0
2022-06-23,0.0
2022-06-24,0.0
2022-06-25,0.0
2022-06-26,0.0
2022-06-27,0.0
2022-06-28,0.0
2022-06-29,0.0
2022-06-30,0.0
2022-07-01,0.0
2022-07-02,0.0
2022-07-03,0.0
2022-07-04,0.0
2022-07-05,0.0
2022-07-06,0.0
2022-07-07,0.0
2022-07-08,0.0
2022-07-09,0.0
2022-07-10,0.0
2022-07-11,0.0
2022-07-12,0.0
2022-07-13,0.0
2022-07-14,0.0
2022-07-15,0.0
2022-07-16,0.0
2022-07-17,0.0
2022-07-18,0.0
2022-07-19,0.0
2022-07-20,0.0
2022-07-21,0.0
2022-07-22,0.0
2022-07-23,0.0
2022-07-24,0.0
2022-07-25,0.0
2022-07-26,0.0
2022-07-27,0.0
2022-07-28,0.0
2022-07-29,0.0
2022-07-30,0.0
2022-07-31,0.0
2022-08-01,0.0
2022-08-02,0.0
2022-08-03,0.0
2022-08-04,0.0
2022-08-05,0.0
2022-08-06,0.0
2022-08-07,0.0
2022-08-08,0.0
2022-08-09,0.0
2022-08-10,0.0
2022-08-11,0.0
2022-08-12,0.0
2022-08-13,0.0
2022-08-14,0.0
2022-08-15,0.0
2022-08-16,0.0
2022-08-17,0.0
2022-08-18,0.0
2022-08-19,0.0
2022-08-20,0.0
2022-08-21,0.0
2022-08-22,0.0
2022-08-23,0.0
2022-08-24,0.0
2022-08-25,0.0
2022-08-26,0.0
2022-08-27,0.0
2022-08-28,0.0
2022-08-29,0.0
2022-08-30,0.0
2022-08-31,0.0
2022-09-01,0.0
2022-09-02,0.0
2022-09-03,0.0
2022-09-04,0.0
2022-09-05,0.0
2022-09-06,0.0
2022-09-07,0.0
2022-09-08,0.0
2022-09-09,0.0
2022-09-10,0.0
2022-09-11,0.0
2022-09-12,0.00016542865364144177
2022-09-13,-0.004504265891239201
2022-09-14,0.0
2022-09-15,0.0
2022-09-16,0.0
2022-09-17,0.0
2022-09-18,0.0
2022-09-19,0.0
2022-09-20,0.0
2022-09-21,0.0
2022-09-22,0.0
2022-09-23,0.0
2022-09-24,0.0
2022-09-25,0.0
2022-09-26,0.0
2022-09-27,0.0
2022-09-28,0.0
2022-09-29,0.0
2022-09-30,0.0
2022-10-01,0.0
2022-10-02,0.0
2022-10-03,0.0
2022-10-04,0.0
2022-10-05,0.0
2022-10-06,0.0
2022-10-07,0.0
2022-10-08,0.0
2022-10-09,0.0
2022-10-10,0.0
2022-10-11,0.0
2022-10-12,0.0
2022-10-13,0.0
2022-10-14,0.0
2022-10-15,0.0
2022-10-16,0.0
2022-10-17,0.0
2022-10-18,0.0
2022-10-19,0.0
2022-10-20,0.0
2022-10-21,0.0
2022-10-22,0.0
2022-10-23,0.0
2022-10-24,0.0
2022-10-25,0.0
2022-10-26,0.0026245968840197254
2022-10-27,-0.003776246047009768
2022-10-28,0.0010950802121523218
2022-10-29,0.004387055252729644
2022-10-30,-0.001951939931042479
2022-10-31,-0.0011925350317735228
2022-11-01,0.0003894660199834643
2022-11-02,-0.004043759538974179
2022-11-03,-0.0005485768937844027
2022-11-04,0.00788209802518991
2022-11-05,3.319698512571634e-05
2022-11-06,-0.0062788553672682434
2022-11-07,-0.0013105182997429354
2022-11-08,-0.007965587627555948
2022-11-09,-2.1992629077982606e-05
2022-11-10,0.0
2022-11-11,0.0
2022-11-12,0.0
2022-11-13,0.0
2022-11-14,0.0
2022-11-15,0.0
2022-11-16,0.0
2022-11-17,0.0
2022-11-18,0.0
2022-11-19,0.0
2022-11-20,0.0
2022-11-21,0.0
2022-11-22,0.0
2022-11-23,0.0
2022-11-24,0.0
2022-11-25,0.0
2022-11-26,0.0
2022-11-27,0.0
2022-11-28,0.0
2022-11-29,0.0
2022-11-30,0.0
2022-12-01,0.0
2022-12-02,0.0
2022-12-03,0.0
2022-12-04,0.0
2022-12-05,0.0
2022-12-06,0.0
2022-12-07,0.0
2022-12-08,0.0
2022-12-09,0.0
2022-12-10,0.0
2022-12-11,0.0
2022-12-12,0.0
2022-12-13,0.0
2022-12-14,0.0
2022-12-15,0.0
2022-12-16,0.0
2022-12-17,0.0
2022-12-18,0.0
2022-12-19,0.0
2022-12-20,0.0
2022-12-21,0.0
2022-12-22,0.0
2022-12-23,0.0
2022-12-24,0.0
2022-12-25,0.0
2022-12-26,0.0
2022-12-27,0.0
2022-12-28,0.0
2022-12-29,0.0
2022-12-30,0.0
2022-12-31,0.0
2023-01-01,0.0
2023-01-02,0.0
2023-01-03,0.0
2023-01-04,0.0
2023-01-05,0.0
2023-01-06,0.0
2023-01-07,0.0
2023-01-08,0.0
2023-01-09,0.0009577074421693865
2023-01-10,0.0013172984130935816
2023-01-11,0.004644645612556841
2023-01-12,0.011900112396408424
2023-01-13,0.019661574034659512
2023-01-14,0.04165831264186326
2023-01-15,-0.0007502108515318184
2023-01-16,0.008879448824702596
2023-01-17,-0.00272221759523561
2023-01-18,-0.01610922108320867
2023-01-19,0.013587887457467307
2023-01-20,0.045837038850889966
2023-01-21,-0.004601276831455392
2023-01-22,-0.0010784293748140605
2023-01-23,0.0031789498451264553
2023-01-24,-0.018873721388593667
2023-01-25,0.01867521707281461
2023-01-26,-0.0030367399704703812
2023-01-27,0.0003503375933573416
2023-01-28,-0.005991821768183803
2023-01-29,0.030750157912137865
2023-01-30,-0.03717977589538801
2023-01-31,0.010518858321707736
2023-02-01,0.02587800863851175
2023-02-02,-0.004616389112465424
2023-02-03,0.0035274899638439994
2023-02-04,-0.0014791362536041852
2023-02-05,-0.016587306281396597
2023-02-06,-0.006962098533835337
2023-02-07,0.022820749991148137
2023-02-08,-0.010659621389171203
2023-02-09,-0.04574576053620283
2023-02-10,-0.009926039622325078
2023-02-11,0.009830904189969125
2023-02-12,-0.006347638682196344
2023-02-13,-0.0021557938965653944
2023-02-14,0.01679664110730017
2023-02-15,0.06504067731366736
2023-02-16,-0.024834492648380446
2023-02-17,0.030702907108688837
2023-02-18,0.0005673394257186271
2023-02-19,-0.008651219525629972
2023-02-20,0.014843214259961712
2023-02-21,-0.017244998921605914
2023-02-22,-0.008302687883598114
2023-02-23,-0.003088582357487324
2023-02-24,-0.02587153264275721
2023-02-25,-0.0033827242952400027
2023-02-26,0.01829805728656475
2023-02-27,-0.003293967131249298
2023-02-28,-0.015041606646314487
2023-03-01,0.023229618075874425
2023-03-02,-0.008719487889794375
2023-03-03,-0.042527751673906655
2023-03-04,-0.0005404012319727425
2023-03-05,0.0006965187201193324
2023-03-06,-4.782418383819653e-05
2023-03-07,-0.0032839230113167472
2023-03-08,-0.011015074979555006
2023-03-09,-0.029215459541740763
2023-03-10,-0.004396473328468153
2023-03-11,0.002285912468385609
2023-03-12,0.019357980902195315
2023-03-13,0.023591827049466163
2023-03-14,0.009512003044195527
2023-03-15,-0.01098915575473458
2023-03-16,0.01292757752272844
2023-03-17,0.05104050949671457
2023-03-18,-0.009752256630229383
2023-03-19,0.014427914477553427
2023-03-20,-0.009963984556570993
2023-03-21,0.013525989370567704
2023-03-22,-0.017690861475679
2023-03-23,0.021684688671264052
2023-03-24,-0.017122676413094062
2023-03-25,-0.0011385154827161514
2023-03-26,0.010656743999374552
2023-03-27,-0.01851559684041426
2023-03-28,0.01162677487889674
2023-03-29,0.014292162902004302
2023-03-30,-0.002972744214941203
2023-03-31,0.008187069059592433
2023-04-01,-0.0002240929342651743
2023-04-02,-0.006381078545280139
2023-04-03,-0.0013960365056464585
2023-04-04,0.016008157051971894
2023-04-05,0.007467206303731988
2023-04-06,-0.008630158644055252
2023-04-07,-0.0034334302596142896
2023-04-08,-0.0025599024736416842
2023-04-09,0.006544003856073122
2023-04-10,0.025964530447490253
2023-04-11,0.0028764120350237565
2023-04-12,0.0009247633852098591
2023-04-13,0.014805847634485447
2023-04-14,0.010930392819353596
2023-04-15,-0.00289458828038458
2023-04-16,0.0039706497406846175
2023-04-17,-0.015591566347629371
2023-04-18,0.014517448192656213
2023-04-19,-0.04063836004496901
2023-04-20,-0.005181177830175243
2023-04-21,-0.027255349650487704
2023-04-22,0.010902060617102416
2023-04-23,-0.004718472955219877
2023-04-24,-0.0044619942059653805
2023-04-25,0.01341106206486642
2023-04-26,0.001289610024133081
2023-04-27,0.014960416563039702
2023-04-28,-0.0036300767896225716
2023-04-29,0.0013657544404770405
2023-04-30,-0.0046148457802511755
2023-05-01,-0.015093975205254684
2023-05-02,0.01030137775277673
2023-05-03,0.007496308603654578
2023-05-04,-0.005991680425680546
2023-05-05,0.021809670750680965
2023-05-06,-0.021461161764218417
2023-05-07,-0.008547628850364308
2023-05-08,-0.01229088439291881
2023-05-09,-0.0004968291870092179
2023-05-10,-0.0009459904164371702
2023-05-11,-0.011342732284596813
2023-05-12,-0.0010942064493660864
2023-05-13,-0.0016522444536811731
2023-05-14,0.0018212766253542512
2023-05-15,0.004305954309835158
2023-05-16,-0.000245472621813847
2023-05-17,0.0023910024875029023
2023-05-18,-0.006772263747919394
2023-05-19,0.001828412772570065
2023-05-20,0.0024574107122565803
2023-05-21,-0.0042894149843432094
2023-05-22,0.0022187894823866294
2023-05-23,0.00676301519431588
2023-05-24,-0.015653382120670467
2023-05-25,0.0013279424810213047
2023-05-26,0.0039117466663427525
2023-05-27,0.0012691892000660232
2023-05-28,0.02498837741700788
2023-05-29,-0.006573403259345301
2023-05-30,0.00040230093105741993
2023-05-31,-0.01024725571761087
2023-06-01,-0.006551627902740997
2023-06-02,0.010970277656412897
2023-06-03,-0.005033905033769215
2023-06-04,4.4681196752272e-05
2023-06-05,-0.02514657775814033
2023-06-06,0.017782582708534944
2023-06-07,-0.017158403266654076
2023-06-08,0.003084495355312189
2023-06-09,-0.0010961915774390096
2023-06-10,-0.02105010690563902
2023-06-11,0.00030029515911711435
2023-06-12,-0.0015472936903910828
2023-06-13,-3.716306848833284e-05
2023-06-14,-0.005258126092270832
2023-06-15,0.0016343619555032607
2023-06-16,0.003617757012110756
2023-06-17,0.0007544073482443903
2023-06-18,-0.000643170451561037
2023-06-19,0.0017039220850716408
2023-06-20,0.010635668460640346
2023-06-21,0.02067839772477109
2023-06-22,-0.0023717773186684443
2023-06-23,0.008364603106472135
2023-06-24,-0.0033617947582293972
2023-06-25,0.0021854862676247144
2023-06-26,-0.008371942030226731
2023-06-27,0.007570006255936956
2023-06-28,-0.012183736371778608
2023-06-29,0.004017830061767924
2023-06-30,0.011748597120897042
2023-07-01,1.2899560695389667e-05
2023-07-02,0.00245665870057854
2023-07-03,0.009038080692845618
2023-07-04,-0.006729402745986324
2023-07-05,-0.005873281785561901
2023-07-06,-0.017964320612279372
2023-07-07,0.0069566261825850795
2023-07-08,-0.002392054445459646
2023-07-09,-0.0022592627225590522
2023-07-10,0.006162602077832258
2023-07-11,0.001964466138597576
2023-07-12,-0.004612394980691548
2023-07-13,0.035452480176450196
2023-07-14,-0.025358930005337954
2023-07-15,-0.0013627432333832568
2023-07-16,-0.002505901312587877
2023-07-17,-0.0033388301352971217
2023-07-18,-0.006532638112807021
2023-07-19,-0.0007575465743943077
2023-07-20,-0.0027503540849450614
2023-07-21,0.001330209767046675
2023-07-22,-0.0060425193836571855
2023-07-23,0.006853074866943976
2023-07-24,-0.019836958864101195
2023-07-25,0.0012995032584104393
2023-07-26,0.0030376151078095326
2023-07-27,-0.0035798586175631586
2023-07-28,0.0034107631305657637
2023-07-29,0.0014898381675971795
2023-07-30,-0.0050183627069674275
2023-07-31,-0.0018966928437045283
2023-08-01,0.005462766626118443
2023-08-02,-0.014641894229570407
2023-08-03,-0.0002817553292865371
2023-08-04,-0.0018431047212217333
2023-08-05,-0.0003524938372150288
2023-08-06,-3.9790216756707686e-05
2023-08-07,0.0014863722908078358
2023-08-08,0.009735676289001738
2023-08-09,-0.003651787384176597
2023-08-10,-0.0024151647671684096
2023-08-11,-0.0009204808635202566
2023-08-12,0.00010575914328114777
2023-08-13,-0.003208555747629238
2023-08-14,0.00174955930042886
2023-08-15,-0.005346208165561528
2023-08-16,-0.009060046240494501
2023-08-17,-0.01249301870776165
2023-08-18,-0.00011434461987747113
2023-08-19,0.0
2023-08-20,0.0
2023-08-21,0.0
2023-08-22,0.0
2023-08-23,0.0
2023-08-24,0.0
2023-08-25,0.0
2023-08-26,0.0
2023-08-27,0.0
2023-08-28,0.0
2023-08-29,-0.00039289716882828785
2023-08-30,-0.0007820966076440561
2023-08-31,0.0
2023-09-01,0.0
2023-09-02,0.0
2023-09-03,0.0
2023-09-04,0.0
2023-09-05,0.0
2023-09-06,0.0
2023-09-07,0.0
2023-09-08,0.0
2023-09-09,0.0
2023-09-10,0.0
2023-09-11,0.0
2023-09-12,0.0
2023-09-13,0.0
2023-09-14,0.0
2023-09-15,0.0
2023-09-16,0.0
2023-09-17,0.0
2023-09-18,0.0
2023-09-19,0.0
2023-09-20,0.0
2023-09-21,0.0
2023-09-22,0.0
2023-09-23,0.0
2023-09-24,0.0
2023-09-25,0.0
2023-09-26,0.0
2023-09-27,0.0
2023-09-28,0.0
2023-09-29,0.0
2023-09-30,0.0
2023-10-01,0.0
2023-10-02,-0.003991034859320397
2023-10-03,-0.0001692961740260568
2023-10-04,0.0
2023-10-05,0.0
2023-10-06,-0.0002090684827251721
2023-10-07,9.657398526408123e-05
2023-10-08,-0.0006118924532162451
2023-10-09,-0.0018640403893794844
2023-10-10,0.0
2023-10-11,0.0
2023-10-12,0.0
2023-10-13,0.0
2023-10-14,0.0
2023-10-15,0.0
2023-10-16,0.002150714504085105
2023-10-17,-0.0011968584399159043
2023-10-18,-0.001566609379046846
2023-10-19,0.008386611061578009
2023-10-20,0.02026032197743488
2023-10-21,0.0050045641935339
2023-10-22,0.0017096582114199954
2023-10-23,0.06354396781711058
2023-10-24,0.011261083555593965
2023-10-25,0.007089212507873643
2023-10-26,-0.003353277134677368
2023-10-27,-0.006172202538533789
2023-10-28,0.0012135401754709285
2023-10-29,0.007232976042540251
2023-10-30,-0.0008788982189810168
2023-10-31,0.0028270676742383483
2023-11-01,0.01419063033617296
2023-11-02,-0.014156389141729342
2023-11-03,0.0031855260006901087
2023-11-04,0.009494458737411504
2023-11-05,0.00741607589414639
2023-11-06,0.0025052058058054882
2023-11-07,0.0012054331691773168
2023-11-08,0.003019251665266065
2023-11-09,0.06016361758981281
2023-11-10,-0.0008301315352369221
2023-11-11,-0.006102915715537338
2023-11-12,-0.002195970679311543
2023-11-13,-0.005151697451699633
2023-11-14,-0.024814651522759523
2023-11-15,0.04636041769962462
2023-11-16,-0.03496677960245986
2023-11-17,0.0047064329363391
2023-11-18,0.0011102582013586826
2023-11-19,0.019998566228668357
2023-11-20,0.0030975897067981872
2023-11-21,-0.03666417215191975
2023-11-22,0.04343938770696698
2023-11-23,-0.001587336700208164
2023-11-24,0.00844532386095187
2023-11-25,0.0012135577694794009
2023-11-26,-0.007673846294174558
2023-11-27,-0.008590108934189433
2023-11-28,0.010810750706715666
2023-11-29,-0.0034575547077075885
2023-11-30,0.002362689989907185
2023-12-01,0.018493869677598918
2023-12-02,0.020171272207475166
2023-12-03,0.010224616819161758
2023-12-04,0.03026294507429106
2023-12-05,0.025600139614734285
2023-12-06,-0.010684998146720304
2023-12-07,0.011032221874864856
2023-12-08,0.0067516913036693715
2023-12-09,-0.005359077240107868
2023-12-10,0.0017465453158782562
2023-12-11,-0.03498187469338587
2023-12-12,-0.0012044308647811697
2023-12-13,0.01961380011453473
2023-12-14,0.007695939662362594
2023-12-15,-0.019579068661484844
2023-12-16,0.0036929417183100277
2023-12-17,-0.011524847000603633
2023-12-18,0.013567286912246512
2023-12-19,-0.010196785249222184
2023-12-20,0.013810737656577032
2023-12-21,0.004998875831868643
2023-12-22,0.010011062985922026
2023-12-23,-0.003406589550493999
2023-12-24,-0.009971566906209817
2023-12-25,0.0050627397624434245
2023-12-26,-0.014488432253025874
2023-12-27,0.027968275661921282
2023-12-28,-0.011777270203249812
2023-12-29,-0.011954604633612087
2023-12-30,-0.00043903292295643936
2023-12-31,-0.0005276774953284491
2024-01-01,0.0298996433764096
2024-01-02,0.009457836122684249
2024-01-03,-0.031388262404076106
2024-01-04,0.016548473593545943
2024-01-05,-0.0013503112694271957
2024-01-06,-0.003776207159564393
2024-01-07,-0.0030874431207033037
2024-01-08,0.04276714641829549
2024-01-09,-0.004660973049781414
2024-01-10,0.02926129348428086
2024-01-11,0.0012247910667404494
2024-01-12,-0.02981290925136182
2024-01-13,0.006131411246856011
2024-01-14,-0.01725118879918175
2024-01-15,0.008635055700803251
2024-01-16,0.011483182682686666
2024-01-17,-0.007942876911520291
2024-01-18,-0.014527551363351265
2024-01-19,0.004711903119794192
2024-01-20,-0.002300651694549405
2024-01-21,-0.002566889097650793
2024-01-22,-0.02991003624550692
2024-01-23,-0.008308817888975528
2024-01-24,0.0002720454505302783
2024-01-25,-0.002992566211291181
2024-01-26,0.018813534859194236
2024-01-27,0.0016394632371399265
2024-01-28,-0.0016587715163408623
2024-01-29,0.015231743990651525
2024-01-30,-0.00047807092499319026
2024-01-31,-0.014288040372393507
2024-02-01,0.006009824371225214
2024-02-02,0.0015864924393216295
2024-02-03,-0.0030847200003517594
2024-02-04,-0.004114129535304878
2024-02-05,0.0014716534947969429
2024-02-06,0.011124565882775217
2024-02-07,0.016362977187533545
2024-02-08,0.005761802268178462
2024-02-09,0.01947223494807737
2024-02-10,0.004704122800484267
2024-02-11,0.0037235329665328276
2024-02-12,0.0231348235543698
2024-02-13,-0.0029926129882879016
2024-02-14,0.023674179252398453
2024-02-15,0.004676619857155728
2024-02-16,-0.0005289539422733691
2024-02-17,-0.003962020659062926
2024-02-18,0.011066489887289865
2024-02-19,0.0036383449196326634
2024-02-20,0.008648351846572977
2024-02-21,-0.006189691694915012
2024-02-22,-0.0026459329621202343
2024-02-23,-0.007151713471304388
2024-02-24,0.010550777170582837
2024-02-25,0.011259208166147117
2024-02-26,0.019215332242303207
2024-02-27,0.017555712692500336
2024-02-28,0.03302811726330668
2024-02-29,-0.007886201067803689
2024-03-01,0.011042398989024482
2024-03-02,-0.0023428490209377317
2024-03-03,0.008701937910032376
2024-03-04,0.02891859435566757
2024-03-05,-0.02035468265253093
2024-03-06,0.018288180671348186
2024-03-07,0.004337186239065094
2024-03-08,0.004526361620931896
2024-03-09,0.0014600114285863164
2024-03-10,0.0008387673084964131
2024-03-11,0.016949132239646003
2024-03-12,-0.0052430425432394845
2024-03-13,0.0058024362634225835
2024-03-14,-0.009887072534885188
2024-03-15,-0.011261483045905796
2024-03-16,-0.018403194649376897
2024-03-17,0.012112738414318258
2024-03-18,-0.006876499821272364
2024-03-19,-0.027850989954658845
2024-03-20,0.02901897709718715
2024-03-21,-0.005972760794172638
2024-03-22,-0.007991825755825022
2024-03-23,0.00026406057593098
2024-03-24,0.010714925759788052
2024-03-25,0.009612430408655337
2024-03-26,0.000163098061721767
2024-03-27,-0.0033975425591661335
2024-03-28,0.0045019329951814235
2024-03-29,-0.003404730562864944
2024-03-30,-0.0007120079738196505
2024-03-31,0.008046817430259923
2024-04-01,-0.009487160759278357
2024-04-02,-0.018828080003443493
2024-04-03,0.002503272970621584
2024-04-04,0.00650572070669142
2024-04-05,-0.0019256711269647342
2024-04-06,0.0038829801898492278
2024-04-07,0.005365780225537575
2024-04-08,0.015161426253156973
2024-04-09,-0.013267476232041164
2024-04-10,0.0049979829822077715
2024-04-11,-0.0031958585636854275
2024-04-12,-0.01755957489379345
2024-04-13,-0.017100527501632712
2024-04-14,0.010446865397214733
2024-04-15,-0.007457327046403117
2024-04-16,0.00010789184420856301
2024-04-17,-0.00984135265625874
2024-04-18,0.00702677444191524
2024-04-19,0.0008760180841631549
2024-04-20,0.005920918355160287
2024-04-21,-0.00018678986255205032
2024-04-22,0.007209698594362823
2024-04-23,-0.0008391572136001724
2024-04-24,-0.008547509522994767
2024-04-25,0.0010164023204735084
2024-04-26,-0.0028952902405314784
2024-04-27,0.0017821892455813781
2024-04-28,-0.0007263994878473623
2024-04-29,0.00019138916520877736
2024-04-30,-0.02000966201822718
2024-05-01,-0.009402828635522553
2024-05-02,0.0012379897371768145
2024-05-03,0.007657244372021088
2024-05-04,0.001625616659602036
2024-05-05,0.0006813450771800955
2024-05-06,-0.003519971020307322
2024-05-07,-0.0031928971388298644
2024-05-08,-0.0032937466796952863
2024-05-09,0.005746800150520537
2024-05-10,-0.008505268931134013
2024-05-11,8.485711733352552e-05
2024-05-12,0.0010039703596853577
2024-05-13,0.002387440305972044
2024-05-14,-0.005265460149922574
2024-05-15,0.01690041474152637
2024-05-16,-0.005789385072526576
2024-05-17,0.00934483455841506
2024-05-18,0.0002654870278790966
2024-05-19,-0.0032958836818369752
2024-05-20,0.033585571254200364
2024-05-21,-0.00011882730317946955
2024-05-22,-0.00567929263107203
2024-05-23,-0.002106015686703211
2024-05-24,0.0008290510535622353
2024-05-25,0.004226955132336618
2024-05-26,0.0008107952385747463
2024-05-27,0.007804144105288957
2024-05-28,-0.007225265231470157
2024-05-29,-0.007520870658605183
2024-05-30,0.0020123185800040577
2024-05-31,-0.0027884141590641676
2024-06-01,0.003971315404138753
2024-06-02,-0.0019331001016161808
2024-06-03,0.0038447643634849094
2024-06-04,0.009979913837751875
2024-06-05,0.0055259905375217855
2024-06-06,-0.0041889187891647195
2024-06-07,-0.013643235576964452
2024-06-08,-0.00011382536407467114
2024-06-09,0.002523133454657156
2024-06-10,-0.0017185112399145108
2024-06-11,-0.015057275078003918
2024-06-12,0.005541918959998782
2024-06-13,-0.011056207072986268
2024-06-14,-0.005753758257477037
2024-06-15,0.005103465811687968
2024-06-16,0.00396474957622428
2024-06-17,-0.006549615026329669
2024-06-18,-0.005596165080887006
2024-06-19,0.004261984836648969
2024-06-20,-0.00312077640375219
2024-06-21,-0.0011226727499504818
2024-06-22,-0.0011650114646221121
2024-06-23,-0.0067341371333641264
2024-06-24,-0.008464685394251048
2024-06-25,0.002589731966158304
2024-06-26,-0.001815763649392621
2024-06-27,0.004007846084214561
2024-06-28,-0.004581068703004898
2024-06-29,-0.00019331179690929012
2024-06-30,0.003772167349027633
2024-07-01,0.0002848348015649371
2024-07-02,-0.0015400459764391972
2024-07-03,-0.006101494222939818
2024-07-04,-0.004857413727634929
2024-07-05,-4.1051216275178604e-05
2024-07-06,0.0
2024-07-07,0.0
2024-07-08,0.0
2024-07-09,0.0
2024-07-10,0.0
2024-07-11,0.0
2024-07-12,0.0
2024-07-13,0.0
2024-07-14,0.0
2024-07-15,0.005157410856109879
2024-07-16,-0.005422429592691458
2024-07-17,-0.008078647882971413
2024-07-18,-0.002414502284163289
2024-07-19,0.00722843210807711
2024-07-20,0.003409455874905154
2024-07-21,0.008005923634243128
2024-07-22,-0.013774290695074187
2024-07-23,-0.005687407742562489
2024-07-24,-0.01938225032885066
2024-07-25,-0.008218419150851308
2024-07-26,0.014136348434787616
2024-07-27,-0.0006197693892596723
2024-07-28,0.002803391222160778
2024-07-29,-0.010912740816636735
2024-07-30,-0.004590192059432674
2024-07-31,-0.011233626777911399
2024-08-01,-0.0040574603156485756
2024-08-02,-0.012923611334790364
2024-08-03,-0.0012786270391973442
2024-08-04,0.0
2024-08-05,0.0
2024-08-06,0.0
2024-08-07,0.0
2024-08-08,0.0
2024-08-09,0.0
2024-08-10,0.0
2024-08-11,0.0
2024-08-12,0.0
2024-08-13,0.0
2024-08-14,0.0
2024-08-15,0.0
2024-08-16,0.0
2024-08-17,0.0
2024-08-18,0.0
2024-08-19,0.0
2024-08-20,0.0
2024-08-21,0.0
2024-08-22,0.0
2024-08-23,0.0
2024-08-24,0.00011295713756220849
2024-08-25,0.00012765142936710383
2024-08-26,-0.0035199353035548775
2024-08-27,-7.791798941170214e-05
2024-08-28,0.0
2024-08-29,0.0
2024-08-30,0.0
2024-08-31,0.0
2024-09-01,0.0
2024-09-02,0.0
2024-09-03,0.0
2024-09-04,0.0
2024-09-05,0.0
2024-09-06,0.0
2024-09-07,0.0
2024-09-08,0.0
2024-09-09,0.0
2024-09-10,0.0
2024-09-11,0.0
2024-09-12,0.0
2024-09-13,0.0
2024-09-14,0.0
2024-09-15,0.0
2024-09-16,0.0
2024-09-17,0.0
2024-09-18,0.0
2024-09-19,3.845237638344656e-05
2024-09-20,-2.8910474890730953e-06
2024-09-21,0.00026957075655031915
2024-09-22,0.0010061045780764832
2024-09-23,-0.0007523410737048097
2024-09-24,0.0029095585499394616
2024-09-25,-0.005377081666901762
2024-09-26,0.009355630395759151
2024-09-27,0.003918842862614014
2024-09-28,0.0005767286053182108
2024-09-29,-0.0018065451003004274
2024-09-30,-0.015981456971388308
2024-10-01,-0.012693656507068662
2024-10-02,-0.0019050854185957977
2024-10-03,-0.0011488833945731969
2024-10-04,0.0015280533887851444
2024-10-05,-5.337120551973662e-05
2024-10-06,0.0014523652001010579
2024-10-07,-0.009616130737427397
2024-10-08,-0.00048351687196945825
2024-10-09,-0.002892444607325184
2024-10-10,-0.003615175069097476
2024-10-11,0.0015995181714798523
2024-10-12,0.0014164885681609007
2024-10-13,-0.0017868409709401734
2024-10-14,0.01947079139357455
2024-10-15,0.00726896447689418
2024-10-16,0.003978463048627923
2024-10-17,-0.0014390341029397735
2024-10-18,0.007315096592548365
2024-10-19,-0.0003608542141519955
2024-10-20,0.004721604761242393
2024-10-21,-0.0137157272252878
2024-10-22,0.00035335595274399445
2024-10-23,-0.0055158680653001335
2024-10-24,0.011202263261872902
2024-10-25,-0.010863208907399446
2024-10-26,0.0028879849976548577
2024-10-27,0.006996768105421269
2024-10-28,0.01619920904252159
2024-10-29,0.022891906687461994
2024-10-30,-0.00270054159299582
2024-10-31,-0.0191397739985113
2024-11-01,-0.006535061666907871
2024-11-02,-0.0010021609023244116
2024-11-03,-0.005680308742489815
2024-11-04,-0.007515914418886549
2024-11-05,0.011083382671579267
2024-11-06,0.04780729547207607
2024-11-07,0.005496856800014438
2024-11-08,0.007492406093806858
2024-11-09,0.015063490681707314
2024-11-10,0.02959042331654338
2024-11-11,0.07081496086510253
2024-11-12,-0.015637924584759988
2024-11-13,0.009535494065022299
2024-11-14,-0.026362781228155385
2024-11-15,0.020970664090793845
2024-11-16,0.0019000107879989514
2024-11-17,-0.008786119399190273
2024-11-18,0.015345626512699884
2024-11-19,-0.0006206096243851489
2024-11-20,0.005835307157566083
2024-11-21,0.04532441312321178
2024-11-22,0.00010018843754844298
2024-11-23,0.00037679727193307144
2024-11-24,-0.0018705379753518603
2024-11-25,-0.017248598686086414
2024-11-26,-0.01286457330866364
2024-11-27,0.04804229155921491
2024-11-28,-0.007456354640167695
2024-11-29,0.00926204549564913
2024-11-30,0.00504506872737287
2024-12-01,0.0037577745822103825
2024-12-02,-0.011411276120262825
2024-12-03,-0.002480380689647066
2024-12-04,0.03165370496446096
2024-12-05,-0.011511729665142578
2024-12-06,0.030465664990553476
2024-12-07,0.00016417521356593134
2024-12-08,0.006049025279422748
2024-12-09,-0.04022150739196484
2024-12-10,-0.011344753795409113
2024-12-11,0.0353750760039826
2024-12-12,-2.3912921466973103e-05
2024-12-13,0.007458487357393961
2024-12-14,-0.0030649384078540454
2024-12-15,0.019449233409299937
2024-12-16,0.008890466860592028
2024-12-17,-0.007282611374089032
2024-12-18,-0.046566285868548385
2024-12-19,-0.02595460665536342
2024-12-20,0.003812681056731826
2024-12-21,-0.008209668108869583
2024-12-22,-0.008697411526088827
2024-12-23,0.0064807376805253725
2024-12-24,0.014008532863612588
2024-12-25,0.0028003506526426136
2024-12-26,-0.01988196013283261
2024-12-27,-0.00501020650731232
2024-12-28,0.006425665225899602
2024-12-29,-0.006726263291718326
2024-12-30,-0.0023216050843875013
2024-12-31,0.0009025841951499913
2025-01-01,0.003976816633389113
2025-01-02,0.011641060859574948
2025-01-03,0.015831781890585317
2025-01-04,0.004347581256445077
2025-01-05,-0.0012360591082122285
2025-01-06,0.02294396728677439
2025-01-07,-0.04980444468666845
2025-01-08,-0.011307872803023478
2025-01-09,-0.017871232143755744
2025-01-10,0.012289920031447465
2025-01-11,-0.0002999212073017121
2025-01-12,-0.0010395349645736518
2025-01-13,-0.009624707866299764
2025-01-14,0.009240082494399449
2025-01-15,0.027540750852161233
2025-01-16,-0.009107970366291518
2025-01-17,0.02466253014396491
2025-01-18,-0.006188212312349006
2025-01-19,-0.02543021081360508
2025-01-20,0.004851290864340996
2025-01-21,0.012219773658970867
2025-01-22,-0.010939557226283925
2025-01-23,0.0039403232896289
2025-01-24,0.0019961236194492304
2025-01-25,-0.0006825798088900825
2025-01-26,-0.010981070135481774
2025-01-27,-0.005083877910609824
2025-01-28,-0.005064267548367196
2025-01-29,0.009742289575349838
2025-01-30,0.006059431900144352
2025-01-31,-0.008378409135902931
2025-02-01,-0.010811928760704914
2025-02-02,-0.012956760952736013
2025-02-03,0.009721863973273459
2025-02-04,-0.01135050444614305
2025-02-05,-0.0028721575852814762
2025-02-06,-0.00014154762184148684
2025-02-07,-0.0007815570065857758
2025-02-08,-0.0001917052993245516
2025-02-09,5.5644125875664585e-05
2025-02-10,0.002990805757826953
2025-02-11,-0.005090465502738506
2025-02-12,0.0038834278412116507
2025-02-13,-0.004609431661087071
2025-02-14,0.0020702121899458525
2025-02-15,0.00017435475697125113
2025-02-16,-0.002918919443331225
2025-02-17,-0.0005282442626642903
2025-02-18,-0.00016922379311867797
2025-02-19,0.001520598517652516
2025-02-20,0.003058552817056137
2025-02-21,-0.00697635337776914
2025-02-22,0.0005952249892502426
2025-02-23,-0.0004723277904905565
2025-02-24,-0.007588168019885599
2025-02-25,-0.006346607613217925
2025-02-26,-0.002281482563536663
2025-02-27,0.00023664910871712408
2025-02-28,-0.002484547063456799
2025-03-01,0.0
2025-03-02,5.2169915336630623e-05
2025-03-03,-0.005111164250184985
2025-03-04,0.0006774061235179651
2025-03-05,0.002120084401834532
2025-03-06,-0.000429047782681824
2025-03-07,-0.001993051795286638
2025-03-08,-0.0003695938929318965
2025-03-09,-0.002513897080585026
2025-03-10,0.0
2025-03-11,0.0
2025-03-12,0.0
2025-03-13,0.0
2025-03-14,0.0
2025-03-15,0.0
2025-03-16,0.0
2025-03-17,0.0
2025-03-18,0.0
2025-03-19,0.0
2025-03-20,0.0
2025-03-21,0.0
2025-03-22,0.0
2025-03-23,0.0
2025-03-24,0.0
2025-03-25,0.0
2025-03-26,0.0
2025-03-27,0.0
2025-03-28,0.0
2025-03-29,0.0
2025-03-30,0.0
2025-03-31,0.0
2025-04-01,0.0
2025-04-02,0.0
2025-04-03,0.0
2025-04-04,0.0
2025-04-05,0.0
2025-04-06,0.0
2025-04-07,0.0
2025-04-08,0.0
2025-04-09,0.0
2025-04-10,0.0
2025-04-11,0.0
2025-04-12,0.0
2025-04-13,0.0
2025-04-14,0.0
2025-04-15,0.0
2025-04-16,0.0
2025-04-17,0.0
2025-04-18,0.0
2025-04-19,0.0
2025-04-20,0.0
2025-04-21,0.0
2025-04-22,0.005489924750270214
2025-04-23,0.0005530178977120048
2025-04-24,-0.0006236158253687396
2025-04-25,0.0021686410939001366
2025-04-26,-9.825956306652728e-05
2025-04-27,-0.0037096224049482096
2025-04-28,0.0058430463995942095
2025-04-29,-0.0034727195493921004
2025-04-30,-0.00039183221203453744
2025-05-01,0.010711952565095384
2025-05-02,0.001816296350687585
2025-05-03,-0.004704324607039179
2025-05-04,-0.008920805300116408
2025-05-05,0.002525778768912801
2025-05-06,0.011602922194634546
2025-05-07,0.0010729662237412008
2025-05-08,0.033991215039923084
2025-05-09,-0.0015279131638562538
2025-05-10,0.009709256900366947
2025-05-11,-0.006021428669861439
2025-05-12,-0.0076326455950362915
2025-05-13,0.013261670795749803
2025-05-14,-0.005480943499085678
2025-05-15,-0.00072414361535178
2025-05-16,-0.001972368288853499
2025-05-17,-0.003890887002713228
2025-05-18,0.018409889503558707
2025-05-19,-0.003563818153681786
2025-05-20,0.006532019822616197
2025-05-21,0.0153925178954053
2025-05-22,0.013786898088578692
2025-05-23,-0.0244726427380626
2025-05-24,0.0022051745545736967
2025-05-25,0.006490620865894581
2025-05-26,0.0024090161496006512
2025-05-27,0.0009001351432613713
2025-05-28,-0.0042186038275827675
2025-05-29,-0.016323124782793963
2025-05-30,-0.01381485243296765
2025-05-31,0.00301614379792281
2025-06-01,0.00614275168288092
2025-06-02,0.0046886735022877435
2025-06-03,-0.0030061230984326226
2025-06-04,-0.0027180395518151546
2025-06-05,-0.02712310589820377
2025-06-06,0.01827130570277591
2025-06-07,0.009284590839952367
2025-06-08,0.00012541461231285744
2025-06-09,0.032765371735809845
2025-06-10,0.014913266080716303
2025-06-11,-0.01386956253915661
2025-06-12,-0.030884952290602063
2025-06-13,-0.003763186268493701
2025-06-14,-0.006415825247603979
2025-06-15,0.0020979688310533984
2025-06-16,0.005684698115500764
2025-06-17,-0.01672316745794422
2025-06-18,0.0015181401428234764
2025-06-19,-0.0013917270597959552
2025-06-20,-0.01653333169137905
2025-06-21,-0.010069093849463862
2025-06-22,-0.006506627836913803
2025-06-23,0.0231597116617408
2025-06-24,0.003976300183744064
2025-06-25,0.0049746563620607365
2025-06-26,-0.0021883705003903353
2025-06-27,0.0006592134075327216
2025-06-28,0.0013521950625219326
2025-06-29,0.007427000785785065
2025-06-30,-0.007353492026890618
2025-07-01,-0.010108443746201679
2025-07-02,0.021989868781829403
2025-07-03,0.006069585895065455
2025-07-04,-0.01687485878500994
2025-07-05,0.000903385953059832
2025-07-06,0.011597350576353804
2025-07-07,-0.008665140810365846
2025-07-08,0.011339970806766297
2025-07-09,0.03226276483892687
2025-07-10,0.04987706805627079
2025-07-11,0.009575601650139154
2025-07-12,-0.002219655900255857
2025-07-13,0.007971577068628166
2025-07-14,0.005046763535674348
2025-07-15,0.0009608249805435065
2025-07-16,0.017070635651178057
2025-07-17,0.007998703179661781
2025-07-18,0.0009407429349570506
2025-07-19,0.0023201508333270393
2025-07-20,0.00827566516368572
2025-07-21,0.0006975774231878784
2025-07-22,0.006963226919783239
2025-07-23,-0.010764413110948334
2025-07-24,0.0034975928024520986
2025-07-25,-0.001150357374598343
2025-07-26,0.0019234891029740186
2025-07-27,0.012543416284075626
2025-07-28,-0.008492171011309835
2025-07-29,-0.0006568529271686607
2025-07-30,0.000638840816623798
2025-07-31,-0.01330338323615099
2025-08-01,-0.020267099535001165
2025-08-02,-0.008188736508321304
2025-08-03,0.01189814459029348
2025-08-04,0.01702933784059768
2025-08-05,-0.009982494427808741
2025-08-06,0.007529215114939536
2025-08-07,0.02283189541363595
2025-08-08,0.002606209002656401
2025-08-09,0.01413744503493386
2025-08-10,0.010824279468299336
2025-08-11,-0.004019310572267232
2025-08-12,0.02647339220058309
2025-08-13,0.018121984606484176
2025-08-14,-0.026023541525988292
2025-08-15,-0.008259959434591346
2025-08-16,-0.0006785628954872891
2025-08-17,0.002429644435309797
2025-08-18,-0.012141180692702536
2025-08-19,-0.02148608768416338
2025-08-20,0.016921095697198574
2025-08-21,-0.010716960818752397
2025-08-22,0.042371492840555636
2025-08-23,-0.0059309710985196995
2025-08-24,-0.004075210763278103
2025-08-25,-0.022246366268793727
2025-08-26,0.009709300271261823
2025-08-27,-0.005494859161370935
2025-08-28,0.001274308215860609
2025-08-29,-0.01169000047050417
2025-08-30,0.0010264186005086717
2025-08-31,-9.294678945448442e-05
2025-09-01,-0.002534815976519944
2025-09-02,0.0031183723355991955
2025-09-03,0.006039413988515152
2025-09-04,-0.008371136275760693
2025-09-05,-0.001957961530374086
2025-09-06,-0.0021320412626214535
2025-09-07,0.0025704617578572453
2025-09-08,0.0008362894738915827
2025-09-09,-0.001465908047452058
2025-09-10,0.006356430124119017
2025-09-11,0.008709496628819702
2025-09-12,0.013469068361527503
2025-09-13,-0.0023909704148911137
2025-09-14,-0.005092240056117192
2025-09-15,-0.005055942496430932
2025-09-16,0.004287442371428973
2025-09-17,0.0038472208456055146
2025-09-18,0.0019676884419761453
2025-09-19,-0.013044625188327275
2025-09-20,0.0009218474781880204
2025-09-21,-0.004036931292779378
2025-09-22,-0.024681310660119915
2025-09-23,-0.0034510505528616564
2025-09-24,0.0008845844955167603
2025-09-25,-0.026981016652812717
2025-09-26,0.01037014929466884
2025-09-27,-0.0008551719862186502
2025-09-28,0.009931456748039968
2025-09-29,0.008055505103160554
2025-09-30,-0.006523192302094749
2025-10-01,0.02823988054725257
2025-10-02,0.014676092531273
2025-10-03,0.007432874614641927
2025-10-04,-0.0005556100175353462
2025-10-05,0.006063605985405118
2025-10-06,0.011466865725707542
2025-10-07,-0.021285917712930202
2025-10-08,0.011045463275817236
2025-10-09,-0.014227708296303154
2025-10-10,-0.050879909281191016
2025-10-11,-0.003952715973088106
2025-10-12,0.011585844168184645
2025-10-13,0.004335356630933207
2025-10-14,-0.013856083945293252
2025-10-15,-0.007631027610785046
2025-10-16,-0.003693896920497708
2025-10-17,-0.0031652063984221046
2025-10-18,0.0011833257870139668
2025-10-19,0.0019145825987638698
2025-10-20,-6.876624785945307e-05
2025-10-21,-0.0021730400672933525
2025-10-22,-0.0013849787708429817
2025-10-23,0.001053115260008175
2025-10-24,0.0016021208472605242
2025-10-25,0.00046029804024794174
2025-10-26,0.006532503799897116
2025-10-27,-0.006949408942599322
2025-10-28,-0.00963075002136382
2025-10-29,-0.005150328284137751
2025-10-30,-0.004557747485421704
2025-10-31,0.0006447040965469331
2025-11-01,0.0008242305745285172
2025-11-02,0.0010281470134572146
2025-11-03,-0.007143681043317418
2025-11-04,-0.002305933173643915
2025-11-05,-2.3982689430379622e-05
2025-11-06,0.0
2025-11-07,0.0
2025-11-08,0.0
2025-11-09,0.0
2025-11-10,0.0
2025-11-11,0.0
2025-11-12,0.0
2025-11-13,0.0
2025-11-14,0.0
2025-11-15,0.0
2025-11-16,0.0
2025-11-17,0.0
2025-11-18,0.0
2025-11-19,0.0
2025-11-20,0.0
2025-11-21,0.0
2025-11-22,0.0
2025-11-23,0.0
2025-11-24,0.0
2025-11-25,0.0
2025-11-26,0.0
2025-11-27,0.0
2025-11-28,0.0
2025-11-29,0.0
2025-11-30,0.0
2025-12-01,0.0
2025-12-02,0.0
2025-12-03,0.0
2025-12-04,0.0
2025-12-05,0.0
2025-12-06,0.0
2025-12-07,0.0
2025-12-08,0.0
2025-12-09,0.0
2025-12-10,0.0
2025-12-11,0.0
2025-12-12,0.0
2025-12-13,0.0
2025-12-14,0.0
2025-12-15,0.0
2025-12-16,0.0
2025-12-17,0.0
2025-12-18,0.0
2025-12-19,0.0
2025-12-20,0.0
2025-12-21,0.0
2025-12-22,0.0
2025-12-23,0.0
2025-12-24,0.0
2025-12-25,0.0
2025-12-26,0.0
2025-12-27,0.0
2025-12-28,0.0
2025-12-29,0.0
2025-12-30,0.0
2025-12-31,0.0
2026-01-01,0.0
2026-01-02,0.0
2026-01-03,0.0
2026-01-04,0.0
2026-01-05,0.0
2026-01-06,0.0
2026-01-07,0.0
2026-01-08,0.0
2026-01-09,0.0
2026-01-10,0.0
2026-01-11,0.0
2026-01-12,0.0
2026-01-13,0.0
2026-01-14,0.0
2026-01-15,-0.0018139417240927713
2026-01-16,0.0
2026-01-17,-0.00022602458679654713
2026-01-18,-0.0007285746451999309
2026-01-19,-6.156213699959334e-05
2026-01-20,0.0
2026-01-21,0.0
2026-01-22,0.0
2026-01-23,0.0
2026-01-24,0.0
2026-01-25,0.0
2026-01-26,0.0
2026-01-27,0.0
2026-01-28,0.0
2026-01-29,0.0
2026-01-30,0.0
2026-01-31,0.0
2026-02-01,0.0
2026-02-02,0.0
2026-02-03,0.0
2026-02-04,0.0
2026-02-05,0.0
2026-02-06,0.0
2026-02-07,0.0
2026-02-08,0.0
2026-02-09,0.0
2026-02-10,0.0
2026-02-11,0.0
2026-02-12,0.0
2026-02-13,0.0
2026-02-14,0.0
2026-02-15,0.0
2026-02-16,0.0
2026-02-17,0.0
2026-02-18,0.0
2026-02-19,0.0
2026-02-20,0.0
2026-02-21,0.0
2026-02-22,0.0
2026-02-23,0.0
2026-02-24,0.0
2026-02-25,0.0
2026-02-26,0.0
2026-02-27,0.0
2026-02-28,0.0
2026-03-01,0.0
2026-03-02,0.0
2026-03-03,0.0
2026-03-04,0.0
2026-03-05,0.0
2026-03-06,0.0
2026-03-07,0.0
2026-03-08,0.0
2026-03-09,0.0
2026-03-10,0.0
2026-03-11,0.0
2026-03-12,0.0
2026-03-13,0.0
2026-03-14,0.0
2026-03-15,0.0
2026-03-16,0.0
2026-03-17,0.0
2026-03-18,0.0
2026-03-19,0.0
2026-03-20,0.0
2026-03-21,0.0
2026-03-22,0.0
2026-03-23,0.0
2026-03-24,0.0
2026-03-25,0.0
2026-03-26,0.0
2026-03-27,0.0
2026-03-28,0.0
2026-03-29,0.0
2026-03-30,0.0
2026-03-31,0.0
2026-04-01,0.0
2026-04-02,0.0
2026-04-03,0.0
2026-04-04,0.0
2026-04-05,0.0
2026-04-06,0.0
2026-04-07,0.0
2026-04-08,0.0
2026-04-09,0.0
2026-04-10,0.0
2026-04-11,0.0
2026-04-12,0.0
2026-04-13,0.0
2026-04-14,-0.000826129223868266
2026-04-15,0.00021300083231112765
2026-04-16,-0.0015077378980757894
2026-04-17,0.0014407818348189938
2026-04-18,-0.0030745373896478023
2026-04-19,-0.0032978238792361614
2026-04-20,0.0006164580107619333
2026-04-21,0.0008697631999317057
2026-04-22,0.00316836013568933
2026-04-23,-0.0010360623089967769
2026-04-24,-0.0012638829492039871
2026-04-25,0.00031577446149788635
2026-04-26,0.0023794587800187728
2026-04-27,-0.0030480312044699476
2026-04-28,-0.001461706298957366
2026-04-29,-0.0015384860106388842
2026-04-30,0.0007242808035414772
2026-05-01,0.0025010876166879914
2026-05-02,0.0013093923664422302
2026-05-03,-0.0009310590873784497
2026-05-04,0.004180457272784599
2026-05-05,0.0032062836442978693
2026-05-06,0.0012248165319330706
2026-05-07,-0.005445588193701778
2026-05-08,0.0009215573360046303
2026-05-09,0.001822898349719937
2026-05-10,0.0062375941004841895
2026-05-11,-0.002350193245372445
2026-05-12,-0.0058134297146800185
2026-05-13,-0.0044370222789357205
2026-05-14,0.006655048630067828
2026-05-15,-0.008151880056251004
2026-05-16,-0.004405312076519063
2026-05-17,-0.0036390069746002895
2026-05-18,-0.0019289704562259757
2026-05-19,-0.00021818708190679548
2026-05-20,0.0010354590244916473
2026-05-21,0.0001509676236217672
2026-05-22,-0.003258812710515313
2026-05-23,0.0010853319200261335
2026-05-24,-0.0003844039184422998
2026-05-25,0.0003785852131334977
2026-05-26,-0.002482901237052637
2026-05-27,-0.0009514469285535343
2026-05-28,-0.0005349850657775379
2026-05-29,-0.00010085849903196387
2026-05-30,0.0002726215125945508
2026-05-31,-0.0001351090384890119
2026-06-01,-0.0008152296140531146
2026-06-02,0.0
2026-06-03,0.0
2026-06-04,0.0
2026-06-05,0.0
2026-06-06,0.0
2026-06-07,0.0
2026-06-08,0.0
2026-06-09,0.0
2026-06-10,0.0
2026-06-11,0.0
2026-06-12,0.0
2026-06-13,0.0
2026-06-14,0.0
2026-06-15,0.0
2026-06-16,0.0
2026-06-17,0.0
2026-06-18,0.0
2026-06-19,0.0
2026-06-20,0.0
2026-06-21,0.0
2026-06-22,0.0
2026-06-23,0.0
2026-06-24,0.0
2026-06-25,0.0
2026-06-26,0.0
2026-06-27,0.0
2026-06-28,0.0
2026-06-29,0.0
2026-06-30,0.0
2026-07-01,0.0
2026-07-02,0.0
2026-07-03,0.0
2026-07-04,0.0
2026-07-05,0.0
2026-07-06,0.0
2026-07-07,0.0
2026-07-08,0.0
2026-07-09,0.0
2026-07-10,0.0
2026-07-11,0.0
2026-07-12,0.0
2026-07-13,0.0
2026-07-14,0.0
2026-07-15,0.0
2026-07-16,0.0
2026-07-17,0.0
2026-07-18,0.0
2026-07-19,0.0
2026-07-20,0.0
2026-07-21,0.0
2026-07-22,0.0
2026-07-23,0.0
2026-07-24,0.0
2026-07-25,0.0
2026-07-26,0.0
2026-07-27,-0.0003171660127827547
2026-07-28,0.0
2026-07-29,0.0
2026-07-30,0.0
2026-07-31,0.0
2026-08-01,0.0
2026-08-02,0.0
2026-08-03,0.0
2026-08-04,0.0
2026-08-05,0.0
2026-08-06,0.0
2026-08-07,-0.0003185999852146626
2026-08-08,2.6840370991765283e-05
2026-08-09,-0.0002530944724344897
2026-08-10,-0.0016138836488489572
2026-08-11,0.0
2026-08-12,-0.0014212114536394926
2026-08-13,-0.0007596083777424711
2026-08-14,0.0
2026-08-15,-0.00015011821260479952
2026-08-16,-0.0002669533429557891
2026-08-17,0.0015120671596868807
2026-08-18,0.0001706538064909502
2026-08-19,0.03162233079129839
2026-08-20,0.03114536915019328
2026-08-21,0.0522371828156849
2026-08-22,-0.01751384490315544
2026-08-23,0.008050966157332029
2026-08-24,0.007765275041233588
2026-08-25,-0.006967275214521118
2026-08-26,0.010615811736069958
2026-08-27,0.006453361100896782
2026-08-28,-0.020146592071789593
2026-08-29,0.004139334084510171
2026-08-30,-0.0082666512505154
2026-08-31,0.01158692618879864
2026-09-01,-0.013719672401895977
2026-09-02,-0.004315544367634705
2026-09-03,0.04239609632482755
2026-09-04,-0.01641426638059784
2026-09-05,0.004117678019130544
2026-09-06,0.007260571277275307
2026-09-07,-0.010658674940586699
2026-09-08,-0.004581944149976702
2026-09-09,-0.004274457465808568
2026-09-10,-0.014465106722538645
2026-09-11,0.015658866888691003
2026-09-12,0.001720843088540036
2026-09-13,-0.00976511019123294
2026-09-14,0.012208178673388526
2026-09-15,-0.03339805379892491
2026-09-16,0.006693600067477101
2026-09-17,0.0057843251789202466
2026-09-18,0.05346368741628016
2026-09-19,0.005174546947027903
2026-09-20,0.0013636685374989188
2026-09-21,0.0514171303723463
2026-09-22,-0.007017961515194626
2026-09-23,-0.015987554421607597
2026-09-24,0.0010066190431061717
2026-09-25,-0.0013670222666465337
2026-09-26,0.002724090870828366
2026-09-27,-0.0009424828835116195
2026-09-28,-0.006491249418658085
2026-09-29,-0.0004815109757250191
2026-09-30,0.0009154985695178919
2026-10-01,0.011463440751219967
2026-10-02,-0.007923837624315144
2026-10-03,0.00431877221377297
2026-10-04,0.018097284197401642
2026-10-05,-0.008090596327563926
