asset_vol,target_vol,cagr,sharpe,maxdd,calmar,cagr_1822,sharpe_1822,dd_1822,cagr_2023,sharpe_2023,dd_2023,cagr_2022,sharpe_2022,avg_exposure
0.3,0.2,0.1880907804584977,1.353005344989079,-0.13425926822331613,1.4009519264297086,0.21162122164163466,1.4758006584078716,-0.13425926822331613,0.15850049776484498,1.1887992466682706,-0.12764424770372196,0.11519771829905112,0.9922023283150585,0.15670375745240128
0.3,0.25,0.21113840285512797,1.3694402663268463,-0.14466547882051828,1.4594940311716003,0.24452741694142555,1.5117145465767403,-0.14466547882051828,0.1695126227937116,1.1746047779036994,-0.1363335643904977,0.1246778219041016,0.9926978374880231,0.170900422624734
0.3,0.3,0.21976159279325613,1.3489294062342692,-0.15893892080568306,1.3826795329882364,0.25882229082309816,1.485009997483608,-0.15893892080568306,0.1713048376314954,1.1572863312993402,-0.15064544674966118,0.12603936752310507,0.9787723692923396,0.1780417499885925
0.3,0.35,0.22244505747880305,1.3500543138619414,-0.1598188082700832,1.391857816277078,0.26406283486616355,1.490588918158628,-0.1598188082700832,0.17093128750821696,1.150900019674049,-0.1478768251897017,0.12575561860846474,0.9733254528029579,0.17945897289508456
0.3,0.4,0.22077227821166012,1.339797723838071,-0.16271622385523654,1.3567932747018159,0.2609897242097925,1.4731443875434136,-0.16271622385523654,0.17093128750821696,1.150900019674049,-0.1478768251897017,0.12575561860846474,0.9733254528029579,0.17958262893087068
0.3,0.6,0.22077227821166012,1.339797723838071,-0.16271622385523654,1.3567932747018159,0.2609897242097925,1.4731443875434136,-0.16271622385523654,0.17093128750821696,1.150900019674049,-0.1478768251897017,0.12575561860846474,0.9733254528029579,0.17958262893087068
0.45,0.2,0.22686949002022216,1.4486679055118685,-0.14709305806632378,1.5423534801888983,0.2438360976845968,1.5436434882773233,-0.13804922426434874,0.2053897394936468,1.3265910846477755,-0.1470930580663241,0.14903461188064537,1.1085848351550627,0.17621636405654992
0.45,0.25,0.26711931744727013,1.4297178384067886,-0.16530531668632742,1.6159148586499388,0.285896882326935,1.5124190078237396,-0.16159439191628533,0.2433733778432201,1.3227552645206389,-0.16530531668632753,0.1774778786679334,1.1162289106656347,0.20950595670612876
0.45,0.3,0.2988798690486303,1.4204872685974628,-0.17377476465050645,1.7199267664078475,0.3315246919695687,1.5344148208840325,-0.17098974807426814,0.25807147818491516,1.2707438293787734,-0.17377476465050679,0.18931737449539665,1.0805405098011989,0.2347020716161209
0.45,0.35,0.3182868608620222,1.3929027987226643,-0.19090652622123971,1.6672392880543154,0.3615037681375002,1.5176202418188944,-0.19090652622123971,0.2647191080068869,1.2255031584861205,-0.18389145437972265,0.19427993144526368,1.0438402210512017,0.25212468858871445
0.45,0.4,0.32498403021872924,1.3552661710965226,-0.20204325545715485,1.6084873978267744,0.3788968107886723,1.4904427963525508,-0.20204325545715485,0.2587376584322434,1.169603770811439,-0.1923052008831283,0.18981493039451114,0.9959118873411993,0.2621036866329593
0.45,0.6,0.3429232764689203,1.371482746700879,-0.20897388590073784,1.6409862648187923,0.41585636885515087,1.5357625488215167,-0.20897388590073784,0.25462447387895426,1.1400753271309594,-0.19668856251857747,0.18674195813546568,0.9704501948391759,0.26903957431670517
0.6,0.2,0.23191908044343057,1.4081946014061073,-0.1633281671960639,1.4199576498340798,0.22732446141132145,1.4120071499247135,-0.1633281671960639,0.23785317362126324,1.4039722562685453,-0.15822804887986974,0.16401643232961582,1.1222147292266949,0.18494437192514
0.6,0.25,0.28267154423360075,1.4275898228064798,-0.18594354686420078,1.5202008835511933,0.2870680110426811,1.4629687017131352,-0.17230227535623766,0.27703964085805444,1.3832835482405474,-0.18594354686420078,0.19295870751568733,1.1234512464753963,0.22169834781150016
0.6,0.3,0.32528509171914965,1.4262888588195717,-0.20354790226388586,1.5980763648324898,0.3390664509327028,1.4870367470003107,-0.19169488817895652,0.30777018666271894,1.3495164385434937,-0.20354790226388542,0.21627133814321176,1.1101211389566996,0.25466119451460767
0.6,0.35,0.35105879911703486,1.3817730672438493,-0.21840151914260786,1.60740090314027,0.3768289183951965,1.463419476508415,-0.2032919846051099,0.31862549354361924,1.2767287119855917,-0.21840151914260775,0.2242412051475835,1.0546733671755757,0.28552551626079625
0.6,0.4,0.38871746458357226,1.3954223568086157,-0.22785776299099691,1.7059654210637152,0.42682498966767746,1.486220599018444,-0.22785776299099691,0.34120243059898137,1.2754092620591224,-0.22768784283104282,0.24077307548293447,1.0589685418259949,0.30872052029810915
0.6,0.6,0.42783872973534454,1.3374987443795556,-0.2871366767540233,1.490017696700774,0.501247434833699,1.455816139715025,-0.2871366767540233,0.3386848687250805,1.1728126812898645,-0.2557932043977946,0.23893251140487815,0.975506029110035,0.34651235588676044
0.8,0.2,0.2421390050660892,1.4008524245346117,-0.1763172494589922,1.3733143286267395,0.23009973385616145,1.367006492407781,-0.1763172494589922,0.25779518989168326,1.4427495138254167,-0.16954018856038222,0.17463153143980548,1.1341189220431487,0.19455915982038274
0.8,0.25,0.298733837359191,1.432983189206987,-0.20097453069927151,1.4864263462627598,0.29126810142526005,1.4247233406748638,-0.20097453069927151,0.3083984540597313,1.4432882343785443,-0.19273489582285286,0.2117357712760699,1.1588544186987932,0.23294956178686604
0.8,0.3,0.34652349123586856,1.4364280911159901,-0.21046768219154732,1.646445134129887,0.34759666627430685,1.4558851683205887,-0.20999808709113232,0.3451446161906979,1.4119401167506616,-0.21046768219154677,0.239179346112236,1.1500781473315025,0.2679139300281455
0.8,0.35,0.3692670871505097,1.3763125116870358,-0.23410558240968915,1.577352762585069,0.3780850548182759,1.405561385144445,-0.23410558240968915,0.3580098386480173,1.3384808374708104,-0.22581659981477442,0.24840412990358107,1.095283298145655,0.3022018113277701
0.8,0.4,0.4060289253112428,1.3765751873529495,-0.24498069606562056,1.6573915081149244,0.4347880911704127,1.4389256167900841,-0.24498069606562056,0.36988961517458696,1.2942776968304148,-0.24395559080658424,0.257001240517166,1.0631815158922167,0.33044731462591825
0.8,0.6,0.4728190692577223,1.3125660691801764,-0.33470050589329847,1.4126631449085878,0.5345801275584443,1.384132964828197,-0.33470050589329847,0.3970323754142391,1.2140495811258154,-0.298369805217761,0.2766391135618942,1.0051302181686672,0.39907353091067665
1.0,0.2,0.24457358413935326,1.3708353732954544,-0.18520270332841882,1.3205724308767375,0.2237363481137138,1.2889564735083552,-0.18520270332841882,0.27189320668728256,1.472533941583295,-0.1785991432521874,0.17981904189396647,1.1302542182555535,0.1998323532456612
1.0,0.25,0.29913527019058805,1.3994961804225987,-0.22107491632502574,1.3530945760974415,0.28290347579127517,1.3549870426215624,-0.22107491632502574,0.3203120304298501,1.4547618402554394,-0.19898508913589685,0.21625737641143927,1.1494868692673963,0.23865525760063924
1.0,0.3,0.34610461820489347,1.3966793569851474,-0.23434027211022346,1.4769318781114196,0.34004821760866544,1.3849793347862307,-0.23434027211022346,0.3539335609138037,1.4110855692034627,-0.22218061883589024,0.24010725975416336,1.127800001817509,0.2760893737854454
1.0,0.35,0.37472013182961517,1.3632943975003733,-0.25486771821606113,1.470253410092331,0.37662894187886553,1.3678005038636265,-0.25486771821606113,0.3722692421163758,1.3569932169723342,-0.2478465033503099,0.2532258034462964,1.0920203898140142,0.30951281803271835
1.0,0.4,0.4091833205831672,1.357013933347856,-0.2648277494862026,1.5450923152012266,0.4301011327935229,1.394123425229172,-0.2648277494862026,0.3827315826433899,1.3076597370791225,-0.24770579582943864,0.2606362975222303,1.0566358243956064,0.3391829552971467
1.0,0.6,0.48424029429421944,1.3006842480493466,-0.3416526537511754,1.4173467964539512,0.547799432018901,1.371568331370667,-0.3416526537511754,0.4063230085078602,1.2031064597835732,-0.31948070761601965,0.2774800219750395,0.9812087677745887,0.419042512264061
1.5,0.2,0.244715927222956,1.3160945611821773,-0.208659091167124,1.1728026124054787,0.22298526576820699,1.213144943844489,-0.208659091167124,0.27323066389402895,1.4493226434669528,-0.1843222804581579,0.17078234158389272,1.0469701615683826,0.207311874956762
1.5,0.25,0.2953055053002023,1.3333098986747998,-0.22192190449218108,1.3306730850924484,0.2779269955779944,1.2686980980477605,-0.22192190449218108,0.3180025656437915,1.4160267640539679,-0.2075327863726375,0.20017968443014822,1.0446004827052509,0.24731556793410242
1.5,0.3,0.3399840431230694,1.33641560985786,-0.2536412112228261,1.3404132612518962,0.3235227557732634,1.274457835432255,-0.2536412112228261,0.3614549980190218,1.4177197718058707,-0.2180659876562251,0.2312441079329366,1.071379851941489,0.2858197716140024
1.5,0.35,0.38080286643089156,1.3399007130339486,-0.26629959139399706,1.4299791615807775,0.3711956745269005,1.297139820048361,-0.26629959139399706,0.39325697810234783,1.3970353794758466,-0.24521846627589183,0.25377832377040055,1.0719439262822004,0.3211707422848681
1.5,0.4,0.4224954837676278,1.345541582606369,-0.2864377458690682,1.474999331829514,0.43771927618728257,1.3509134330526082,-0.2864377458690682,0.40315400684875713,1.339489151885395,-0.2548875381751855,0.260630715191146,1.0345467529609211,0.35402680777566087
1.5,0.6,0.4827182767817977,1.2512522794975007,-0.37811802736492184,1.2766338599241822,0.5288323450723134,1.2817674172728692,-0.37811802736492184,0.4254530634001987,1.2130616766387041,-0.3073879484960481,0.27593499310035985,0.9501992367831164,0.44271052535121647
