asset_vol,target_vol,cagr,sharpe,maxdd,vol,avg_exposure,flat_share,sh_2023,cagr_2023,dd_2023,cagr_1822,sh_1822
0.3,0.4,0.22077227821166012,1.339797723838071,-0.16271622385523654,0.15824504648461646,0.19073369777338292,0.4151544094237504,1.150900019674049,0.17093128750821696,-0.1478768251897017,0.2609897242097925,1.4731443875434136
0.45,0.4,0.32498403021872924,1.3552661710965226,-0.20204325545715485,0.22654416228620586,0.2783791398826808,0.39605221267112384,1.169603770811439,0.2587376584322434,-0.1923052008831283,0.3788968107886723,1.4904427963525508
0.6,0.4,0.38871746458357226,1.3954223568086157,-0.22785776299099691,0.2593440700574171,0.32788134341451763,0.3763132760267431,1.2754092620591224,0.34120243059898137,-0.22768784283104282,0.42682498966767746,1.486220599018444
0.8,0.4,0.4060289253112428,1.3765751873529495,-0.24498069606562056,0.27485831471432354,0.3509544964137787,0.3664438077045527,1.2942776968304148,0.36988961517458696,-0.24395559080658424,0.4347880911704127,1.4389256167900841
1.0,0.4,0.4091833205831672,1.357013933347856,-0.2648277494862026,0.2818628680340739,0.36023151181536206,0.36262336835402736,1.3076597370791225,0.3827315826433899,-0.24770579582943864,0.4301011327935229,1.394123425229172
1.5,0.4,0.4224954837676278,1.345541582606369,-0.2864377458690682,0.2937404789786169,0.3759972178288878,0.3533906399235912,1.339489151885395,0.40315400684875713,-0.2548875381751855,0.43771927618728257,1.3509134330526082
0.3,0.6,0.22077227821166012,1.339797723838071,-0.16271622385523654,0.15824504648461646,0.19073369777338292,0.4151544094237504,1.150900019674049,0.17093128750821696,-0.1478768251897017,0.2609897242097925,1.4731443875434136
0.45,0.6,0.3429232764689203,1.371482746700879,-0.20897388590073784,0.23511686771574977,0.2857434156425562,0.3938236230499841,1.1400753271309594,0.25462447387895426,-0.19668856251857747,0.41585636885515087,1.5357625488215167
0.6,0.6,0.42783872973534454,1.3374987443795556,-0.2871366767540233,0.2998331217409771,0.3680314197448251,0.37599490608086594,1.1728126812898645,0.3386848687250805,-0.2557932043977946,0.501247434833699,1.455816139715025
0.8,0.6,0.4728190692577223,1.3125660691801764,-0.33470050589329847,0.3385275542470838,0.42385083170241494,0.3664438077045527,1.2140495811258154,0.3970323754142391,-0.298369805217761,0.5345801275584443,1.384132964828197
1.0,0.6,0.48424029429421944,1.3006842480493466,-0.3416526537511754,0.350768231879389,0.4450571423698009,0.3603947787328876,1.2031064597835732,0.4063230085078602,-0.31948070761601965,0.547799432018901,1.371568331370667
1.5,0.6,0.4827182767817977,1.2512522794975007,-0.37811802736492184,0.36898860450622073,0.47019324400539164,0.3508436803565743,1.2130616766387041,0.4254530634001987,-0.3073879484960481,0.5288323450723134,1.2817674172728692
