start,end,days,BTC,ETH,baseline,exposure,S1,GLD,S2,S3
2018-03-24,2018-03-26,3,-0.08583922508690134,-0.10686334088356075,0.0,0.0,0.0,0.005250357853935794,0.004747732675008942,0.004747732675008942
2018-04-03,2018-04-03,1,0.04949121315192739,0.07780807687313329,0.0,0.0,0.0,-0.007543604183229413,-0.008043604183229469,-0.008043604183229469
2018-10-12,2018-10-12,1,0.007249691332356756,0.02808226328426766,0.0,0.0,0.0,-0.004750349180877911,-0.005250349180877967,-0.005250349180877967
2018-10-16,2018-10-16,1,0.0010025916327287554,0.0032650776622045186,-0.00225465402013858,0.04470897786290652,-9.984904827575747e-05,-0.0017241116227775244,-0.004379327885608686,-0.002323960671053227
2018-10-23,2018-11-06,15,-0.009434449644441734,0.06807954710407893,0.0,0.0,0.0,0.0028519733269880554,0.0022080233425036955,0.0022080233425036955
2018-11-13,2018-11-30,18,-0.3737368415343396,-0.4657804499976512,0.0,0.0,0.0,0.016540534865781886,0.016071150831392877,0.016071150831392877
2018-12-05,2019-01-31,58,-0.13096840805336452,-0.03183554666181576,0.0,0.0,0.0,0.06514683294473045,0.06536313393060178,0.06536313393060178
2019-06-01,2019-06-04,4,-0.10145762711864392,-0.09895483389324378,-0.04748711154518026,0.44387854737604043,-0.0004294765267132128,0.014757152905238602,-0.03945897062851378,0.013818636745998036
2019-08-15,2019-08-15,1,0.024233933676073516,0.004970603955104291,0.004883070697714986,0.20429279634416797,-0.00025899970464127176,0.0066549698650941735,0.009780624557655049,0.005895970160452846
2020-02-28,2020-03-02,4,0.010430444248748616,0.01835023486544607,0.003276134717529189,0.3966684800569702,-0.00046909995300936647,-0.03116885098544031,-0.015165270408608822,-0.03233742505557502
2020-03-04,2020-03-04,1,-0.0010502199183338723,0.0015631280425170146,0.00010381929599234674,0.45534349531605856,-0.00043212545946669234,0.0017545277375516921,0.000787105988556247,0.0008224022780849438
2020-03-06,2020-05-18,74,0.07501645557877268,-0.05898064629126909,-0.04673591014994383,0.14654042212935153,-0.0004590633058092486,0.03301794886576492,-0.013149415401187747,0.03373744801845868
2020-05-20,2020-05-20,1,-0.027016437983413688,-0.0214372262093393,-0.012107298056278748,0.48383872221240753,-0.00047972464196932574,0.0023742810342795018,-0.011139866762691963,0.00139455639231012
2022-01-22,2022-01-24,3,0.0059003476716208425,-0.0501761968732356,0.0,0.0,0.0,0.005494198734739664,0.0049914516353724014,0.0049914516353724014
2022-01-26,2022-01-28,3,0.020516084064426954,0.035041056112053104,0.0,0.0,0.0,-0.031753364638990034,-0.0319574341914578,-0.0319574341914578
2022-02-15,2022-02-15,1,0.04722876701443535,0.08661831214267424,0.0,0.0,0.0,-0.009499848975192515,-0.00999984897519246,-0.00999984897519246
2022-02-18,2022-03-17,28,0.009927015946904483,-0.027646470968612613,0.0,0.0,0.0,0.02053596270605662,0.019972406161295364,0.019972406161295364
2022-04-12,2022-04-13,2,0.040913776595004725,0.046493989408471936,0.0035009155334051467,0.0765314568307322,-7.529823914764755e-05,0.012502049900433354,0.014638576610193743,0.011961018292075298
2022-04-15,2022-04-19,5,0.038825928750364946,0.026403219081528873,-0.0014045728105107624,0.04696818420204476,-5.475331024118457e-05,-0.01206251925070756,-0.013927223493031327,-0.012657507340620322
2022-04-22,2022-08-10,111,-0.4082498991477532,-0.3787429866133971,0.0,0.0,0.0,-0.08392836968142336,-0.08375874079355328,-0.08375874079355328
2022-08-23,2022-08-25,3,0.007439778727214019,0.04336291901074674,0.0,0.0,0.0,0.013053703404596106,0.01260230173499699,0.01260230173499699
2022-08-27,2022-11-23,89,-0.17973079459810637,-0.2146030314683922,-0.015028743254087651,0.01953072533502975,0.0,0.008160282944142061,-0.00774563976253384,0.010007159559122014
2022-11-29,2022-11-30,2,0.058640305781010316,0.10848882913587432,0.0,0.0,0.0,0.017785493812618736,0.01734253138081443,0.01734253138081443
2022-12-06,2022-12-13,8,0.04764430770318917,0.048657704798278356,0.0,0.0,0.0,0.025062322114996816,0.024628665370439062,0.024628665370439062
2022-12-15,2023-01-13,30,0.11946537550939085,0.10995533255828138,0.03894753804794804,0.04395308811443372,0.0,0.06341456285704083,0.0901091526443829,0.06323462776855404
2023-01-18,2023-01-23,6,0.08429884157936618,0.03878459602572848,0.04034935476753754,0.6523157769713586,-0.0005801516787640182,0.011487181637418686,0.044956703397452724,0.01032066631411932
2023-02-22,2023-02-23,2,-0.02093720963710366,-0.005561044970357143,-0.011365626705768461,0.818131525679149,-0.000831400770550994,-0.0061539551225962,-0.012659329180968237,-0.007481685839346608
2023-02-25,2023-03-03,7,-0.03583953446344634,-0.023852469212588545,-0.03242605579830449,0.8273810989186613,-0.0008177072864656854,0.024591620074565723,-0.027631206042601386,0.023449967261899962
2023-03-08,2023-03-29,22,0.27708131738231767,0.14796153550667057,0.07410208091964976,0.49023524929555234,-0.0005111605220793347,0.08249320403812255,0.12641237718085585,0.08155801988824374
2023-10-04,2023-10-06,3,0.01839938511933381,-0.007151996523586668,-0.0002090684827251721,0.008794309355743496,0.0,0.0031922042707650533,0.0024721820904909375,0.0026807384194964534
2023-10-21,2023-11-02,13,0.17771218751938056,0.12277026479372033,0.09113230694989727,0.6388128273157248,-0.0006167162952339655,0.0028868608849548227,0.09232923852723718,0.001645607840634833
2025-03-11,2025-03-24,14,0.11326678020954306,0.1158651010669669,0.0,0.0,0.0,0.04213648735162012,0.042626715842560614,0.042626715842560614
2025-03-27,2025-05-02,37,0.114809173761526,-0.08326366495481541,0.018346748698233828,0.1039674515857887,0.0,0.07094602301892405,0.10734716435321712,0.06938683879883545
2025-05-07,2025-05-08,2,0.06637729178237173,0.21485415520088047,0.03510065268930607,0.5313631360389155,-0.0005287882621004547,-0.03439205567919745,0.01845108069311885,-0.035110036173382375
2026-03-21,2026-04-06,17,-0.0235009621939809,-0.018199439013707353,0.0,0.0,0.0,0.03452026911102579,0.03284344257774641,0.03284344257774641
